[0.609s] DEBUG:colcon:Command line arguments: ['/usr/bin/colcon', 'build', '--symlink-install', '--packages-up-to', 'gestelt_bringup']
[0.610s] DEBUG:colcon:Parsed command line arguments: Namespace(log_base=None, log_level=None, verb_name='build', build_base='build', install_base='install', merge_install=False, symlink_install=True, test_result_base=None, continue_on_error=False, executor='parallel', parallel_workers=8, event_handlers=None, ignore_user_meta=False, metas=['./colcon.meta'], base_paths=['.'], packages_ignore=None, packages_ignore_regex=None, paths=None, packages_up_to=['gestelt_bringup'], packages_up_to_regex=None, packages_above=None, packages_above_and_dependencies=None, packages_above_depth=None, packages_select_by_dep=None, packages_skip_by_dep=None, packages_skip_up_to=None, packages_select_build_failed=False, packages_skip_build_finished=False, packages_select_test_failures=False, packages_skip_test_passed=False, packages_select=None, packages_skip=None, packages_select_regex=None, packages_skip_regex=None, packages_start=None, packages_end=None, allow_overriding=[], cmake_args=None, cmake_target=None, cmake_target_skip_unavailable=False, cmake_clean_cache=False, cmake_clean_first=False, cmake_force_configure=False, ament_cmake_args=None, catkin_cmake_args=None, catkin_skip_building_tests=False, mixin_files=None, mixin=None, verb_parser=<colcon_mixin.mixin.mixin_argument.MixinArgumentDecorator object at 0xffff7ee5fd90>, verb_extension=<colcon_core.verb.build.BuildVerb object at 0xffff7ee5f8e0>, main=<bound method BuildVerb.main of <colcon_core.verb.build.BuildVerb object at 0xffff7ee5f8e0>>, mixin_verb=('build',))
[1.253s] Level 1:colcon.colcon_core.package_discovery:discover_packages(colcon_meta) check parameters
[1.253s] Level 1:colcon.colcon_core.package_discovery:discover_packages(recursive) check parameters
[1.253s] Level 1:colcon.colcon_core.package_discovery:discover_packages(ignore) check parameters
[1.254s] Level 1:colcon.colcon_core.package_discovery:discover_packages(path) check parameters
[1.254s] Level 1:colcon.colcon_core.package_discovery:discover_packages(colcon_meta) discover
[1.254s] Level 1:colcon.colcon_core.package_discovery:discover_packages(recursive) discover
[1.254s] INFO:colcon.colcon_core.package_discovery:Crawling recursively for packages in '/home/nvidia/gestelt_ws/src/gestelt2'
[1.254s] Level 1:colcon.colcon_core.package_identification:_identify(.) by extensions ['ignore', 'ignore_ament_install']
[1.254s] Level 1:colcon.colcon_core.package_identification:_identify(.) by extension 'ignore'
[1.255s] Level 1:colcon.colcon_core.package_identification:_identify(.) by extension 'ignore_ament_install'
[1.255s] Level 1:colcon.colcon_core.package_identification:_identify(.) by extensions ['colcon_pkg']
[1.255s] Level 1:colcon.colcon_core.package_identification:_identify(.) by extension 'colcon_pkg'
[1.255s] Level 1:colcon.colcon_core.package_identification:_identify(.) by extensions ['colcon_meta']
[1.255s] Level 1:colcon.colcon_core.package_identification:_identify(.) by extension 'colcon_meta'
[1.255s] Level 1:colcon.colcon_core.package_identification:_identify(.) by extensions ['ros']
[1.255s] Level 1:colcon.colcon_core.package_identification:_identify(.) by extension 'ros'
[1.290s] Level 1:colcon.colcon_core.package_identification:_identify(.) by extensions ['cmake', 'python']
[1.290s] Level 1:colcon.colcon_core.package_identification:_identify(.) by extension 'cmake'
[1.290s] Level 1:colcon.colcon_core.package_identification:_identify(.) by extension 'python'
[1.291s] Level 1:colcon.colcon_core.package_identification:_identify(.) by extensions ['python_setup_py']
[1.291s] Level 1:colcon.colcon_core.package_identification:_identify(.) by extension 'python_setup_py'
[1.291s] Level 1:colcon.colcon_core.package_identification:_identify(astar_planner) by extensions ['ignore', 'ignore_ament_install']
[1.291s] Level 1:colcon.colcon_core.package_identification:_identify(astar_planner) by extension 'ignore'
[1.292s] Level 1:colcon.colcon_core.package_identification:_identify(astar_planner) by extension 'ignore_ament_install'
[1.292s] Level 1:colcon.colcon_core.package_identification:_identify(astar_planner) by extensions ['colcon_pkg']
[1.292s] Level 1:colcon.colcon_core.package_identification:_identify(astar_planner) by extension 'colcon_pkg'
[1.292s] Level 1:colcon.colcon_core.package_identification:_identify(astar_planner) by extensions ['colcon_meta']
[1.292s] Level 1:colcon.colcon_core.package_identification:_identify(astar_planner) by extension 'colcon_meta'
[1.292s] Level 1:colcon.colcon_core.package_identification:_identify(astar_planner) by extensions ['ros']
[1.292s] Level 1:colcon.colcon_core.package_identification:_identify(astar_planner) by extension 'ros'
[1.300s] DEBUG:colcon.colcon_core.package_identification:Package 'astar_planner' with type 'ros.ament_cmake' and name 'astar_planner'
[1.300s] Level 1:colcon.colcon_core.package_identification:_identify(build) by extensions ['ignore', 'ignore_ament_install']
[1.300s] Level 1:colcon.colcon_core.package_identification:_identify(build) by extension 'ignore'
[1.300s] Level 1:colcon.colcon_core.package_identification:_identify(build) ignored
[1.301s] Level 1:colcon.colcon_core.package_identification:_identify(docs) by extensions ['ignore', 'ignore_ament_install']
[1.301s] Level 1:colcon.colcon_core.package_identification:_identify(docs) by extension 'ignore'
[1.301s] Level 1:colcon.colcon_core.package_identification:_identify(docs) by extension 'ignore_ament_install'
[1.301s] Level 1:colcon.colcon_core.package_identification:_identify(docs) by extensions ['colcon_pkg']
[1.301s] Level 1:colcon.colcon_core.package_identification:_identify(docs) by extension 'colcon_pkg'
[1.302s] Level 1:colcon.colcon_core.package_identification:_identify(docs) by extensions ['colcon_meta']
[1.302s] Level 1:colcon.colcon_core.package_identification:_identify(docs) by extension 'colcon_meta'
[1.302s] Level 1:colcon.colcon_core.package_identification:_identify(docs) by extensions ['ros']
[1.302s] Level 1:colcon.colcon_core.package_identification:_identify(docs) by extension 'ros'
[1.302s] Level 1:colcon.colcon_core.package_identification:_identify(docs) by extensions ['cmake', 'python']
[1.302s] Level 1:colcon.colcon_core.package_identification:_identify(docs) by extension 'cmake'
[1.302s] Level 1:colcon.colcon_core.package_identification:_identify(docs) by extension 'python'
[1.302s] Level 1:colcon.colcon_core.package_identification:_identify(docs) by extensions ['python_setup_py']
[1.302s] Level 1:colcon.colcon_core.package_identification:_identify(docs) by extension 'python_setup_py'
[1.303s] Level 1:colcon.colcon_core.package_identification:_identify(docs/archive) by extensions ['ignore', 'ignore_ament_install']
[1.304s] Level 1:colcon.colcon_core.package_identification:_identify(docs/archive) by extension 'ignore'
[1.304s] Level 1:colcon.colcon_core.package_identification:_identify(docs/archive) by extension 'ignore_ament_install'
[1.304s] Level 1:colcon.colcon_core.package_identification:_identify(docs/archive) by extensions ['colcon_pkg']
[1.304s] Level 1:colcon.colcon_core.package_identification:_identify(docs/archive) by extension 'colcon_pkg'
[1.304s] Level 1:colcon.colcon_core.package_identification:_identify(docs/archive) by extensions ['colcon_meta']
[1.304s] Level 1:colcon.colcon_core.package_identification:_identify(docs/archive) by extension 'colcon_meta'
[1.304s] Level 1:colcon.colcon_core.package_identification:_identify(docs/archive) by extensions ['ros']
[1.304s] Level 1:colcon.colcon_core.package_identification:_identify(docs/archive) by extension 'ros'
[1.304s] Level 1:colcon.colcon_core.package_identification:_identify(docs/archive) by extensions ['cmake', 'python']
[1.305s] Level 1:colcon.colcon_core.package_identification:_identify(docs/archive) by extension 'cmake'
[1.305s] Level 1:colcon.colcon_core.package_identification:_identify(docs/archive) by extension 'python'
[1.305s] Level 1:colcon.colcon_core.package_identification:_identify(docs/archive) by extensions ['python_setup_py']
[1.305s] Level 1:colcon.colcon_core.package_identification:_identify(docs/archive) by extension 'python_setup_py'
[1.305s] Level 1:colcon.colcon_core.package_identification:_identify(docs/pictures) by extensions ['ignore', 'ignore_ament_install']
[1.305s] Level 1:colcon.colcon_core.package_identification:_identify(docs/pictures) by extension 'ignore'
[1.305s] Level 1:colcon.colcon_core.package_identification:_identify(docs/pictures) by extension 'ignore_ament_install'
[1.306s] Level 1:colcon.colcon_core.package_identification:_identify(docs/pictures) by extensions ['colcon_pkg']
[1.306s] Level 1:colcon.colcon_core.package_identification:_identify(docs/pictures) by extension 'colcon_pkg'
[1.306s] Level 1:colcon.colcon_core.package_identification:_identify(docs/pictures) by extensions ['colcon_meta']
[1.306s] Level 1:colcon.colcon_core.package_identification:_identify(docs/pictures) by extension 'colcon_meta'
[1.306s] Level 1:colcon.colcon_core.package_identification:_identify(docs/pictures) by extensions ['ros']
[1.306s] Level 1:colcon.colcon_core.package_identification:_identify(docs/pictures) by extension 'ros'
[1.306s] Level 1:colcon.colcon_core.package_identification:_identify(docs/pictures) by extensions ['cmake', 'python']
[1.306s] Level 1:colcon.colcon_core.package_identification:_identify(docs/pictures) by extension 'cmake'
[1.306s] Level 1:colcon.colcon_core.package_identification:_identify(docs/pictures) by extension 'python'
[1.306s] Level 1:colcon.colcon_core.package_identification:_identify(docs/pictures) by extensions ['python_setup_py']
[1.307s] Level 1:colcon.colcon_core.package_identification:_identify(docs/pictures) by extension 'python_setup_py'
[1.307s] Level 1:colcon.colcon_core.package_identification:_identify(docs/scripts) by extensions ['ignore', 'ignore_ament_install']
[1.307s] Level 1:colcon.colcon_core.package_identification:_identify(docs/scripts) by extension 'ignore'
[1.307s] Level 1:colcon.colcon_core.package_identification:_identify(docs/scripts) by extension 'ignore_ament_install'
[1.307s] Level 1:colcon.colcon_core.package_identification:_identify(docs/scripts) by extensions ['colcon_pkg']
[1.307s] Level 1:colcon.colcon_core.package_identification:_identify(docs/scripts) by extension 'colcon_pkg'
[1.308s] Level 1:colcon.colcon_core.package_identification:_identify(docs/scripts) by extensions ['colcon_meta']
[1.308s] Level 1:colcon.colcon_core.package_identification:_identify(docs/scripts) by extension 'colcon_meta'
[1.308s] Level 1:colcon.colcon_core.package_identification:_identify(docs/scripts) by extensions ['ros']
[1.308s] Level 1:colcon.colcon_core.package_identification:_identify(docs/scripts) by extension 'ros'
[1.308s] Level 1:colcon.colcon_core.package_identification:_identify(docs/scripts) by extensions ['cmake', 'python']
[1.308s] Level 1:colcon.colcon_core.package_identification:_identify(docs/scripts) by extension 'cmake'
[1.308s] Level 1:colcon.colcon_core.package_identification:_identify(docs/scripts) by extension 'python'
[1.308s] Level 1:colcon.colcon_core.package_identification:_identify(docs/scripts) by extensions ['python_setup_py']
[1.308s] Level 1:colcon.colcon_core.package_identification:_identify(docs/scripts) by extension 'python_setup_py'
[1.309s] Level 1:colcon.colcon_core.package_identification:_identify(gestelt_bringup) by extensions ['ignore', 'ignore_ament_install']
[1.309s] Level 1:colcon.colcon_core.package_identification:_identify(gestelt_bringup) by extension 'ignore'
[1.309s] Level 1:colcon.colcon_core.package_identification:_identify(gestelt_bringup) by extension 'ignore_ament_install'
[1.309s] Level 1:colcon.colcon_core.package_identification:_identify(gestelt_bringup) by extensions ['colcon_pkg']
[1.309s] Level 1:colcon.colcon_core.package_identification:_identify(gestelt_bringup) by extension 'colcon_pkg'
[1.309s] Level 1:colcon.colcon_core.package_identification:_identify(gestelt_bringup) by extensions ['colcon_meta']
[1.309s] Level 1:colcon.colcon_core.package_identification:_identify(gestelt_bringup) by extension 'colcon_meta'
[1.309s] Level 1:colcon.colcon_core.package_identification:_identify(gestelt_bringup) by extensions ['ros']
[1.309s] Level 1:colcon.colcon_core.package_identification:_identify(gestelt_bringup) by extension 'ros'
[1.313s] DEBUG:colcon.colcon_core.package_identification:Package 'gestelt_bringup' with type 'ros.ament_cmake' and name 'gestelt_bringup'
[1.313s] Level 1:colcon.colcon_core.package_identification:_identify(gestelt_commander) by extensions ['ignore', 'ignore_ament_install']
[1.313s] Level 1:colcon.colcon_core.package_identification:_identify(gestelt_commander) by extension 'ignore'
[1.313s] Level 1:colcon.colcon_core.package_identification:_identify(gestelt_commander) by extension 'ignore_ament_install'
[1.313s] Level 1:colcon.colcon_core.package_identification:_identify(gestelt_commander) by extensions ['colcon_pkg']
[1.314s] Level 1:colcon.colcon_core.package_identification:_identify(gestelt_commander) by extension 'colcon_pkg'
[1.314s] Level 1:colcon.colcon_core.package_identification:_identify(gestelt_commander) by extensions ['colcon_meta']
[1.314s] Level 1:colcon.colcon_core.package_identification:_identify(gestelt_commander) by extension 'colcon_meta'
[1.314s] Level 1:colcon.colcon_core.package_identification:_identify(gestelt_commander) by extensions ['ros']
[1.314s] Level 1:colcon.colcon_core.package_identification:_identify(gestelt_commander) by extension 'ros'
[1.315s] DEBUG:colcon.colcon_core.package_identification:Package 'gestelt_commander' with type 'ros.ament_python' and name 'gestelt_commander'
[1.316s] Level 1:colcon.colcon_core.package_identification:_identify(gestelt_controller) by extensions ['ignore', 'ignore_ament_install']
[1.317s] Level 1:colcon.colcon_core.package_identification:_identify(gestelt_controller) by extension 'ignore'
[1.317s] Level 1:colcon.colcon_core.package_identification:_identify(gestelt_controller) by extension 'ignore_ament_install'
[1.317s] Level 1:colcon.colcon_core.package_identification:_identify(gestelt_controller) by extensions ['colcon_pkg']
[1.317s] Level 1:colcon.colcon_core.package_identification:_identify(gestelt_controller) by extension 'colcon_pkg'
[1.317s] Level 1:colcon.colcon_core.package_identification:_identify(gestelt_controller) by extensions ['colcon_meta']
[1.317s] Level 1:colcon.colcon_core.package_identification:_identify(gestelt_controller) by extension 'colcon_meta'
[1.317s] Level 1:colcon.colcon_core.package_identification:_identify(gestelt_controller) by extensions ['ros']
[1.317s] Level 1:colcon.colcon_core.package_identification:_identify(gestelt_controller) by extension 'ros'
[1.321s] DEBUG:colcon.colcon_core.package_identification:Package 'gestelt_controller' with type 'ros.ament_cmake' and name 'gestelt_controller'
[1.321s] Level 1:colcon.colcon_core.package_identification:_identify(gestelt_core) by extensions ['ignore', 'ignore_ament_install']
[1.321s] Level 1:colcon.colcon_core.package_identification:_identify(gestelt_core) by extension 'ignore'
[1.321s] Level 1:colcon.colcon_core.package_identification:_identify(gestelt_core) by extension 'ignore_ament_install'
[1.321s] Level 1:colcon.colcon_core.package_identification:_identify(gestelt_core) by extensions ['colcon_pkg']
[1.322s] Level 1:colcon.colcon_core.package_identification:_identify(gestelt_core) by extension 'colcon_pkg'
[1.322s] Level 1:colcon.colcon_core.package_identification:_identify(gestelt_core) by extensions ['colcon_meta']
[1.322s] Level 1:colcon.colcon_core.package_identification:_identify(gestelt_core) by extension 'colcon_meta'
[1.322s] Level 1:colcon.colcon_core.package_identification:_identify(gestelt_core) by extensions ['ros']
[1.322s] Level 1:colcon.colcon_core.package_identification:_identify(gestelt_core) by extension 'ros'
[1.324s] DEBUG:colcon.colcon_core.package_identification:Package 'gestelt_core' with type 'ros.ament_cmake' and name 'gestelt_core'
[1.325s] Level 1:colcon.colcon_core.package_identification:_identify(gestelt_integration) by extensions ['ignore', 'ignore_ament_install']
[1.325s] Level 1:colcon.colcon_core.package_identification:_identify(gestelt_integration) by extension 'ignore'
[1.325s] Level 1:colcon.colcon_core.package_identification:_identify(gestelt_integration) by extension 'ignore_ament_install'
[1.325s] Level 1:colcon.colcon_core.package_identification:_identify(gestelt_integration) by extensions ['colcon_pkg']
[1.325s] Level 1:colcon.colcon_core.package_identification:_identify(gestelt_integration) by extension 'colcon_pkg'
[1.325s] Level 1:colcon.colcon_core.package_identification:_identify(gestelt_integration) by extensions ['colcon_meta']
[1.325s] Level 1:colcon.colcon_core.package_identification:_identify(gestelt_integration) by extension 'colcon_meta'
[1.325s] Level 1:colcon.colcon_core.package_identification:_identify(gestelt_integration) by extensions ['ros']
[1.325s] Level 1:colcon.colcon_core.package_identification:_identify(gestelt_integration) by extension 'ros'
[1.326s] Level 1:colcon.colcon_core.package_identification:_identify(gestelt_integration) by extensions ['cmake', 'python']
[1.326s] Level 1:colcon.colcon_core.package_identification:_identify(gestelt_integration) by extension 'cmake'
[1.326s] Level 1:colcon.colcon_core.package_identification:_identify(gestelt_integration) by extension 'python'
[1.326s] Level 1:colcon.colcon_core.package_identification:_identify(gestelt_integration) by extensions ['python_setup_py']
[1.326s] Level 1:colcon.colcon_core.package_identification:_identify(gestelt_integration) by extension 'python_setup_py'
[1.326s] Level 1:colcon.colcon_core.package_identification:_identify(gestelt_integration/avetics) by extensions ['ignore', 'ignore_ament_install']
[1.327s] Level 1:colcon.colcon_core.package_identification:_identify(gestelt_integration/avetics) by extension 'ignore'
[1.327s] Level 1:colcon.colcon_core.package_identification:_identify(gestelt_integration/avetics) by extension 'ignore_ament_install'
[1.327s] Level 1:colcon.colcon_core.package_identification:_identify(gestelt_integration/avetics) by extensions ['colcon_pkg']
[1.327s] Level 1:colcon.colcon_core.package_identification:_identify(gestelt_integration/avetics) by extension 'colcon_pkg'
[1.327s] Level 1:colcon.colcon_core.package_identification:_identify(gestelt_integration/avetics) by extensions ['colcon_meta']
[1.327s] Level 1:colcon.colcon_core.package_identification:_identify(gestelt_integration/avetics) by extension 'colcon_meta'
[1.327s] Level 1:colcon.colcon_core.package_identification:_identify(gestelt_integration/avetics) by extensions ['ros']
[1.327s] Level 1:colcon.colcon_core.package_identification:_identify(gestelt_integration/avetics) by extension 'ros'
[1.327s] Level 1:colcon.colcon_core.package_identification:_identify(gestelt_integration/avetics) by extensions ['cmake', 'python']
[1.327s] Level 1:colcon.colcon_core.package_identification:_identify(gestelt_integration/avetics) by extension 'cmake'
[1.328s] Level 1:colcon.colcon_core.package_identification:_identify(gestelt_integration/avetics) by extension 'python'
[1.328s] Level 1:colcon.colcon_core.package_identification:_identify(gestelt_integration/avetics) by extensions ['python_setup_py']
[1.328s] Level 1:colcon.colcon_core.package_identification:_identify(gestelt_integration/avetics) by extension 'python_setup_py'
[1.328s] Level 1:colcon.colcon_core.package_identification:_identify(gestelt_integration/avetics/images) by extensions ['ignore', 'ignore_ament_install']
[1.328s] Level 1:colcon.colcon_core.package_identification:_identify(gestelt_integration/avetics/images) by extension 'ignore'
[1.328s] Level 1:colcon.colcon_core.package_identification:_identify(gestelt_integration/avetics/images) by extension 'ignore_ament_install'
[1.328s] Level 1:colcon.colcon_core.package_identification:_identify(gestelt_integration/avetics/images) by extensions ['colcon_pkg']
[1.329s] Level 1:colcon.colcon_core.package_identification:_identify(gestelt_integration/avetics/images) by extension 'colcon_pkg'
[1.329s] Level 1:colcon.colcon_core.package_identification:_identify(gestelt_integration/avetics/images) by extensions ['colcon_meta']
[1.329s] Level 1:colcon.colcon_core.package_identification:_identify(gestelt_integration/avetics/images) by extension 'colcon_meta'
[1.329s] Level 1:colcon.colcon_core.package_identification:_identify(gestelt_integration/avetics/images) by extensions ['ros']
[1.329s] Level 1:colcon.colcon_core.package_identification:_identify(gestelt_integration/avetics/images) by extension 'ros'
[1.329s] Level 1:colcon.colcon_core.package_identification:_identify(gestelt_integration/avetics/images) by extensions ['cmake', 'python']
[1.329s] Level 1:colcon.colcon_core.package_identification:_identify(gestelt_integration/avetics/images) by extension 'cmake'
[1.329s] Level 1:colcon.colcon_core.package_identification:_identify(gestelt_integration/avetics/images) by extension 'python'
[1.329s] Level 1:colcon.colcon_core.package_identification:_identify(gestelt_integration/avetics/images) by extensions ['python_setup_py']
[1.329s] Level 1:colcon.colcon_core.package_identification:_identify(gestelt_integration/avetics/images) by extension 'python_setup_py'
[1.330s] Level 1:colcon.colcon_core.package_identification:_identify(gestelt_integration/avetics/packages) by extensions ['ignore', 'ignore_ament_install']
[1.330s] Level 1:colcon.colcon_core.package_identification:_identify(gestelt_integration/avetics/packages) by extension 'ignore'
[1.330s] Level 1:colcon.colcon_core.package_identification:_identify(gestelt_integration/avetics/packages) by extension 'ignore_ament_install'
[1.330s] Level 1:colcon.colcon_core.package_identification:_identify(gestelt_integration/avetics/packages) by extensions ['colcon_pkg']
[1.330s] Level 1:colcon.colcon_core.package_identification:_identify(gestelt_integration/avetics/packages) by extension 'colcon_pkg'
[1.330s] Level 1:colcon.colcon_core.package_identification:_identify(gestelt_integration/avetics/packages) by extensions ['colcon_meta']
[1.330s] Level 1:colcon.colcon_core.package_identification:_identify(gestelt_integration/avetics/packages) by extension 'colcon_meta'
[1.330s] Level 1:colcon.colcon_core.package_identification:_identify(gestelt_integration/avetics/packages) by extensions ['ros']
[1.330s] Level 1:colcon.colcon_core.package_identification:_identify(gestelt_integration/avetics/packages) by extension 'ros'
[1.331s] Level 1:colcon.colcon_core.package_identification:_identify(gestelt_integration/avetics/packages) by extensions ['cmake', 'python']
[1.331s] Level 1:colcon.colcon_core.package_identification:_identify(gestelt_integration/avetics/packages) by extension 'cmake'
[1.331s] Level 1:colcon.colcon_core.package_identification:_identify(gestelt_integration/avetics/packages) by extension 'python'
[1.331s] Level 1:colcon.colcon_core.package_identification:_identify(gestelt_integration/avetics/packages) by extensions ['python_setup_py']
[1.331s] Level 1:colcon.colcon_core.package_identification:_identify(gestelt_integration/avetics/packages) by extension 'python_setup_py'
[1.331s] Level 1:colcon.colcon_core.package_identification:_identify(gestelt_integration/avetics/packages/depth2pcl) by extensions ['ignore', 'ignore_ament_install']
[1.331s] Level 1:colcon.colcon_core.package_identification:_identify(gestelt_integration/avetics/packages/depth2pcl) by extension 'ignore'
[1.332s] Level 1:colcon.colcon_core.package_identification:_identify(gestelt_integration/avetics/packages/depth2pcl) by extension 'ignore_ament_install'
[1.332s] Level 1:colcon.colcon_core.package_identification:_identify(gestelt_integration/avetics/packages/depth2pcl) by extensions ['colcon_pkg']
[1.332s] Level 1:colcon.colcon_core.package_identification:_identify(gestelt_integration/avetics/packages/depth2pcl) by extension 'colcon_pkg'
[1.332s] Level 1:colcon.colcon_core.package_identification:_identify(gestelt_integration/avetics/packages/depth2pcl) by extensions ['colcon_meta']
[1.332s] Level 1:colcon.colcon_core.package_identification:_identify(gestelt_integration/avetics/packages/depth2pcl) by extension 'colcon_meta'
[1.332s] Level 1:colcon.colcon_core.package_identification:_identify(gestelt_integration/avetics/packages/depth2pcl) by extensions ['ros']
[1.332s] Level 1:colcon.colcon_core.package_identification:_identify(gestelt_integration/avetics/packages/depth2pcl) by extension 'ros'
[1.333s] DEBUG:colcon.colcon_core.package_identification:Package 'gestelt_integration/avetics/packages/depth2pcl' with type 'ros.ament_cmake' and name 'depth2pcl'
[1.334s] Level 1:colcon.colcon_core.package_identification:_identify(gestelt_integration/avetics/packages/ray_vilota_bridge) by extensions ['ignore', 'ignore_ament_install']
[1.334s] Level 1:colcon.colcon_core.package_identification:_identify(gestelt_integration/avetics/packages/ray_vilota_bridge) by extension 'ignore'
[1.334s] Level 1:colcon.colcon_core.package_identification:_identify(gestelt_integration/avetics/packages/ray_vilota_bridge) by extension 'ignore_ament_install'
[1.334s] Level 1:colcon.colcon_core.package_identification:_identify(gestelt_integration/avetics/packages/ray_vilota_bridge) by extensions ['colcon_pkg']
[1.334s] Level 1:colcon.colcon_core.package_identification:_identify(gestelt_integration/avetics/packages/ray_vilota_bridge) by extension 'colcon_pkg'
[1.334s] Level 1:colcon.colcon_core.package_identification:_identify(gestelt_integration/avetics/packages/ray_vilota_bridge) by extensions ['colcon_meta']
[1.334s] Level 1:colcon.colcon_core.package_identification:_identify(gestelt_integration/avetics/packages/ray_vilota_bridge) by extension 'colcon_meta'
[1.335s] Level 1:colcon.colcon_core.package_identification:_identify(gestelt_integration/avetics/packages/ray_vilota_bridge) by extensions ['ros']
[1.335s] Level 1:colcon.colcon_core.package_identification:_identify(gestelt_integration/avetics/packages/ray_vilota_bridge) by extension 'ros'
[1.336s] DEBUG:colcon.colcon_core.package_identification:Package 'gestelt_integration/avetics/packages/ray_vilota_bridge' with type 'ros.ament_python' and name 'vilota_bridge'
[1.337s] Level 1:colcon.colcon_core.package_identification:_identify(gestelt_integration/avetics/startup_scripts) by extensions ['ignore', 'ignore_ament_install']
[1.337s] Level 1:colcon.colcon_core.package_identification:_identify(gestelt_integration/avetics/startup_scripts) by extension 'ignore'
[1.337s] Level 1:colcon.colcon_core.package_identification:_identify(gestelt_integration/avetics/startup_scripts) by extension 'ignore_ament_install'
[1.337s] Level 1:colcon.colcon_core.package_identification:_identify(gestelt_integration/avetics/startup_scripts) by extensions ['colcon_pkg']
[1.337s] Level 1:colcon.colcon_core.package_identification:_identify(gestelt_integration/avetics/startup_scripts) by extension 'colcon_pkg'
[1.338s] Level 1:colcon.colcon_core.package_identification:_identify(gestelt_integration/avetics/startup_scripts) by extensions ['colcon_meta']
[1.338s] Level 1:colcon.colcon_core.package_identification:_identify(gestelt_integration/avetics/startup_scripts) by extension 'colcon_meta'
[1.338s] Level 1:colcon.colcon_core.package_identification:_identify(gestelt_integration/avetics/startup_scripts) by extensions ['ros']
[1.338s] Level 1:colcon.colcon_core.package_identification:_identify(gestelt_integration/avetics/startup_scripts) by extension 'ros'
[1.338s] Level 1:colcon.colcon_core.package_identification:_identify(gestelt_integration/avetics/startup_scripts) by extensions ['cmake', 'python']
[1.338s] Level 1:colcon.colcon_core.package_identification:_identify(gestelt_integration/avetics/startup_scripts) by extension 'cmake'
[1.338s] Level 1:colcon.colcon_core.package_identification:_identify(gestelt_integration/avetics/startup_scripts) by extension 'python'
[1.338s] Level 1:colcon.colcon_core.package_identification:_identify(gestelt_integration/avetics/startup_scripts) by extensions ['python_setup_py']
[1.338s] Level 1:colcon.colcon_core.package_identification:_identify(gestelt_integration/avetics/startup_scripts) by extension 'python_setup_py'
[1.339s] Level 1:colcon.colcon_core.package_identification:_identify(gestelt_integration/docker) by extensions ['ignore', 'ignore_ament_install']
[1.339s] Level 1:colcon.colcon_core.package_identification:_identify(gestelt_integration/docker) by extension 'ignore'
[1.339s] Level 1:colcon.colcon_core.package_identification:_identify(gestelt_integration/docker) by extension 'ignore_ament_install'
[1.339s] Level 1:colcon.colcon_core.package_identification:_identify(gestelt_integration/docker) by extensions ['colcon_pkg']
[1.339s] Level 1:colcon.colcon_core.package_identification:_identify(gestelt_integration/docker) by extension 'colcon_pkg'
[1.339s] Level 1:colcon.colcon_core.package_identification:_identify(gestelt_integration/docker) by extensions ['colcon_meta']
[1.339s] Level 1:colcon.colcon_core.package_identification:_identify(gestelt_integration/docker) by extension 'colcon_meta'
[1.339s] Level 1:colcon.colcon_core.package_identification:_identify(gestelt_integration/docker) by extensions ['ros']
[1.340s] Level 1:colcon.colcon_core.package_identification:_identify(gestelt_integration/docker) by extension 'ros'
[1.340s] Level 1:colcon.colcon_core.package_identification:_identify(gestelt_integration/docker) by extensions ['cmake', 'python']
[1.340s] Level 1:colcon.colcon_core.package_identification:_identify(gestelt_integration/docker) by extension 'cmake'
[1.340s] Level 1:colcon.colcon_core.package_identification:_identify(gestelt_integration/docker) by extension 'python'
[1.340s] Level 1:colcon.colcon_core.package_identification:_identify(gestelt_integration/docker) by extensions ['python_setup_py']
[1.340s] Level 1:colcon.colcon_core.package_identification:_identify(gestelt_integration/docker) by extension 'python_setup_py'
[1.340s] Level 1:colcon.colcon_core.package_identification:_identify(gestelt_integration/docker/gestelt_base) by extensions ['ignore', 'ignore_ament_install']
[1.341s] Level 1:colcon.colcon_core.package_identification:_identify(gestelt_integration/docker/gestelt_base) by extension 'ignore'
[1.341s] Level 1:colcon.colcon_core.package_identification:_identify(gestelt_integration/docker/gestelt_base) by extension 'ignore_ament_install'
[1.341s] Level 1:colcon.colcon_core.package_identification:_identify(gestelt_integration/docker/gestelt_base) by extensions ['colcon_pkg']
[1.341s] Level 1:colcon.colcon_core.package_identification:_identify(gestelt_integration/docker/gestelt_base) by extension 'colcon_pkg'
[1.341s] Level 1:colcon.colcon_core.package_identification:_identify(gestelt_integration/docker/gestelt_base) by extensions ['colcon_meta']
[1.341s] Level 1:colcon.colcon_core.package_identification:_identify(gestelt_integration/docker/gestelt_base) by extension 'colcon_meta'
[1.341s] Level 1:colcon.colcon_core.package_identification:_identify(gestelt_integration/docker/gestelt_base) by extensions ['ros']
[1.341s] Level 1:colcon.colcon_core.package_identification:_identify(gestelt_integration/docker/gestelt_base) by extension 'ros'
[1.341s] Level 1:colcon.colcon_core.package_identification:_identify(gestelt_integration/docker/gestelt_base) by extensions ['cmake', 'python']
[1.341s] Level 1:colcon.colcon_core.package_identification:_identify(gestelt_integration/docker/gestelt_base) by extension 'cmake'
[1.342s] Level 1:colcon.colcon_core.package_identification:_identify(gestelt_integration/docker/gestelt_base) by extension 'python'
[1.342s] Level 1:colcon.colcon_core.package_identification:_identify(gestelt_integration/docker/gestelt_base) by extensions ['python_setup_py']
[1.342s] Level 1:colcon.colcon_core.package_identification:_identify(gestelt_integration/docker/gestelt_base) by extension 'python_setup_py'
[1.342s] Level 1:colcon.colcon_core.package_identification:_identify(gestelt_integration/docker/gestelt_overlay) by extensions ['ignore', 'ignore_ament_install']
[1.342s] Level 1:colcon.colcon_core.package_identification:_identify(gestelt_integration/docker/gestelt_overlay) by extension 'ignore'
[1.342s] Level 1:colcon.colcon_core.package_identification:_identify(gestelt_integration/docker/gestelt_overlay) by extension 'ignore_ament_install'
[1.342s] Level 1:colcon.colcon_core.package_identification:_identify(gestelt_integration/docker/gestelt_overlay) by extensions ['colcon_pkg']
[1.342s] Level 1:colcon.colcon_core.package_identification:_identify(gestelt_integration/docker/gestelt_overlay) by extension 'colcon_pkg'
[1.343s] Level 1:colcon.colcon_core.package_identification:_identify(gestelt_integration/docker/gestelt_overlay) by extensions ['colcon_meta']
[1.343s] Level 1:colcon.colcon_core.package_identification:_identify(gestelt_integration/docker/gestelt_overlay) by extension 'colcon_meta'
[1.343s] Level 1:colcon.colcon_core.package_identification:_identify(gestelt_integration/docker/gestelt_overlay) by extensions ['ros']
[1.343s] Level 1:colcon.colcon_core.package_identification:_identify(gestelt_integration/docker/gestelt_overlay) by extension 'ros'
[1.343s] Level 1:colcon.colcon_core.package_identification:_identify(gestelt_integration/docker/gestelt_overlay) by extensions ['cmake', 'python']
[1.343s] Level 1:colcon.colcon_core.package_identification:_identify(gestelt_integration/docker/gestelt_overlay) by extension 'cmake'
[1.343s] Level 1:colcon.colcon_core.package_identification:_identify(gestelt_integration/docker/gestelt_overlay) by extension 'python'
[1.343s] Level 1:colcon.colcon_core.package_identification:_identify(gestelt_integration/docker/gestelt_overlay) by extensions ['python_setup_py']
[1.343s] Level 1:colcon.colcon_core.package_identification:_identify(gestelt_integration/docker/gestelt_overlay) by extension 'python_setup_py'
[1.344s] Level 1:colcon.colcon_core.package_identification:_identify(gestelt_integration/docker/gestelt_update) by extensions ['ignore', 'ignore_ament_install']
[1.344s] Level 1:colcon.colcon_core.package_identification:_identify(gestelt_integration/docker/gestelt_update) by extension 'ignore'
[1.344s] Level 1:colcon.colcon_core.package_identification:_identify(gestelt_integration/docker/gestelt_update) by extension 'ignore_ament_install'
[1.344s] Level 1:colcon.colcon_core.package_identification:_identify(gestelt_integration/docker/gestelt_update) by extensions ['colcon_pkg']
[1.344s] Level 1:colcon.colcon_core.package_identification:_identify(gestelt_integration/docker/gestelt_update) by extension 'colcon_pkg'
[1.344s] Level 1:colcon.colcon_core.package_identification:_identify(gestelt_integration/docker/gestelt_update) by extensions ['colcon_meta']
[1.344s] Level 1:colcon.colcon_core.package_identification:_identify(gestelt_integration/docker/gestelt_update) by extension 'colcon_meta'
[1.344s] Level 1:colcon.colcon_core.package_identification:_identify(gestelt_integration/docker/gestelt_update) by extensions ['ros']
[1.344s] Level 1:colcon.colcon_core.package_identification:_identify(gestelt_integration/docker/gestelt_update) by extension 'ros'
[1.345s] Level 1:colcon.colcon_core.package_identification:_identify(gestelt_integration/docker/gestelt_update) by extensions ['cmake', 'python']
[1.345s] Level 1:colcon.colcon_core.package_identification:_identify(gestelt_integration/docker/gestelt_update) by extension 'cmake'
[1.345s] Level 1:colcon.colcon_core.package_identification:_identify(gestelt_integration/docker/gestelt_update) by extension 'python'
[1.345s] Level 1:colcon.colcon_core.package_identification:_identify(gestelt_integration/docker/gestelt_update) by extensions ['python_setup_py']
[1.345s] Level 1:colcon.colcon_core.package_identification:_identify(gestelt_integration/docker/gestelt_update) by extension 'python_setup_py'
[1.345s] Level 1:colcon.colcon_core.package_identification:_identify(gestelt_integration/docker/gestelt_update_w_entry) by extensions ['ignore', 'ignore_ament_install']
[1.345s] Level 1:colcon.colcon_core.package_identification:_identify(gestelt_integration/docker/gestelt_update_w_entry) by extension 'ignore'
[1.345s] Level 1:colcon.colcon_core.package_identification:_identify(gestelt_integration/docker/gestelt_update_w_entry) by extension 'ignore_ament_install'
[1.346s] Level 1:colcon.colcon_core.package_identification:_identify(gestelt_integration/docker/gestelt_update_w_entry) by extensions ['colcon_pkg']
[1.346s] Level 1:colcon.colcon_core.package_identification:_identify(gestelt_integration/docker/gestelt_update_w_entry) by extension 'colcon_pkg'
[1.346s] Level 1:colcon.colcon_core.package_identification:_identify(gestelt_integration/docker/gestelt_update_w_entry) by extensions ['colcon_meta']
[1.346s] Level 1:colcon.colcon_core.package_identification:_identify(gestelt_integration/docker/gestelt_update_w_entry) by extension 'colcon_meta'
[1.346s] Level 1:colcon.colcon_core.package_identification:_identify(gestelt_integration/docker/gestelt_update_w_entry) by extensions ['ros']
[1.346s] Level 1:colcon.colcon_core.package_identification:_identify(gestelt_integration/docker/gestelt_update_w_entry) by extension 'ros'
[1.346s] Level 1:colcon.colcon_core.package_identification:_identify(gestelt_integration/docker/gestelt_update_w_entry) by extensions ['cmake', 'python']
[1.346s] Level 1:colcon.colcon_core.package_identification:_identify(gestelt_integration/docker/gestelt_update_w_entry) by extension 'cmake'
[1.346s] Level 1:colcon.colcon_core.package_identification:_identify(gestelt_integration/docker/gestelt_update_w_entry) by extension 'python'
[1.346s] Level 1:colcon.colcon_core.package_identification:_identify(gestelt_integration/docker/gestelt_update_w_entry) by extensions ['python_setup_py']
[1.346s] Level 1:colcon.colcon_core.package_identification:_identify(gestelt_integration/docker/gestelt_update_w_entry) by extension 'python_setup_py'
[1.347s] Level 1:colcon.colcon_core.package_identification:_identify(gestelt_integration/visbot) by extensions ['ignore', 'ignore_ament_install']
[1.347s] Level 1:colcon.colcon_core.package_identification:_identify(gestelt_integration/visbot) by extension 'ignore'
[1.347s] Level 1:colcon.colcon_core.package_identification:_identify(gestelt_integration/visbot) by extension 'ignore_ament_install'
[1.347s] Level 1:colcon.colcon_core.package_identification:_identify(gestelt_integration/visbot) by extensions ['colcon_pkg']
[1.347s] Level 1:colcon.colcon_core.package_identification:_identify(gestelt_integration/visbot) by extension 'colcon_pkg'
[1.347s] Level 1:colcon.colcon_core.package_identification:_identify(gestelt_integration/visbot) by extensions ['colcon_meta']
[1.347s] Level 1:colcon.colcon_core.package_identification:_identify(gestelt_integration/visbot) by extension 'colcon_meta'
[1.347s] Level 1:colcon.colcon_core.package_identification:_identify(gestelt_integration/visbot) by extensions ['ros']
[1.348s] Level 1:colcon.colcon_core.package_identification:_identify(gestelt_integration/visbot) by extension 'ros'
[1.348s] Level 1:colcon.colcon_core.package_identification:_identify(gestelt_integration/visbot) by extensions ['cmake', 'python']
[1.348s] Level 1:colcon.colcon_core.package_identification:_identify(gestelt_integration/visbot) by extension 'cmake'
[1.348s] Level 1:colcon.colcon_core.package_identification:_identify(gestelt_integration/visbot) by extension 'python'
[1.348s] Level 1:colcon.colcon_core.package_identification:_identify(gestelt_integration/visbot) by extensions ['python_setup_py']
[1.348s] Level 1:colcon.colcon_core.package_identification:_identify(gestelt_integration/visbot) by extension 'python_setup_py'
[1.348s] Level 1:colcon.colcon_core.package_identification:_identify(gestelt_integration/zenoh) by extensions ['ignore', 'ignore_ament_install']
[1.349s] Level 1:colcon.colcon_core.package_identification:_identify(gestelt_integration/zenoh) by extension 'ignore'
[1.349s] Level 1:colcon.colcon_core.package_identification:_identify(gestelt_integration/zenoh) by extension 'ignore_ament_install'
[1.349s] Level 1:colcon.colcon_core.package_identification:_identify(gestelt_integration/zenoh) by extensions ['colcon_pkg']
[1.349s] Level 1:colcon.colcon_core.package_identification:_identify(gestelt_integration/zenoh) by extension 'colcon_pkg'
[1.349s] Level 1:colcon.colcon_core.package_identification:_identify(gestelt_integration/zenoh) by extensions ['colcon_meta']
[1.349s] Level 1:colcon.colcon_core.package_identification:_identify(gestelt_integration/zenoh) by extension 'colcon_meta'
[1.349s] Level 1:colcon.colcon_core.package_identification:_identify(gestelt_integration/zenoh) by extensions ['ros']
[1.349s] Level 1:colcon.colcon_core.package_identification:_identify(gestelt_integration/zenoh) by extension 'ros'
[1.349s] Level 1:colcon.colcon_core.package_identification:_identify(gestelt_integration/zenoh) by extensions ['cmake', 'python']
[1.349s] Level 1:colcon.colcon_core.package_identification:_identify(gestelt_integration/zenoh) by extension 'cmake'
[1.350s] Level 1:colcon.colcon_core.package_identification:_identify(gestelt_integration/zenoh) by extension 'python'
[1.350s] Level 1:colcon.colcon_core.package_identification:_identify(gestelt_integration/zenoh) by extensions ['python_setup_py']
[1.350s] Level 1:colcon.colcon_core.package_identification:_identify(gestelt_integration/zenoh) by extension 'python_setup_py'
[1.350s] Level 1:colcon.colcon_core.package_identification:_identify(gestelt_planner) by extensions ['ignore', 'ignore_ament_install']
[1.350s] Level 1:colcon.colcon_core.package_identification:_identify(gestelt_planner) by extension 'ignore'
[1.350s] Level 1:colcon.colcon_core.package_identification:_identify(gestelt_planner) by extension 'ignore_ament_install'
[1.350s] Level 1:colcon.colcon_core.package_identification:_identify(gestelt_planner) by extensions ['colcon_pkg']
[1.351s] Level 1:colcon.colcon_core.package_identification:_identify(gestelt_planner) by extension 'colcon_pkg'
[1.351s] Level 1:colcon.colcon_core.package_identification:_identify(gestelt_planner) by extensions ['colcon_meta']
[1.351s] Level 1:colcon.colcon_core.package_identification:_identify(gestelt_planner) by extension 'colcon_meta'
[1.351s] Level 1:colcon.colcon_core.package_identification:_identify(gestelt_planner) by extensions ['ros']
[1.351s] Level 1:colcon.colcon_core.package_identification:_identify(gestelt_planner) by extension 'ros'
[1.354s] DEBUG:colcon.colcon_core.package_identification:Package 'gestelt_planner' with type 'ros.ament_cmake' and name 'gestelt_planner'
[1.354s] Level 1:colcon.colcon_core.package_identification:_identify(install) by extensions ['ignore', 'ignore_ament_install']
[1.354s] Level 1:colcon.colcon_core.package_identification:_identify(install) by extension 'ignore'
[1.354s] Level 1:colcon.colcon_core.package_identification:_identify(install) ignored
[1.354s] Level 1:colcon.colcon_core.package_identification:_identify(interfaces) by extensions ['ignore', 'ignore_ament_install']
[1.355s] Level 1:colcon.colcon_core.package_identification:_identify(interfaces) by extension 'ignore'
[1.355s] Level 1:colcon.colcon_core.package_identification:_identify(interfaces) by extension 'ignore_ament_install'
[1.355s] Level 1:colcon.colcon_core.package_identification:_identify(interfaces) by extensions ['colcon_pkg']
[1.355s] Level 1:colcon.colcon_core.package_identification:_identify(interfaces) by extension 'colcon_pkg'
[1.355s] Level 1:colcon.colcon_core.package_identification:_identify(interfaces) by extensions ['colcon_meta']
[1.355s] Level 1:colcon.colcon_core.package_identification:_identify(interfaces) by extension 'colcon_meta'
[1.355s] Level 1:colcon.colcon_core.package_identification:_identify(interfaces) by extensions ['ros']
[1.355s] Level 1:colcon.colcon_core.package_identification:_identify(interfaces) by extension 'ros'
[1.355s] Level 1:colcon.colcon_core.package_identification:_identify(interfaces) by extensions ['cmake', 'python']
[1.356s] Level 1:colcon.colcon_core.package_identification:_identify(interfaces) by extension 'cmake'
[1.356s] Level 1:colcon.colcon_core.package_identification:_identify(interfaces) by extension 'python'
[1.356s] Level 1:colcon.colcon_core.package_identification:_identify(interfaces) by extensions ['python_setup_py']
[1.356s] Level 1:colcon.colcon_core.package_identification:_identify(interfaces) by extension 'python_setup_py'
[1.356s] Level 1:colcon.colcon_core.package_identification:_identify(interfaces/gestelt_interfaces) by extensions ['ignore', 'ignore_ament_install']
[1.356s] Level 1:colcon.colcon_core.package_identification:_identify(interfaces/gestelt_interfaces) by extension 'ignore'
[1.356s] Level 1:colcon.colcon_core.package_identification:_identify(interfaces/gestelt_interfaces) by extension 'ignore_ament_install'
[1.357s] Level 1:colcon.colcon_core.package_identification:_identify(interfaces/gestelt_interfaces) by extensions ['colcon_pkg']
[1.357s] Level 1:colcon.colcon_core.package_identification:_identify(interfaces/gestelt_interfaces) by extension 'colcon_pkg'
[1.357s] Level 1:colcon.colcon_core.package_identification:_identify(interfaces/gestelt_interfaces) by extensions ['colcon_meta']
[1.357s] Level 1:colcon.colcon_core.package_identification:_identify(interfaces/gestelt_interfaces) by extension 'colcon_meta'
[1.357s] Level 1:colcon.colcon_core.package_identification:_identify(interfaces/gestelt_interfaces) by extensions ['ros']
[1.357s] Level 1:colcon.colcon_core.package_identification:_identify(interfaces/gestelt_interfaces) by extension 'ros'
[1.358s] DEBUG:colcon.colcon_core.package_identification:Package 'interfaces/gestelt_interfaces' with type 'ros.ament_cmake' and name 'gestelt_interfaces'
[1.359s] Level 1:colcon.colcon_core.package_identification:_identify(linear_mpc_controller) by extensions ['ignore', 'ignore_ament_install']
[1.359s] Level 1:colcon.colcon_core.package_identification:_identify(linear_mpc_controller) by extension 'ignore'
[1.359s] Level 1:colcon.colcon_core.package_identification:_identify(linear_mpc_controller) by extension 'ignore_ament_install'
[1.359s] Level 1:colcon.colcon_core.package_identification:_identify(linear_mpc_controller) by extensions ['colcon_pkg']
[1.359s] Level 1:colcon.colcon_core.package_identification:_identify(linear_mpc_controller) by extension 'colcon_pkg'
[1.359s] Level 1:colcon.colcon_core.package_identification:_identify(linear_mpc_controller) by extensions ['colcon_meta']
[1.359s] Level 1:colcon.colcon_core.package_identification:_identify(linear_mpc_controller) by extension 'colcon_meta'
[1.359s] Level 1:colcon.colcon_core.package_identification:_identify(linear_mpc_controller) by extensions ['ros']
[1.360s] Level 1:colcon.colcon_core.package_identification:_identify(linear_mpc_controller) by extension 'ros'
[1.364s] DEBUG:colcon.colcon_core.package_identification:Package 'linear_mpc_controller' with type 'ros.ament_cmake' and name 'linear_mpc_controller'
[1.365s] Level 1:colcon.colcon_core.package_identification:_identify(log) by extensions ['ignore', 'ignore_ament_install']
[1.365s] Level 1:colcon.colcon_core.package_identification:_identify(log) by extension 'ignore'
[1.365s] Level 1:colcon.colcon_core.package_identification:_identify(log) ignored
[1.366s] Level 1:colcon.colcon_core.package_identification:_identify(occ_map) by extensions ['ignore', 'ignore_ament_install']
[1.366s] Level 1:colcon.colcon_core.package_identification:_identify(occ_map) by extension 'ignore'
[1.366s] Level 1:colcon.colcon_core.package_identification:_identify(occ_map) by extension 'ignore_ament_install'
[1.366s] Level 1:colcon.colcon_core.package_identification:_identify(occ_map) by extensions ['colcon_pkg']
[1.366s] Level 1:colcon.colcon_core.package_identification:_identify(occ_map) by extension 'colcon_pkg'
[1.366s] Level 1:colcon.colcon_core.package_identification:_identify(occ_map) by extensions ['colcon_meta']
[1.366s] Level 1:colcon.colcon_core.package_identification:_identify(occ_map) by extension 'colcon_meta'
[1.366s] Level 1:colcon.colcon_core.package_identification:_identify(occ_map) by extensions ['ros']
[1.366s] Level 1:colcon.colcon_core.package_identification:_identify(occ_map) by extension 'ros'
[1.369s] DEBUG:colcon.colcon_core.package_identification:Package 'occ_map' with type 'ros.ament_cmake' and name 'occ_map'
[1.369s] Level 1:colcon.colcon_core.package_identification:_identify(swarm_tools) by extensions ['ignore', 'ignore_ament_install']
[1.369s] Level 1:colcon.colcon_core.package_identification:_identify(swarm_tools) by extension 'ignore'
[1.370s] Level 1:colcon.colcon_core.package_identification:_identify(swarm_tools) by extension 'ignore_ament_install'
[1.370s] Level 1:colcon.colcon_core.package_identification:_identify(swarm_tools) by extensions ['colcon_pkg']
[1.370s] Level 1:colcon.colcon_core.package_identification:_identify(swarm_tools) by extension 'colcon_pkg'
[1.370s] Level 1:colcon.colcon_core.package_identification:_identify(swarm_tools) by extensions ['colcon_meta']
[1.370s] Level 1:colcon.colcon_core.package_identification:_identify(swarm_tools) by extension 'colcon_meta'
[1.370s] Level 1:colcon.colcon_core.package_identification:_identify(swarm_tools) by extensions ['ros']
[1.370s] Level 1:colcon.colcon_core.package_identification:_identify(swarm_tools) by extension 'ros'
[1.370s] Level 1:colcon.colcon_core.package_identification:_identify(swarm_tools) by extensions ['cmake', 'python']
[1.370s] Level 1:colcon.colcon_core.package_identification:_identify(swarm_tools) by extension 'cmake'
[1.371s] Level 1:colcon.colcon_core.package_identification:_identify(swarm_tools) by extension 'python'
[1.371s] Level 1:colcon.colcon_core.package_identification:_identify(swarm_tools) by extensions ['python_setup_py']
[1.371s] Level 1:colcon.colcon_core.package_identification:_identify(swarm_tools) by extension 'python_setup_py'
[1.371s] Level 1:colcon.colcon_core.package_identification:_identify(swarm_tools/fake_drone) by extensions ['ignore', 'ignore_ament_install']
[1.371s] Level 1:colcon.colcon_core.package_identification:_identify(swarm_tools/fake_drone) by extension 'ignore'
[1.371s] Level 1:colcon.colcon_core.package_identification:_identify(swarm_tools/fake_drone) ignored
[1.372s] Level 1:colcon.colcon_core.package_identification:_identify(swarm_tools/fake_map) by extensions ['ignore', 'ignore_ament_install']
[1.372s] Level 1:colcon.colcon_core.package_identification:_identify(swarm_tools/fake_map) by extension 'ignore'
[1.372s] Level 1:colcon.colcon_core.package_identification:_identify(swarm_tools/fake_map) by extension 'ignore_ament_install'
[1.372s] Level 1:colcon.colcon_core.package_identification:_identify(swarm_tools/fake_map) by extensions ['colcon_pkg']
[1.372s] Level 1:colcon.colcon_core.package_identification:_identify(swarm_tools/fake_map) by extension 'colcon_pkg'
[1.372s] Level 1:colcon.colcon_core.package_identification:_identify(swarm_tools/fake_map) by extensions ['colcon_meta']
[1.372s] Level 1:colcon.colcon_core.package_identification:_identify(swarm_tools/fake_map) by extension 'colcon_meta'
[1.372s] Level 1:colcon.colcon_core.package_identification:_identify(swarm_tools/fake_map) by extensions ['ros']
[1.373s] Level 1:colcon.colcon_core.package_identification:_identify(swarm_tools/fake_map) by extension 'ros'
[1.374s] DEBUG:colcon.colcon_core.package_identification:Package 'swarm_tools/fake_map' with type 'ros.ament_cmake' and name 'fake_map'
[1.374s] Level 1:colcon.colcon_core.package_identification:_identify(swarm_tools/fake_sensor) by extensions ['ignore', 'ignore_ament_install']
[1.374s] Level 1:colcon.colcon_core.package_identification:_identify(swarm_tools/fake_sensor) by extension 'ignore'
[1.375s] Level 1:colcon.colcon_core.package_identification:_identify(swarm_tools/fake_sensor) by extension 'ignore_ament_install'
[1.375s] Level 1:colcon.colcon_core.package_identification:_identify(swarm_tools/fake_sensor) by extensions ['colcon_pkg']
[1.375s] Level 1:colcon.colcon_core.package_identification:_identify(swarm_tools/fake_sensor) by extension 'colcon_pkg'
[1.375s] Level 1:colcon.colcon_core.package_identification:_identify(swarm_tools/fake_sensor) by extensions ['colcon_meta']
[1.375s] Level 1:colcon.colcon_core.package_identification:_identify(swarm_tools/fake_sensor) by extension 'colcon_meta'
[1.375s] Level 1:colcon.colcon_core.package_identification:_identify(swarm_tools/fake_sensor) by extensions ['ros']
[1.375s] Level 1:colcon.colcon_core.package_identification:_identify(swarm_tools/fake_sensor) by extension 'ros'
[1.378s] DEBUG:colcon.colcon_core.package_identification:Package 'swarm_tools/fake_sensor' with type 'ros.ament_cmake' and name 'fake_sensor'
[1.378s] Level 1:colcon.colcon_core.package_identification:_identify(swarm_tools/pcd_map_generator) by extensions ['ignore', 'ignore_ament_install']
[1.378s] Level 1:colcon.colcon_core.package_identification:_identify(swarm_tools/pcd_map_generator) by extension 'ignore'
[1.378s] Level 1:colcon.colcon_core.package_identification:_identify(swarm_tools/pcd_map_generator) ignored
[1.379s] Level 1:colcon.colcon_core.package_identification:_identify(swarm_tools/swarm_collision_checker) by extensions ['ignore', 'ignore_ament_install']
[1.379s] Level 1:colcon.colcon_core.package_identification:_identify(swarm_tools/swarm_collision_checker) by extension 'ignore'
[1.379s] Level 1:colcon.colcon_core.package_identification:_identify(swarm_tools/swarm_collision_checker) ignored
[1.379s] Level 1:colcon.colcon_core.package_identification:_identify(third_party) by extensions ['ignore', 'ignore_ament_install']
[1.380s] Level 1:colcon.colcon_core.package_identification:_identify(third_party) by extension 'ignore'
[1.380s] Level 1:colcon.colcon_core.package_identification:_identify(third_party) by extension 'ignore_ament_install'
[1.380s] Level 1:colcon.colcon_core.package_identification:_identify(third_party) by extensions ['colcon_pkg']
[1.380s] Level 1:colcon.colcon_core.package_identification:_identify(third_party) by extension 'colcon_pkg'
[1.380s] Level 1:colcon.colcon_core.package_identification:_identify(third_party) by extensions ['colcon_meta']
[1.380s] Level 1:colcon.colcon_core.package_identification:_identify(third_party) by extension 'colcon_meta'
[1.380s] Level 1:colcon.colcon_core.package_identification:_identify(third_party) by extensions ['ros']
[1.380s] Level 1:colcon.colcon_core.package_identification:_identify(third_party) by extension 'ros'
[1.380s] Level 1:colcon.colcon_core.package_identification:_identify(third_party) by extensions ['cmake', 'python']
[1.380s] Level 1:colcon.colcon_core.package_identification:_identify(third_party) by extension 'cmake'
[1.381s] Level 1:colcon.colcon_core.package_identification:_identify(third_party) by extension 'python'
[1.381s] Level 1:colcon.colcon_core.package_identification:_identify(third_party) by extensions ['python_setup_py']
[1.381s] Level 1:colcon.colcon_core.package_identification:_identify(third_party) by extension 'python_setup_py'
[1.381s] Level 1:colcon.colcon_core.package_identification:_identify(third_party/bonxai) by extensions ['ignore', 'ignore_ament_install']
[1.381s] Level 1:colcon.colcon_core.package_identification:_identify(third_party/bonxai) by extension 'ignore'
[1.381s] Level 1:colcon.colcon_core.package_identification:_identify(third_party/bonxai) by extension 'ignore_ament_install'
[1.382s] Level 1:colcon.colcon_core.package_identification:_identify(third_party/bonxai) by extensions ['colcon_pkg']
[1.382s] Level 1:colcon.colcon_core.package_identification:_identify(third_party/bonxai) by extension 'colcon_pkg'
[1.382s] Level 1:colcon.colcon_core.package_identification:_identify(third_party/bonxai) by extensions ['colcon_meta']
[1.382s] Level 1:colcon.colcon_core.package_identification:_identify(third_party/bonxai) by extension 'colcon_meta'
[1.382s] Level 1:colcon.colcon_core.package_identification:_identify(third_party/bonxai) by extensions ['ros']
[1.382s] Level 1:colcon.colcon_core.package_identification:_identify(third_party/bonxai) by extension 'ros'
[1.383s] DEBUG:colcon.colcon_core.package_identification:Package 'third_party/bonxai' with type 'ros.ament_cmake' and name 'bonxai'
[1.384s] Level 1:colcon.colcon_core.package_identification:_identify(third_party/decomp_ros) by extensions ['ignore', 'ignore_ament_install']
[1.384s] Level 1:colcon.colcon_core.package_identification:_identify(third_party/decomp_ros) by extension 'ignore'
[1.384s] Level 1:colcon.colcon_core.package_identification:_identify(third_party/decomp_ros) by extension 'ignore_ament_install'
[1.384s] Level 1:colcon.colcon_core.package_identification:_identify(third_party/decomp_ros) by extensions ['colcon_pkg']
[1.384s] Level 1:colcon.colcon_core.package_identification:_identify(third_party/decomp_ros) by extension 'colcon_pkg'
[1.384s] Level 1:colcon.colcon_core.package_identification:_identify(third_party/decomp_ros) by extensions ['colcon_meta']
[1.384s] Level 1:colcon.colcon_core.package_identification:_identify(third_party/decomp_ros) by extension 'colcon_meta'
[1.385s] Level 1:colcon.colcon_core.package_identification:_identify(third_party/decomp_ros) by extensions ['ros']
[1.385s] Level 1:colcon.colcon_core.package_identification:_identify(third_party/decomp_ros) by extension 'ros'
[1.385s] Level 1:colcon.colcon_core.package_identification:_identify(third_party/decomp_ros) by extensions ['cmake', 'python']
[1.385s] Level 1:colcon.colcon_core.package_identification:_identify(third_party/decomp_ros) by extension 'cmake'
[1.385s] Level 1:colcon.colcon_core.package_identification:_identify(third_party/decomp_ros) by extension 'python'
[1.385s] Level 1:colcon.colcon_core.package_identification:_identify(third_party/decomp_ros) by extensions ['python_setup_py']
[1.385s] Level 1:colcon.colcon_core.package_identification:_identify(third_party/decomp_ros) by extension 'python_setup_py'
[1.386s] Level 1:colcon.colcon_core.package_identification:_identify(third_party/decomp_ros/decomp_ros_msgs) by extensions ['ignore', 'ignore_ament_install']
[1.386s] Level 1:colcon.colcon_core.package_identification:_identify(third_party/decomp_ros/decomp_ros_msgs) by extension 'ignore'
[1.386s] Level 1:colcon.colcon_core.package_identification:_identify(third_party/decomp_ros/decomp_ros_msgs) by extension 'ignore_ament_install'
[1.386s] Level 1:colcon.colcon_core.package_identification:_identify(third_party/decomp_ros/decomp_ros_msgs) by extensions ['colcon_pkg']
[1.386s] Level 1:colcon.colcon_core.package_identification:_identify(third_party/decomp_ros/decomp_ros_msgs) by extension 'colcon_pkg'
[1.386s] Level 1:colcon.colcon_core.package_identification:_identify(third_party/decomp_ros/decomp_ros_msgs) by extensions ['colcon_meta']
[1.386s] Level 1:colcon.colcon_core.package_identification:_identify(third_party/decomp_ros/decomp_ros_msgs) by extension 'colcon_meta'
[1.386s] Level 1:colcon.colcon_core.package_identification:_identify(third_party/decomp_ros/decomp_ros_msgs) by extensions ['ros']
[1.386s] Level 1:colcon.colcon_core.package_identification:_identify(third_party/decomp_ros/decomp_ros_msgs) by extension 'ros'
[1.388s] DEBUG:colcon.colcon_core.package_identification:Package 'third_party/decomp_ros/decomp_ros_msgs' with type 'ros.ament_cmake' and name 'decomp_ros_msgs'
[1.389s] Level 1:colcon.colcon_core.package_identification:_identify(third_party/decomp_ros/decomp_ros_utils) by extensions ['ignore', 'ignore_ament_install']
[1.389s] Level 1:colcon.colcon_core.package_identification:_identify(third_party/decomp_ros/decomp_ros_utils) by extension 'ignore'
[1.389s] Level 1:colcon.colcon_core.package_identification:_identify(third_party/decomp_ros/decomp_ros_utils) by extension 'ignore_ament_install'
[1.389s] Level 1:colcon.colcon_core.package_identification:_identify(third_party/decomp_ros/decomp_ros_utils) by extensions ['colcon_pkg']
[1.389s] Level 1:colcon.colcon_core.package_identification:_identify(third_party/decomp_ros/decomp_ros_utils) by extension 'colcon_pkg'
[1.390s] Level 1:colcon.colcon_core.package_identification:_identify(third_party/decomp_ros/decomp_ros_utils) by extensions ['colcon_meta']
[1.390s] Level 1:colcon.colcon_core.package_identification:_identify(third_party/decomp_ros/decomp_ros_utils) by extension 'colcon_meta'
[1.390s] Level 1:colcon.colcon_core.package_identification:_identify(third_party/decomp_ros/decomp_ros_utils) by extensions ['ros']
[1.390s] Level 1:colcon.colcon_core.package_identification:_identify(third_party/decomp_ros/decomp_ros_utils) by extension 'ros'
[1.392s] DEBUG:colcon.colcon_core.package_identification:Package 'third_party/decomp_ros/decomp_ros_utils' with type 'ros.ament_cmake' and name 'decomp_ros_utils'
[1.392s] Level 1:colcon.colcon_core.package_identification:_identify(third_party/decomp_ros/decomp_util) by extensions ['ignore', 'ignore_ament_install']
[1.393s] Level 1:colcon.colcon_core.package_identification:_identify(third_party/decomp_ros/decomp_util) by extension 'ignore'
[1.393s] Level 1:colcon.colcon_core.package_identification:_identify(third_party/decomp_ros/decomp_util) by extension 'ignore_ament_install'
[1.393s] Level 1:colcon.colcon_core.package_identification:_identify(third_party/decomp_ros/decomp_util) by extensions ['colcon_pkg']
[1.393s] Level 1:colcon.colcon_core.package_identification:_identify(third_party/decomp_ros/decomp_util) by extension 'colcon_pkg'
[1.393s] Level 1:colcon.colcon_core.package_identification:_identify(third_party/decomp_ros/decomp_util) by extensions ['colcon_meta']
[1.393s] Level 1:colcon.colcon_core.package_identification:_identify(third_party/decomp_ros/decomp_util) by extension 'colcon_meta'
[1.393s] Level 1:colcon.colcon_core.package_identification:_identify(third_party/decomp_ros/decomp_util) by extensions ['ros']
[1.393s] Level 1:colcon.colcon_core.package_identification:_identify(third_party/decomp_ros/decomp_util) by extension 'ros'
[1.394s] DEBUG:colcon.colcon_core.package_identification:Package 'third_party/decomp_ros/decomp_util' with type 'ros.ament_cmake' and name 'decomp_util'
[1.395s] Level 1:colcon.colcon_core.package_identification:_identify(third_party/ikd_tree) by extensions ['ignore', 'ignore_ament_install']
[1.395s] Level 1:colcon.colcon_core.package_identification:_identify(third_party/ikd_tree) by extension 'ignore'
[1.395s] Level 1:colcon.colcon_core.package_identification:_identify(third_party/ikd_tree) by extension 'ignore_ament_install'
[1.395s] Level 1:colcon.colcon_core.package_identification:_identify(third_party/ikd_tree) by extensions ['colcon_pkg']
[1.395s] Level 1:colcon.colcon_core.package_identification:_identify(third_party/ikd_tree) by extension 'colcon_pkg'
[1.395s] Level 1:colcon.colcon_core.package_identification:_identify(third_party/ikd_tree) by extensions ['colcon_meta']
[1.395s] Level 1:colcon.colcon_core.package_identification:_identify(third_party/ikd_tree) by extension 'colcon_meta'
[1.395s] Level 1:colcon.colcon_core.package_identification:_identify(third_party/ikd_tree) by extensions ['ros']
[1.396s] Level 1:colcon.colcon_core.package_identification:_identify(third_party/ikd_tree) by extension 'ros'
[1.397s] DEBUG:colcon.colcon_core.package_identification:Package 'third_party/ikd_tree' with type 'ros.ament_cmake' and name 'ikd_tree'
[1.397s] Level 1:colcon.colcon_core.package_identification:_identify(trajectory_server) by extensions ['ignore', 'ignore_ament_install']
[1.397s] Level 1:colcon.colcon_core.package_identification:_identify(trajectory_server) by extension 'ignore'
[1.397s] Level 1:colcon.colcon_core.package_identification:_identify(trajectory_server) by extension 'ignore_ament_install'
[1.397s] Level 1:colcon.colcon_core.package_identification:_identify(trajectory_server) by extensions ['colcon_pkg']
[1.398s] Level 1:colcon.colcon_core.package_identification:_identify(trajectory_server) by extension 'colcon_pkg'
[1.398s] Level 1:colcon.colcon_core.package_identification:_identify(trajectory_server) by extensions ['colcon_meta']
[1.398s] Level 1:colcon.colcon_core.package_identification:_identify(trajectory_server) by extension 'colcon_meta'
[1.398s] Level 1:colcon.colcon_core.package_identification:_identify(trajectory_server) by extensions ['ros']
[1.398s] Level 1:colcon.colcon_core.package_identification:_identify(trajectory_server) by extension 'ros'
[1.400s] DEBUG:colcon.colcon_core.package_identification:Package 'trajectory_server' with type 'ros.ament_cmake' and name 'trajectory_server'
[1.400s] Level 1:colcon.colcon_core.package_identification:_identify(utils) by extensions ['ignore', 'ignore_ament_install']
[1.400s] Level 1:colcon.colcon_core.package_identification:_identify(utils) by extension 'ignore'
[1.401s] Level 1:colcon.colcon_core.package_identification:_identify(utils) by extension 'ignore_ament_install'
[1.401s] Level 1:colcon.colcon_core.package_identification:_identify(utils) by extensions ['colcon_pkg']
[1.401s] Level 1:colcon.colcon_core.package_identification:_identify(utils) by extension 'colcon_pkg'
[1.401s] Level 1:colcon.colcon_core.package_identification:_identify(utils) by extensions ['colcon_meta']
[1.401s] Level 1:colcon.colcon_core.package_identification:_identify(utils) by extension 'colcon_meta'
[1.401s] Level 1:colcon.colcon_core.package_identification:_identify(utils) by extensions ['ros']
[1.401s] Level 1:colcon.colcon_core.package_identification:_identify(utils) by extension 'ros'
[1.401s] Level 1:colcon.colcon_core.package_identification:_identify(utils) by extensions ['cmake', 'python']
[1.401s] Level 1:colcon.colcon_core.package_identification:_identify(utils) by extension 'cmake'
[1.401s] Level 1:colcon.colcon_core.package_identification:_identify(utils) by extension 'python'
[1.402s] Level 1:colcon.colcon_core.package_identification:_identify(utils) by extensions ['python_setup_py']
[1.402s] Level 1:colcon.colcon_core.package_identification:_identify(utils) by extension 'python_setup_py'
[1.402s] Level 1:colcon.colcon_core.package_identification:_identify(utils/logger_wrapper) by extensions ['ignore', 'ignore_ament_install']
[1.402s] Level 1:colcon.colcon_core.package_identification:_identify(utils/logger_wrapper) by extension 'ignore'
[1.402s] Level 1:colcon.colcon_core.package_identification:_identify(utils/logger_wrapper) by extension 'ignore_ament_install'
[1.402s] Level 1:colcon.colcon_core.package_identification:_identify(utils/logger_wrapper) by extensions ['colcon_pkg']
[1.402s] Level 1:colcon.colcon_core.package_identification:_identify(utils/logger_wrapper) by extension 'colcon_pkg'
[1.403s] Level 1:colcon.colcon_core.package_identification:_identify(utils/logger_wrapper) by extensions ['colcon_meta']
[1.403s] Level 1:colcon.colcon_core.package_identification:_identify(utils/logger_wrapper) by extension 'colcon_meta'
[1.403s] Level 1:colcon.colcon_core.package_identification:_identify(utils/logger_wrapper) by extensions ['ros']
[1.403s] Level 1:colcon.colcon_core.package_identification:_identify(utils/logger_wrapper) by extension 'ros'
[1.404s] DEBUG:colcon.colcon_core.package_identification:Package 'utils/logger_wrapper' with type 'ros.ament_cmake' and name 'logger_wrapper'
[1.404s] Level 1:colcon.colcon_core.package_identification:_identify(utils/viz_helper) by extensions ['ignore', 'ignore_ament_install']
[1.405s] Level 1:colcon.colcon_core.package_identification:_identify(utils/viz_helper) by extension 'ignore'
[1.405s] Level 1:colcon.colcon_core.package_identification:_identify(utils/viz_helper) by extension 'ignore_ament_install'
[1.405s] Level 1:colcon.colcon_core.package_identification:_identify(utils/viz_helper) by extensions ['colcon_pkg']
[1.405s] Level 1:colcon.colcon_core.package_identification:_identify(utils/viz_helper) by extension 'colcon_pkg'
[1.405s] Level 1:colcon.colcon_core.package_identification:_identify(utils/viz_helper) by extensions ['colcon_meta']
[1.405s] Level 1:colcon.colcon_core.package_identification:_identify(utils/viz_helper) by extension 'colcon_meta'
[1.405s] Level 1:colcon.colcon_core.package_identification:_identify(utils/viz_helper) by extensions ['ros']
[1.405s] Level 1:colcon.colcon_core.package_identification:_identify(utils/viz_helper) by extension 'ros'
[1.407s] DEBUG:colcon.colcon_core.package_identification:Package 'utils/viz_helper' with type 'ros.ament_cmake' and name 'viz_helper'
[1.407s] Level 1:colcon.colcon_core.package_discovery:discover_packages(recursive) using defaults
[1.407s] Level 1:colcon.colcon_core.package_discovery:discover_packages(ignore) discover
[1.407s] Level 1:colcon.colcon_core.package_discovery:discover_packages(ignore) using defaults
[1.407s] Level 1:colcon.colcon_core.package_discovery:discover_packages(path) discover
[1.407s] Level 1:colcon.colcon_core.package_discovery:discover_packages(path) using defaults
[1.485s] INFO:colcon.colcon_core.package_selection:Skipping package 'viz_helper' in 'utils/viz_helper'
[1.486s] INFO:colcon.colcon_core.package_selection:Skipping package 'vilota_bridge' in 'gestelt_integration/avetics/packages/ray_vilota_bridge'
[1.486s] INFO:colcon.colcon_core.package_selection:Skipping package 'depth2pcl' in 'gestelt_integration/avetics/packages/depth2pcl'
[1.487s] Level 1:colcon.colcon_core.package_discovery:discover_packages(prefix_path) check parameters
[1.488s] Level 1:colcon.colcon_core.package_discovery:discover_packages(prefix_path) discover
[1.497s] DEBUG:colcon.colcon_installed_package_information.package_discovery:Found 3 installed packages in /home/nvidia/tl_vision2/install
[1.499s] DEBUG:colcon.colcon_installed_package_information.package_discovery:Found 18 installed packages in /home/nvidia/gestelt_ws/install
[1.500s] DEBUG:colcon.colcon_installed_package_information.package_discovery:Found 2 installed packages in /home/nvidia/bridge_ws/install
[1.502s] DEBUG:colcon.colcon_installed_package_information.package_discovery:Found 322 installed packages in /opt/ros/humble
[1.507s] Level 1:colcon.colcon_core.package_discovery:discover_packages(prefix_path) using defaults
[1.639s] Level 5:colcon.colcon_core.verb:set package 'bonxai' build argument 'cmake_args' from command line to 'None'
[1.640s] Level 5:colcon.colcon_core.verb:set package 'bonxai' build argument 'cmake_target' from command line to 'None'
[1.640s] Level 5:colcon.colcon_core.verb:set package 'bonxai' build argument 'cmake_target_skip_unavailable' from command line to 'False'
[1.640s] Level 5:colcon.colcon_core.verb:set package 'bonxai' build argument 'cmake_clean_cache' from command line to 'False'
[1.640s] Level 5:colcon.colcon_core.verb:set package 'bonxai' build argument 'cmake_clean_first' from command line to 'False'
[1.640s] Level 5:colcon.colcon_core.verb:set package 'bonxai' build argument 'cmake_force_configure' from command line to 'False'
[1.640s] Level 5:colcon.colcon_core.verb:set package 'bonxai' build argument 'ament_cmake_args' from command line to 'None'
[1.640s] Level 5:colcon.colcon_core.verb:set package 'bonxai' build argument 'catkin_cmake_args' from command line to 'None'
[1.640s] Level 5:colcon.colcon_core.verb:set package 'bonxai' build argument 'catkin_skip_building_tests' from command line to 'False'
[1.640s] DEBUG:colcon.colcon_core.verb:Building package 'bonxai' with the following arguments: {'ament_cmake_args': None, 'build_base': '/home/nvidia/gestelt_ws/src/gestelt2/build/bonxai', 'catkin_cmake_args': None, 'catkin_skip_building_tests': False, 'cmake_args': None, 'cmake_clean_cache': False, 'cmake_clean_first': False, 'cmake_force_configure': False, 'cmake_target': None, 'cmake_target_skip_unavailable': False, 'install_base': '/home/nvidia/gestelt_ws/src/gestelt2/install/bonxai', 'merge_install': False, 'path': '/home/nvidia/gestelt_ws/src/gestelt2/third_party/bonxai', 'symlink_install': True, 'test_result_base': None}
[1.641s] Level 5:colcon.colcon_core.verb:set package 'decomp_ros_msgs' build argument 'cmake_args' from command line to 'None'
[1.641s] Level 5:colcon.colcon_core.verb:set package 'decomp_ros_msgs' build argument 'cmake_target' from command line to 'None'
[1.641s] Level 5:colcon.colcon_core.verb:set package 'decomp_ros_msgs' build argument 'cmake_target_skip_unavailable' from command line to 'False'
[1.641s] Level 5:colcon.colcon_core.verb:set package 'decomp_ros_msgs' build argument 'cmake_clean_cache' from command line to 'False'
[1.641s] Level 5:colcon.colcon_core.verb:set package 'decomp_ros_msgs' build argument 'cmake_clean_first' from command line to 'False'
[1.641s] Level 5:colcon.colcon_core.verb:set package 'decomp_ros_msgs' build argument 'cmake_force_configure' from command line to 'False'
[1.641s] Level 5:colcon.colcon_core.verb:set package 'decomp_ros_msgs' build argument 'ament_cmake_args' from command line to 'None'
[1.641s] Level 5:colcon.colcon_core.verb:set package 'decomp_ros_msgs' build argument 'catkin_cmake_args' from command line to 'None'
[1.641s] Level 5:colcon.colcon_core.verb:set package 'decomp_ros_msgs' build argument 'catkin_skip_building_tests' from command line to 'False'
[1.641s] DEBUG:colcon.colcon_core.verb:Building package 'decomp_ros_msgs' with the following arguments: {'ament_cmake_args': None, 'build_base': '/home/nvidia/gestelt_ws/src/gestelt2/build/decomp_ros_msgs', 'catkin_cmake_args': None, 'catkin_skip_building_tests': False, 'cmake_args': None, 'cmake_clean_cache': False, 'cmake_clean_first': False, 'cmake_force_configure': False, 'cmake_target': None, 'cmake_target_skip_unavailable': False, 'install_base': '/home/nvidia/gestelt_ws/src/gestelt2/install/decomp_ros_msgs', 'merge_install': False, 'path': '/home/nvidia/gestelt_ws/src/gestelt2/third_party/decomp_ros/decomp_ros_msgs', 'symlink_install': True, 'test_result_base': None}
[1.642s] Level 5:colcon.colcon_core.verb:set package 'decomp_util' build argument 'cmake_args' from command line to 'None'
[1.642s] Level 5:colcon.colcon_core.verb:set package 'decomp_util' build argument 'cmake_target' from command line to 'None'
[1.642s] Level 5:colcon.colcon_core.verb:set package 'decomp_util' build argument 'cmake_target_skip_unavailable' from command line to 'False'
[1.642s] Level 5:colcon.colcon_core.verb:set package 'decomp_util' build argument 'cmake_clean_cache' from command line to 'False'
[1.642s] Level 5:colcon.colcon_core.verb:set package 'decomp_util' build argument 'cmake_clean_first' from command line to 'False'
[1.642s] Level 5:colcon.colcon_core.verb:set package 'decomp_util' build argument 'cmake_force_configure' from command line to 'False'
[1.642s] Level 5:colcon.colcon_core.verb:set package 'decomp_util' build argument 'ament_cmake_args' from command line to 'None'
[1.642s] Level 5:colcon.colcon_core.verb:set package 'decomp_util' build argument 'catkin_cmake_args' from command line to 'None'
[1.642s] Level 5:colcon.colcon_core.verb:set package 'decomp_util' build argument 'catkin_skip_building_tests' from command line to 'False'
[1.643s] DEBUG:colcon.colcon_core.verb:Building package 'decomp_util' with the following arguments: {'ament_cmake_args': None, 'build_base': '/home/nvidia/gestelt_ws/src/gestelt2/build/decomp_util', 'catkin_cmake_args': None, 'catkin_skip_building_tests': False, 'cmake_args': None, 'cmake_clean_cache': False, 'cmake_clean_first': False, 'cmake_force_configure': False, 'cmake_target': None, 'cmake_target_skip_unavailable': False, 'install_base': '/home/nvidia/gestelt_ws/src/gestelt2/install/decomp_util', 'merge_install': False, 'path': '/home/nvidia/gestelt_ws/src/gestelt2/third_party/decomp_ros/decomp_util', 'symlink_install': True, 'test_result_base': None}
[1.643s] Level 5:colcon.colcon_core.verb:set package 'fake_map' build argument 'cmake_args' from command line to 'None'
[1.643s] Level 5:colcon.colcon_core.verb:set package 'fake_map' build argument 'cmake_target' from command line to 'None'
[1.643s] Level 5:colcon.colcon_core.verb:set package 'fake_map' build argument 'cmake_target_skip_unavailable' from command line to 'False'
[1.643s] Level 5:colcon.colcon_core.verb:set package 'fake_map' build argument 'cmake_clean_cache' from command line to 'False'
[1.643s] Level 5:colcon.colcon_core.verb:set package 'fake_map' build argument 'cmake_clean_first' from command line to 'False'
[1.643s] Level 5:colcon.colcon_core.verb:set package 'fake_map' build argument 'cmake_force_configure' from command line to 'False'
[1.644s] Level 5:colcon.colcon_core.verb:set package 'fake_map' build argument 'ament_cmake_args' from command line to 'None'
[1.644s] Level 5:colcon.colcon_core.verb:set package 'fake_map' build argument 'catkin_cmake_args' from command line to 'None'
[1.644s] Level 5:colcon.colcon_core.verb:set package 'fake_map' build argument 'catkin_skip_building_tests' from command line to 'False'
[1.644s] DEBUG:colcon.colcon_core.verb:Building package 'fake_map' with the following arguments: {'ament_cmake_args': None, 'build_base': '/home/nvidia/gestelt_ws/src/gestelt2/build/fake_map', 'catkin_cmake_args': None, 'catkin_skip_building_tests': False, 'cmake_args': None, 'cmake_clean_cache': False, 'cmake_clean_first': False, 'cmake_force_configure': False, 'cmake_target': None, 'cmake_target_skip_unavailable': False, 'install_base': '/home/nvidia/gestelt_ws/src/gestelt2/install/fake_map', 'merge_install': False, 'path': '/home/nvidia/gestelt_ws/src/gestelt2/swarm_tools/fake_map', 'symlink_install': True, 'test_result_base': None}
[1.644s] Level 5:colcon.colcon_core.verb:set package 'fake_sensor' build argument 'cmake_args' from command line to 'None'
[1.644s] Level 5:colcon.colcon_core.verb:set package 'fake_sensor' build argument 'cmake_target' from command line to 'None'
[1.644s] Level 5:colcon.colcon_core.verb:set package 'fake_sensor' build argument 'cmake_target_skip_unavailable' from command line to 'False'
[1.644s] Level 5:colcon.colcon_core.verb:set package 'fake_sensor' build argument 'cmake_clean_cache' from command line to 'False'
[1.645s] Level 5:colcon.colcon_core.verb:set package 'fake_sensor' build argument 'cmake_clean_first' from command line to 'False'
[1.645s] Level 5:colcon.colcon_core.verb:set package 'fake_sensor' build argument 'cmake_force_configure' from command line to 'False'
[1.645s] Level 5:colcon.colcon_core.verb:set package 'fake_sensor' build argument 'ament_cmake_args' from command line to 'None'
[1.645s] Level 5:colcon.colcon_core.verb:set package 'fake_sensor' build argument 'catkin_cmake_args' from command line to 'None'
[1.645s] Level 5:colcon.colcon_core.verb:set package 'fake_sensor' build argument 'catkin_skip_building_tests' from command line to 'False'
[1.645s] DEBUG:colcon.colcon_core.verb:Building package 'fake_sensor' with the following arguments: {'ament_cmake_args': None, 'build_base': '/home/nvidia/gestelt_ws/src/gestelt2/build/fake_sensor', 'catkin_cmake_args': None, 'catkin_skip_building_tests': False, 'cmake_args': None, 'cmake_clean_cache': False, 'cmake_clean_first': False, 'cmake_force_configure': False, 'cmake_target': None, 'cmake_target_skip_unavailable': False, 'install_base': '/home/nvidia/gestelt_ws/src/gestelt2/install/fake_sensor', 'merge_install': False, 'path': '/home/nvidia/gestelt_ws/src/gestelt2/swarm_tools/fake_sensor', 'symlink_install': True, 'test_result_base': None}
[1.645s] Level 5:colcon.colcon_core.verb:set package 'gestelt_commander' build argument 'cmake_args' from command line to 'None'
[1.645s] Level 5:colcon.colcon_core.verb:set package 'gestelt_commander' build argument 'cmake_target' from command line to 'None'
[1.646s] Level 5:colcon.colcon_core.verb:set package 'gestelt_commander' build argument 'cmake_target_skip_unavailable' from command line to 'False'
[1.646s] Level 5:colcon.colcon_core.verb:set package 'gestelt_commander' build argument 'cmake_clean_cache' from command line to 'False'
[1.646s] Level 5:colcon.colcon_core.verb:set package 'gestelt_commander' build argument 'cmake_clean_first' from command line to 'False'
[1.646s] Level 5:colcon.colcon_core.verb:set package 'gestelt_commander' build argument 'cmake_force_configure' from command line to 'False'
[1.646s] Level 5:colcon.colcon_core.verb:set package 'gestelt_commander' build argument 'ament_cmake_args' from command line to 'None'
[1.646s] Level 5:colcon.colcon_core.verb:set package 'gestelt_commander' build argument 'catkin_cmake_args' from command line to 'None'
[1.646s] Level 5:colcon.colcon_core.verb:set package 'gestelt_commander' build argument 'catkin_skip_building_tests' from command line to 'False'
[1.646s] DEBUG:colcon.colcon_core.verb:Building package 'gestelt_commander' with the following arguments: {'ament_cmake_args': None, 'build_base': '/home/nvidia/gestelt_ws/src/gestelt2/build/gestelt_commander', 'catkin_cmake_args': None, 'catkin_skip_building_tests': False, 'cmake_args': None, 'cmake_clean_cache': False, 'cmake_clean_first': False, 'cmake_force_configure': False, 'cmake_target': None, 'cmake_target_skip_unavailable': False, 'install_base': '/home/nvidia/gestelt_ws/src/gestelt2/install/gestelt_commander', 'merge_install': False, 'path': '/home/nvidia/gestelt_ws/src/gestelt2/gestelt_commander', 'symlink_install': True, 'test_result_base': None}
[1.646s] Level 5:colcon.colcon_core.verb:set package 'gestelt_interfaces' build argument 'cmake_args' from command line to 'None'
[1.647s] Level 5:colcon.colcon_core.verb:set package 'gestelt_interfaces' build argument 'cmake_target' from command line to 'None'
[1.647s] Level 5:colcon.colcon_core.verb:set package 'gestelt_interfaces' build argument 'cmake_target_skip_unavailable' from command line to 'False'
[1.647s] Level 5:colcon.colcon_core.verb:set package 'gestelt_interfaces' build argument 'cmake_clean_cache' from command line to 'False'
[1.647s] Level 5:colcon.colcon_core.verb:set package 'gestelt_interfaces' build argument 'cmake_clean_first' from command line to 'False'
[1.647s] Level 5:colcon.colcon_core.verb:set package 'gestelt_interfaces' build argument 'cmake_force_configure' from command line to 'False'
[1.647s] Level 5:colcon.colcon_core.verb:set package 'gestelt_interfaces' build argument 'ament_cmake_args' from command line to 'None'
[1.647s] Level 5:colcon.colcon_core.verb:set package 'gestelt_interfaces' build argument 'catkin_cmake_args' from command line to 'None'
[1.647s] Level 5:colcon.colcon_core.verb:set package 'gestelt_interfaces' build argument 'catkin_skip_building_tests' from command line to 'False'
[1.647s] DEBUG:colcon.colcon_core.verb:Building package 'gestelt_interfaces' with the following arguments: {'ament_cmake_args': None, 'build_base': '/home/nvidia/gestelt_ws/src/gestelt2/build/gestelt_interfaces', 'catkin_cmake_args': None, 'catkin_skip_building_tests': False, 'cmake_args': None, 'cmake_clean_cache': False, 'cmake_clean_first': False, 'cmake_force_configure': False, 'cmake_target': None, 'cmake_target_skip_unavailable': False, 'install_base': '/home/nvidia/gestelt_ws/src/gestelt2/install/gestelt_interfaces', 'merge_install': False, 'path': '/home/nvidia/gestelt_ws/src/gestelt2/interfaces/gestelt_interfaces', 'symlink_install': True, 'test_result_base': None}
[1.648s] Level 5:colcon.colcon_core.verb:set package 'ikd_tree' build argument 'cmake_args' from command line to 'None'
[1.648s] Level 5:colcon.colcon_core.verb:set package 'ikd_tree' build argument 'cmake_target' from command line to 'None'
[1.648s] Level 5:colcon.colcon_core.verb:set package 'ikd_tree' build argument 'cmake_target_skip_unavailable' from command line to 'False'
[1.648s] Level 5:colcon.colcon_core.verb:set package 'ikd_tree' build argument 'cmake_clean_cache' from command line to 'False'
[1.648s] Level 5:colcon.colcon_core.verb:set package 'ikd_tree' build argument 'cmake_clean_first' from command line to 'False'
[1.648s] Level 5:colcon.colcon_core.verb:set package 'ikd_tree' build argument 'cmake_force_configure' from command line to 'False'
[1.648s] Level 5:colcon.colcon_core.verb:set package 'ikd_tree' build argument 'ament_cmake_args' from command line to 'None'
[1.648s] Level 5:colcon.colcon_core.verb:set package 'ikd_tree' build argument 'catkin_cmake_args' from command line to 'None'
[1.648s] Level 5:colcon.colcon_core.verb:set package 'ikd_tree' build argument 'catkin_skip_building_tests' from command line to 'False'
[1.648s] DEBUG:colcon.colcon_core.verb:Building package 'ikd_tree' with the following arguments: {'ament_cmake_args': None, 'build_base': '/home/nvidia/gestelt_ws/src/gestelt2/build/ikd_tree', 'catkin_cmake_args': None, 'catkin_skip_building_tests': False, 'cmake_args': None, 'cmake_clean_cache': False, 'cmake_clean_first': False, 'cmake_force_configure': False, 'cmake_target': None, 'cmake_target_skip_unavailable': False, 'install_base': '/home/nvidia/gestelt_ws/src/gestelt2/install/ikd_tree', 'merge_install': False, 'path': '/home/nvidia/gestelt_ws/src/gestelt2/third_party/ikd_tree', 'symlink_install': True, 'test_result_base': None}
[1.649s] Level 5:colcon.colcon_core.verb:set package 'logger_wrapper' build argument 'cmake_args' from command line to 'None'
[1.649s] Level 5:colcon.colcon_core.verb:set package 'logger_wrapper' build argument 'cmake_target' from command line to 'None'
[1.649s] Level 5:colcon.colcon_core.verb:set package 'logger_wrapper' build argument 'cmake_target_skip_unavailable' from command line to 'False'
[1.649s] Level 5:colcon.colcon_core.verb:set package 'logger_wrapper' build argument 'cmake_clean_cache' from command line to 'False'
[1.649s] Level 5:colcon.colcon_core.verb:set package 'logger_wrapper' build argument 'cmake_clean_first' from command line to 'False'
[1.649s] Level 5:colcon.colcon_core.verb:set package 'logger_wrapper' build argument 'cmake_force_configure' from command line to 'False'
[1.649s] Level 5:colcon.colcon_core.verb:set package 'logger_wrapper' build argument 'ament_cmake_args' from command line to 'None'
[1.649s] Level 5:colcon.colcon_core.verb:set package 'logger_wrapper' build argument 'catkin_cmake_args' from command line to 'None'
[1.649s] Level 5:colcon.colcon_core.verb:set package 'logger_wrapper' build argument 'catkin_skip_building_tests' from command line to 'False'
[1.649s] DEBUG:colcon.colcon_core.verb:Building package 'logger_wrapper' with the following arguments: {'ament_cmake_args': None, 'build_base': '/home/nvidia/gestelt_ws/src/gestelt2/build/logger_wrapper', 'catkin_cmake_args': None, 'catkin_skip_building_tests': False, 'cmake_args': None, 'cmake_clean_cache': False, 'cmake_clean_first': False, 'cmake_force_configure': False, 'cmake_target': None, 'cmake_target_skip_unavailable': False, 'install_base': '/home/nvidia/gestelt_ws/src/gestelt2/install/logger_wrapper', 'merge_install': False, 'path': '/home/nvidia/gestelt_ws/src/gestelt2/utils/logger_wrapper', 'symlink_install': True, 'test_result_base': None}
[1.650s] Level 5:colcon.colcon_core.verb:set package 'decomp_ros_utils' build argument 'cmake_args' from command line to 'None'
[1.650s] Level 5:colcon.colcon_core.verb:set package 'decomp_ros_utils' build argument 'cmake_target' from command line to 'None'
[1.650s] Level 5:colcon.colcon_core.verb:set package 'decomp_ros_utils' build argument 'cmake_target_skip_unavailable' from command line to 'False'
[1.650s] Level 5:colcon.colcon_core.verb:set package 'decomp_ros_utils' build argument 'cmake_clean_cache' from command line to 'False'
[1.650s] Level 5:colcon.colcon_core.verb:set package 'decomp_ros_utils' build argument 'cmake_clean_first' from command line to 'False'
[1.650s] Level 5:colcon.colcon_core.verb:set package 'decomp_ros_utils' build argument 'cmake_force_configure' from command line to 'False'
[1.650s] Level 5:colcon.colcon_core.verb:set package 'decomp_ros_utils' build argument 'ament_cmake_args' from command line to 'None'
[1.650s] Level 5:colcon.colcon_core.verb:set package 'decomp_ros_utils' build argument 'catkin_cmake_args' from command line to 'None'
[1.650s] Level 5:colcon.colcon_core.verb:set package 'decomp_ros_utils' build argument 'catkin_skip_building_tests' from command line to 'False'
[1.650s] DEBUG:colcon.colcon_core.verb:Building package 'decomp_ros_utils' with the following arguments: {'ament_cmake_args': None, 'build_base': '/home/nvidia/gestelt_ws/src/gestelt2/build/decomp_ros_utils', 'catkin_cmake_args': None, 'catkin_skip_building_tests': False, 'cmake_args': None, 'cmake_clean_cache': False, 'cmake_clean_first': False, 'cmake_force_configure': False, 'cmake_target': None, 'cmake_target_skip_unavailable': False, 'install_base': '/home/nvidia/gestelt_ws/src/gestelt2/install/decomp_ros_utils', 'merge_install': False, 'path': '/home/nvidia/gestelt_ws/src/gestelt2/third_party/decomp_ros/decomp_ros_utils', 'symlink_install': True, 'test_result_base': None}
[1.651s] Level 5:colcon.colcon_core.verb:set package 'occ_map' build argument 'cmake_args' from command line to 'None'
[1.651s] Level 5:colcon.colcon_core.verb:set package 'occ_map' build argument 'cmake_target' from command line to 'None'
[1.651s] Level 5:colcon.colcon_core.verb:set package 'occ_map' build argument 'cmake_target_skip_unavailable' from command line to 'False'
[1.651s] Level 5:colcon.colcon_core.verb:set package 'occ_map' build argument 'cmake_clean_cache' from command line to 'False'
[1.651s] Level 5:colcon.colcon_core.verb:set package 'occ_map' build argument 'cmake_clean_first' from command line to 'False'
[1.651s] Level 5:colcon.colcon_core.verb:set package 'occ_map' build argument 'cmake_force_configure' from command line to 'False'
[1.651s] Level 5:colcon.colcon_core.verb:set package 'occ_map' build argument 'ament_cmake_args' from command line to 'None'
[1.651s] Level 5:colcon.colcon_core.verb:set package 'occ_map' build argument 'catkin_cmake_args' from command line to 'None'
[1.651s] Level 5:colcon.colcon_core.verb:set package 'occ_map' build argument 'catkin_skip_building_tests' from command line to 'False'
[1.651s] DEBUG:colcon.colcon_core.verb:Building package 'occ_map' with the following arguments: {'ament_cmake_args': None, 'build_base': '/home/nvidia/gestelt_ws/src/gestelt2/build/occ_map', 'catkin_cmake_args': None, 'catkin_skip_building_tests': False, 'cmake_args': None, 'cmake_clean_cache': False, 'cmake_clean_first': False, 'cmake_force_configure': False, 'cmake_target': None, 'cmake_target_skip_unavailable': False, 'install_base': '/home/nvidia/gestelt_ws/src/gestelt2/install/occ_map', 'merge_install': False, 'path': '/home/nvidia/gestelt_ws/src/gestelt2/occ_map', 'symlink_install': True, 'test_result_base': None}
[1.652s] Level 5:colcon.colcon_core.verb:set package 'trajectory_server' build argument 'cmake_args' from command line to 'None'
[1.652s] Level 5:colcon.colcon_core.verb:set package 'trajectory_server' build argument 'cmake_target' from command line to 'None'
[1.652s] Level 5:colcon.colcon_core.verb:set package 'trajectory_server' build argument 'cmake_target_skip_unavailable' from command line to 'False'
[1.652s] Level 5:colcon.colcon_core.verb:set package 'trajectory_server' build argument 'cmake_clean_cache' from command line to 'False'
[1.652s] Level 5:colcon.colcon_core.verb:set package 'trajectory_server' build argument 'cmake_clean_first' from command line to 'False'
[1.652s] Level 5:colcon.colcon_core.verb:set package 'trajectory_server' build argument 'cmake_force_configure' from command line to 'False'
[1.652s] Level 5:colcon.colcon_core.verb:set package 'trajectory_server' build argument 'ament_cmake_args' from command line to 'None'
[1.652s] Level 5:colcon.colcon_core.verb:set package 'trajectory_server' build argument 'catkin_cmake_args' from command line to 'None'
[1.652s] Level 5:colcon.colcon_core.verb:set package 'trajectory_server' build argument 'catkin_skip_building_tests' from command line to 'False'
[1.652s] DEBUG:colcon.colcon_core.verb:Building package 'trajectory_server' with the following arguments: {'ament_cmake_args': None, 'build_base': '/home/nvidia/gestelt_ws/src/gestelt2/build/trajectory_server', 'catkin_cmake_args': None, 'catkin_skip_building_tests': False, 'cmake_args': None, 'cmake_clean_cache': False, 'cmake_clean_first': False, 'cmake_force_configure': False, 'cmake_target': None, 'cmake_target_skip_unavailable': False, 'install_base': '/home/nvidia/gestelt_ws/src/gestelt2/install/trajectory_server', 'merge_install': False, 'path': '/home/nvidia/gestelt_ws/src/gestelt2/trajectory_server', 'symlink_install': True, 'test_result_base': None}
[1.653s] Level 5:colcon.colcon_core.verb:set package 'gestelt_core' build argument 'cmake_args' from command line to 'None'
[1.653s] Level 5:colcon.colcon_core.verb:set package 'gestelt_core' build argument 'cmake_target' from command line to 'None'
[1.653s] Level 5:colcon.colcon_core.verb:set package 'gestelt_core' build argument 'cmake_target_skip_unavailable' from command line to 'False'
[1.653s] Level 5:colcon.colcon_core.verb:set package 'gestelt_core' build argument 'cmake_clean_cache' from command line to 'False'
[1.653s] Level 5:colcon.colcon_core.verb:set package 'gestelt_core' build argument 'cmake_clean_first' from command line to 'False'
[1.653s] Level 5:colcon.colcon_core.verb:set package 'gestelt_core' build argument 'cmake_force_configure' from command line to 'False'
[1.653s] Level 5:colcon.colcon_core.verb:set package 'gestelt_core' build argument 'ament_cmake_args' from command line to 'None'
[1.653s] Level 5:colcon.colcon_core.verb:set package 'gestelt_core' build argument 'catkin_cmake_args' from command line to 'None'
[1.654s] Level 5:colcon.colcon_core.verb:set package 'gestelt_core' build argument 'catkin_skip_building_tests' from command line to 'False'
[1.654s] DEBUG:colcon.colcon_core.verb:Building package 'gestelt_core' with the following arguments: {'ament_cmake_args': None, 'build_base': '/home/nvidia/gestelt_ws/src/gestelt2/build/gestelt_core', 'catkin_cmake_args': None, 'catkin_skip_building_tests': False, 'cmake_args': None, 'cmake_clean_cache': False, 'cmake_clean_first': False, 'cmake_force_configure': False, 'cmake_target': None, 'cmake_target_skip_unavailable': False, 'install_base': '/home/nvidia/gestelt_ws/src/gestelt2/install/gestelt_core', 'merge_install': False, 'path': '/home/nvidia/gestelt_ws/src/gestelt2/gestelt_core', 'symlink_install': True, 'test_result_base': None}
[1.654s] Level 5:colcon.colcon_core.verb:set package 'astar_planner' build argument 'cmake_args' from command line to 'None'
[1.654s] Level 5:colcon.colcon_core.verb:set package 'astar_planner' build argument 'cmake_target' from command line to 'None'
[1.654s] Level 5:colcon.colcon_core.verb:set package 'astar_planner' build argument 'cmake_target_skip_unavailable' from command line to 'False'
[1.654s] Level 5:colcon.colcon_core.verb:set package 'astar_planner' build argument 'cmake_clean_cache' from command line to 'False'
[1.654s] Level 5:colcon.colcon_core.verb:set package 'astar_planner' build argument 'cmake_clean_first' from command line to 'False'
[1.654s] Level 5:colcon.colcon_core.verb:set package 'astar_planner' build argument 'cmake_force_configure' from command line to 'False'
[1.655s] Level 5:colcon.colcon_core.verb:set package 'astar_planner' build argument 'ament_cmake_args' from command line to 'None'
[1.655s] Level 5:colcon.colcon_core.verb:set package 'astar_planner' build argument 'catkin_cmake_args' from command line to 'None'
[1.655s] Level 5:colcon.colcon_core.verb:set package 'astar_planner' build argument 'catkin_skip_building_tests' from command line to 'False'
[1.655s] DEBUG:colcon.colcon_core.verb:Building package 'astar_planner' with the following arguments: {'ament_cmake_args': None, 'build_base': '/home/nvidia/gestelt_ws/src/gestelt2/build/astar_planner', 'catkin_cmake_args': None, 'catkin_skip_building_tests': False, 'cmake_args': None, 'cmake_clean_cache': False, 'cmake_clean_first': False, 'cmake_force_configure': False, 'cmake_target': None, 'cmake_target_skip_unavailable': False, 'install_base': '/home/nvidia/gestelt_ws/src/gestelt2/install/astar_planner', 'merge_install': False, 'path': '/home/nvidia/gestelt_ws/src/gestelt2/astar_planner', 'symlink_install': True, 'test_result_base': None}
[1.655s] Level 5:colcon.colcon_core.verb:set package 'gestelt_controller' build argument 'cmake_args' from command line to 'None'
[1.655s] Level 5:colcon.colcon_core.verb:set package 'gestelt_controller' build argument 'cmake_target' from command line to 'None'
[1.655s] Level 5:colcon.colcon_core.verb:set package 'gestelt_controller' build argument 'cmake_target_skip_unavailable' from command line to 'False'
[1.656s] Level 5:colcon.colcon_core.verb:set package 'gestelt_controller' build argument 'cmake_clean_cache' from command line to 'False'
[1.656s] Level 5:colcon.colcon_core.verb:set package 'gestelt_controller' build argument 'cmake_clean_first' from command line to 'False'
[1.656s] Level 5:colcon.colcon_core.verb:set package 'gestelt_controller' build argument 'cmake_force_configure' from command line to 'False'
[1.656s] Level 5:colcon.colcon_core.verb:set package 'gestelt_controller' build argument 'ament_cmake_args' from command line to 'None'
[1.656s] Level 5:colcon.colcon_core.verb:set package 'gestelt_controller' build argument 'catkin_cmake_args' from command line to 'None'
[1.656s] Level 5:colcon.colcon_core.verb:set package 'gestelt_controller' build argument 'catkin_skip_building_tests' from command line to 'False'
[1.656s] DEBUG:colcon.colcon_core.verb:Building package 'gestelt_controller' with the following arguments: {'ament_cmake_args': None, 'build_base': '/home/nvidia/gestelt_ws/src/gestelt2/build/gestelt_controller', 'catkin_cmake_args': None, 'catkin_skip_building_tests': False, 'cmake_args': None, 'cmake_clean_cache': False, 'cmake_clean_first': False, 'cmake_force_configure': False, 'cmake_target': None, 'cmake_target_skip_unavailable': False, 'install_base': '/home/nvidia/gestelt_ws/src/gestelt2/install/gestelt_controller', 'merge_install': False, 'path': '/home/nvidia/gestelt_ws/src/gestelt2/gestelt_controller', 'symlink_install': True, 'test_result_base': None}
[1.656s] Level 5:colcon.colcon_core.verb:set package 'gestelt_planner' build argument 'cmake_args' from command line to 'None'
[1.657s] Level 5:colcon.colcon_core.verb:set package 'gestelt_planner' build argument 'cmake_target' from command line to 'None'
[1.657s] Level 5:colcon.colcon_core.verb:set package 'gestelt_planner' build argument 'cmake_target_skip_unavailable' from command line to 'False'
[1.657s] Level 5:colcon.colcon_core.verb:set package 'gestelt_planner' build argument 'cmake_clean_cache' from command line to 'False'
[1.657s] Level 5:colcon.colcon_core.verb:set package 'gestelt_planner' build argument 'cmake_clean_first' from command line to 'False'
[1.657s] Level 5:colcon.colcon_core.verb:set package 'gestelt_planner' build argument 'cmake_force_configure' from command line to 'False'
[1.657s] Level 5:colcon.colcon_core.verb:set package 'gestelt_planner' build argument 'ament_cmake_args' from command line to 'None'
[1.657s] Level 5:colcon.colcon_core.verb:set package 'gestelt_planner' build argument 'catkin_cmake_args' from command line to 'None'
[1.657s] Level 5:colcon.colcon_core.verb:set package 'gestelt_planner' build argument 'catkin_skip_building_tests' from command line to 'False'
[1.657s] DEBUG:colcon.colcon_core.verb:Building package 'gestelt_planner' with the following arguments: {'ament_cmake_args': None, 'build_base': '/home/nvidia/gestelt_ws/src/gestelt2/build/gestelt_planner', 'catkin_cmake_args': None, 'catkin_skip_building_tests': False, 'cmake_args': None, 'cmake_clean_cache': False, 'cmake_clean_first': False, 'cmake_force_configure': False, 'cmake_target': None, 'cmake_target_skip_unavailable': False, 'install_base': '/home/nvidia/gestelt_ws/src/gestelt2/install/gestelt_planner', 'merge_install': False, 'path': '/home/nvidia/gestelt_ws/src/gestelt2/gestelt_planner', 'symlink_install': True, 'test_result_base': None}
[1.658s] Level 5:colcon.colcon_core.verb:set package 'linear_mpc_controller' build argument 'cmake_args' from command line to 'None'
[1.658s] Level 5:colcon.colcon_core.verb:set package 'linear_mpc_controller' build argument 'cmake_target' from command line to 'None'
[1.658s] Level 5:colcon.colcon_core.verb:set package 'linear_mpc_controller' build argument 'cmake_target_skip_unavailable' from command line to 'False'
[1.658s] Level 5:colcon.colcon_core.verb:set package 'linear_mpc_controller' build argument 'cmake_clean_cache' from command line to 'False'
[1.658s] Level 5:colcon.colcon_core.verb:set package 'linear_mpc_controller' build argument 'cmake_clean_first' from command line to 'False'
[1.658s] Level 5:colcon.colcon_core.verb:set package 'linear_mpc_controller' build argument 'cmake_force_configure' from command line to 'False'
[1.658s] Level 5:colcon.colcon_core.verb:set package 'linear_mpc_controller' build argument 'ament_cmake_args' from command line to 'None'
[1.658s] Level 5:colcon.colcon_core.verb:set package 'linear_mpc_controller' build argument 'catkin_cmake_args' from command line to 'None'
[1.658s] Level 5:colcon.colcon_core.verb:set package 'linear_mpc_controller' build argument 'catkin_skip_building_tests' from command line to 'False'
[1.658s] DEBUG:colcon.colcon_core.verb:Building package 'linear_mpc_controller' with the following arguments: {'ament_cmake_args': None, 'build_base': '/home/nvidia/gestelt_ws/src/gestelt2/build/linear_mpc_controller', 'catkin_cmake_args': None, 'catkin_skip_building_tests': False, 'cmake_args': None, 'cmake_clean_cache': False, 'cmake_clean_first': False, 'cmake_force_configure': False, 'cmake_target': None, 'cmake_target_skip_unavailable': False, 'install_base': '/home/nvidia/gestelt_ws/src/gestelt2/install/linear_mpc_controller', 'merge_install': False, 'path': '/home/nvidia/gestelt_ws/src/gestelt2/linear_mpc_controller', 'symlink_install': True, 'test_result_base': None}
[1.659s] Level 5:colcon.colcon_core.verb:set package 'gestelt_bringup' build argument 'cmake_args' from command line to 'None'
[1.659s] Level 5:colcon.colcon_core.verb:set package 'gestelt_bringup' build argument 'cmake_target' from command line to 'None'
[1.659s] Level 5:colcon.colcon_core.verb:set package 'gestelt_bringup' build argument 'cmake_target_skip_unavailable' from command line to 'False'
[1.659s] Level 5:colcon.colcon_core.verb:set package 'gestelt_bringup' build argument 'cmake_clean_cache' from command line to 'False'
[1.659s] Level 5:colcon.colcon_core.verb:set package 'gestelt_bringup' build argument 'cmake_clean_first' from command line to 'False'
[1.659s] Level 5:colcon.colcon_core.verb:set package 'gestelt_bringup' build argument 'cmake_force_configure' from command line to 'False'
[1.659s] Level 5:colcon.colcon_core.verb:set package 'gestelt_bringup' build argument 'ament_cmake_args' from command line to 'None'
[1.659s] Level 5:colcon.colcon_core.verb:set package 'gestelt_bringup' build argument 'catkin_cmake_args' from command line to 'None'
[1.659s] Level 5:colcon.colcon_core.verb:set package 'gestelt_bringup' build argument 'catkin_skip_building_tests' from command line to 'False'
[1.659s] DEBUG:colcon.colcon_core.verb:Building package 'gestelt_bringup' with the following arguments: {'ament_cmake_args': None, 'build_base': '/home/nvidia/gestelt_ws/src/gestelt2/build/gestelt_bringup', 'catkin_cmake_args': None, 'catkin_skip_building_tests': False, 'cmake_args': None, 'cmake_clean_cache': False, 'cmake_clean_first': False, 'cmake_force_configure': False, 'cmake_target': None, 'cmake_target_skip_unavailable': False, 'install_base': '/home/nvidia/gestelt_ws/src/gestelt2/install/gestelt_bringup', 'merge_install': False, 'path': '/home/nvidia/gestelt_ws/src/gestelt2/gestelt_bringup', 'symlink_install': True, 'test_result_base': None}
[1.659s] INFO:colcon.colcon_core.executor:Executing jobs using 'parallel' executor
[1.662s] DEBUG:colcon.colcon_parallel_executor.executor.parallel:run_until_complete
[1.663s] INFO:colcon.colcon_ros.task.ament_cmake.build:Building ROS package in '/home/nvidia/gestelt_ws/src/gestelt2/utils/logger_wrapper' with build type 'ament_cmake'
[1.663s] INFO:colcon.colcon_cmake.task.cmake.build:Building CMake package in '/home/nvidia/gestelt_ws/src/gestelt2/utils/logger_wrapper'
[1.676s] INFO:colcon.colcon_core.plugin_system:Skipping extension 'colcon_core.shell.bat': Not used on non-Windows systems
[1.677s] INFO:colcon.colcon_core.shell:Skip shell extension 'powershell' for command environment: Not usable outside of PowerShell
[1.677s] DEBUG:colcon.colcon_core.shell:Skip shell extension 'dsv' for command environment
[1.689s] INFO:colcon.colcon_ros.task.ament_cmake.build:Building ROS package in '/home/nvidia/gestelt_ws/src/gestelt2/third_party/bonxai' with build type 'ament_cmake'
[1.689s] INFO:colcon.colcon_cmake.task.cmake.build:Building CMake package in '/home/nvidia/gestelt_ws/src/gestelt2/third_party/bonxai'
[1.690s] INFO:colcon.colcon_core.shell:Skip shell extension 'powershell' for command environment: Not usable outside of PowerShell
[1.690s] DEBUG:colcon.colcon_core.shell:Skip shell extension 'dsv' for command environment
[1.701s] INFO:colcon.colcon_ros.task.ament_cmake.build:Building ROS package in '/home/nvidia/gestelt_ws/src/gestelt2/third_party/ikd_tree' with build type 'ament_cmake'
[1.702s] INFO:colcon.colcon_cmake.task.cmake.build:Building CMake package in '/home/nvidia/gestelt_ws/src/gestelt2/third_party/ikd_tree'
[1.702s] INFO:colcon.colcon_core.shell:Skip shell extension 'powershell' for command environment: Not usable outside of PowerShell
[1.702s] DEBUG:colcon.colcon_core.shell:Skip shell extension 'dsv' for command environment
[1.713s] INFO:colcon.colcon_ros.task.ament_cmake.build:Building ROS package in '/home/nvidia/gestelt_ws/src/gestelt2/third_party/decomp_ros/decomp_ros_msgs' with build type 'ament_cmake'
[1.714s] INFO:colcon.colcon_cmake.task.cmake.build:Building CMake package in '/home/nvidia/gestelt_ws/src/gestelt2/third_party/decomp_ros/decomp_ros_msgs'
[1.714s] INFO:colcon.colcon_core.shell:Skip shell extension 'powershell' for command environment: Not usable outside of PowerShell
[1.714s] DEBUG:colcon.colcon_core.shell:Skip shell extension 'dsv' for command environment
[1.725s] INFO:colcon.colcon_ros.task.ament_cmake.build:Building ROS package in '/home/nvidia/gestelt_ws/src/gestelt2/third_party/decomp_ros/decomp_util' with build type 'ament_cmake'
[1.725s] INFO:colcon.colcon_cmake.task.cmake.build:Building CMake package in '/home/nvidia/gestelt_ws/src/gestelt2/third_party/decomp_ros/decomp_util'
[1.726s] INFO:colcon.colcon_core.shell:Skip shell extension 'powershell' for command environment: Not usable outside of PowerShell
[1.726s] DEBUG:colcon.colcon_core.shell:Skip shell extension 'dsv' for command environment
[1.737s] INFO:colcon.colcon_ros.task.ament_cmake.build:Building ROS package in '/home/nvidia/gestelt_ws/src/gestelt2/interfaces/gestelt_interfaces' with build type 'ament_cmake'
[1.737s] INFO:colcon.colcon_cmake.task.cmake.build:Building CMake package in '/home/nvidia/gestelt_ws/src/gestelt2/interfaces/gestelt_interfaces'
[1.737s] INFO:colcon.colcon_core.shell:Skip shell extension 'powershell' for command environment: Not usable outside of PowerShell
[1.738s] DEBUG:colcon.colcon_core.shell:Skip shell extension 'dsv' for command environment
[1.748s] INFO:colcon.colcon_ros.task.ament_cmake.build:Building ROS package in '/home/nvidia/gestelt_ws/src/gestelt2/swarm_tools/fake_map' with build type 'ament_cmake'
[1.749s] INFO:colcon.colcon_cmake.task.cmake.build:Building CMake package in '/home/nvidia/gestelt_ws/src/gestelt2/swarm_tools/fake_map'
[1.749s] INFO:colcon.colcon_core.shell:Skip shell extension 'powershell' for command environment: Not usable outside of PowerShell
[1.749s] DEBUG:colcon.colcon_core.shell:Skip shell extension 'dsv' for command environment
[1.760s] INFO:colcon.colcon_ros.task.ament_cmake.build:Building ROS package in '/home/nvidia/gestelt_ws/src/gestelt2/swarm_tools/fake_sensor' with build type 'ament_cmake'
[1.761s] INFO:colcon.colcon_cmake.task.cmake.build:Building CMake package in '/home/nvidia/gestelt_ws/src/gestelt2/swarm_tools/fake_sensor'
[1.761s] INFO:colcon.colcon_core.shell:Skip shell extension 'powershell' for command environment: Not usable outside of PowerShell
[1.762s] DEBUG:colcon.colcon_core.shell:Skip shell extension 'dsv' for command environment
[1.784s] DEBUG:colcon.colcon_core.event_handler.log_command:Invoking command in '/home/nvidia/gestelt_ws/src/gestelt2/build/logger_wrapper': CMAKE_PREFIX_PATH=${CMAKE_PREFIX_PATH}:/home/nvidia/gestelt_ws/install/gestelt_commander:/home/nvidia/tl_vision2/install/vision:/home/nvidia/bridge_ws/install/vilota_bridge:/opt/ros/humble /usr/bin/cmake --build /home/nvidia/gestelt_ws/src/gestelt2/build/logger_wrapper -- -j8 -l8
[1.804s] DEBUG:colcon.colcon_core.event_handler.log_command:Invoking command in '/home/nvidia/gestelt_ws/src/gestelt2/build/bonxai': CMAKE_PREFIX_PATH=${CMAKE_PREFIX_PATH}:/home/nvidia/gestelt_ws/install/gestelt_commander:/home/nvidia/tl_vision2/install/vision:/home/nvidia/bridge_ws/install/vilota_bridge:/opt/ros/humble /usr/bin/cmake --build /home/nvidia/gestelt_ws/src/gestelt2/build/bonxai -- -j8 -l8
[1.812s] DEBUG:colcon.colcon_core.event_handler.log_command:Invoking command in '/home/nvidia/gestelt_ws/src/gestelt2/build/ikd_tree': CMAKE_PREFIX_PATH=${CMAKE_PREFIX_PATH}:/home/nvidia/gestelt_ws/install/gestelt_commander:/home/nvidia/tl_vision2/install/vision:/home/nvidia/bridge_ws/install/vilota_bridge:/opt/ros/humble /usr/bin/cmake --build /home/nvidia/gestelt_ws/src/gestelt2/build/ikd_tree -- -j8 -l8
[1.819s] DEBUG:colcon.colcon_core.event_handler.log_command:Invoking command in '/home/nvidia/gestelt_ws/src/gestelt2/build/decomp_ros_msgs': CMAKE_PREFIX_PATH=${CMAKE_PREFIX_PATH}:/home/nvidia/gestelt_ws/install/gestelt_commander:/home/nvidia/tl_vision2/install/vision:/home/nvidia/bridge_ws/install/vilota_bridge:/opt/ros/humble /usr/bin/cmake --build /home/nvidia/gestelt_ws/src/gestelt2/build/decomp_ros_msgs -- -j8 -l8
[1.827s] DEBUG:colcon.colcon_core.event_handler.log_command:Invoking command in '/home/nvidia/gestelt_ws/src/gestelt2/build/decomp_util': CMAKE_PREFIX_PATH=${CMAKE_PREFIX_PATH}:/home/nvidia/gestelt_ws/install/gestelt_commander:/home/nvidia/tl_vision2/install/vision:/home/nvidia/bridge_ws/install/vilota_bridge:/opt/ros/humble /usr/bin/cmake --build /home/nvidia/gestelt_ws/src/gestelt2/build/decomp_util -- -j8 -l8
[1.844s] DEBUG:colcon.colcon_core.event_handler.log_command:Invoking command in '/home/nvidia/gestelt_ws/src/gestelt2/build/gestelt_interfaces': CMAKE_PREFIX_PATH=${CMAKE_PREFIX_PATH}:/home/nvidia/gestelt_ws/install/gestelt_commander:/home/nvidia/tl_vision2/install/vision:/home/nvidia/bridge_ws/install/vilota_bridge:/opt/ros/humble /usr/bin/cmake --build /home/nvidia/gestelt_ws/src/gestelt2/build/gestelt_interfaces -- -j8 -l8
[1.854s] DEBUG:colcon.colcon_core.event_handler.log_command:Invoking command in '/home/nvidia/gestelt_ws/src/gestelt2/build/fake_map': CMAKE_PREFIX_PATH=${CMAKE_PREFIX_PATH}:/home/nvidia/gestelt_ws/install/gestelt_commander:/home/nvidia/tl_vision2/install/vision:/home/nvidia/bridge_ws/install/vilota_bridge:/opt/ros/humble /usr/bin/cmake --build /home/nvidia/gestelt_ws/src/gestelt2/build/fake_map -- -j8 -l8
[1.876s] DEBUG:colcon.colcon_core.event_handler.log_command:Invoking command in '/home/nvidia/gestelt_ws/src/gestelt2/build/fake_sensor': CMAKE_PREFIX_PATH=${CMAKE_PREFIX_PATH}:/home/nvidia/gestelt_ws/install/gestelt_commander:/home/nvidia/tl_vision2/install/vision:/home/nvidia/bridge_ws/install/vilota_bridge:/opt/ros/humble /usr/bin/cmake --build /home/nvidia/gestelt_ws/src/gestelt2/build/fake_sensor -- -j8 -l8
[2.226s] DEBUG:colcon.colcon_core.event_handler.log_command:Invoked command in '/home/nvidia/gestelt_ws/src/gestelt2/build/decomp_util' returned '0': CMAKE_PREFIX_PATH=${CMAKE_PREFIX_PATH}:/home/nvidia/gestelt_ws/install/gestelt_commander:/home/nvidia/tl_vision2/install/vision:/home/nvidia/bridge_ws/install/vilota_bridge:/opt/ros/humble /usr/bin/cmake --build /home/nvidia/gestelt_ws/src/gestelt2/build/decomp_util -- -j8 -l8
[2.259s] DEBUG:colcon.colcon_core.event_handler.log_command:Invoking command in '/home/nvidia/gestelt_ws/src/gestelt2/build/decomp_util': CMAKE_PREFIX_PATH=${CMAKE_PREFIX_PATH}:/home/nvidia/gestelt_ws/install/gestelt_commander:/home/nvidia/tl_vision2/install/vision:/home/nvidia/bridge_ws/install/vilota_bridge:/opt/ros/humble /usr/bin/cmake --install /home/nvidia/gestelt_ws/src/gestelt2/build/decomp_util
[2.273s] DEBUG:colcon.colcon_core.event_handler.log_command:Invoked command in '/home/nvidia/gestelt_ws/src/gestelt2/build/ikd_tree' returned '0': CMAKE_PREFIX_PATH=${CMAKE_PREFIX_PATH}:/home/nvidia/gestelt_ws/install/gestelt_commander:/home/nvidia/tl_vision2/install/vision:/home/nvidia/bridge_ws/install/vilota_bridge:/opt/ros/humble /usr/bin/cmake --build /home/nvidia/gestelt_ws/src/gestelt2/build/ikd_tree -- -j8 -l8
[2.285s] DEBUG:colcon.colcon_core.event_handler.log_command:Invoking command in '/home/nvidia/gestelt_ws/src/gestelt2/build/ikd_tree': CMAKE_PREFIX_PATH=${CMAKE_PREFIX_PATH}:/home/nvidia/gestelt_ws/install/gestelt_commander:/home/nvidia/tl_vision2/install/vision:/home/nvidia/bridge_ws/install/vilota_bridge:/opt/ros/humble /usr/bin/cmake --install /home/nvidia/gestelt_ws/src/gestelt2/build/ikd_tree
[2.308s] DEBUG:colcon.colcon_core.event_handler.log_command:Invoked command in '/home/nvidia/gestelt_ws/src/gestelt2/build/logger_wrapper' returned '0': CMAKE_PREFIX_PATH=${CMAKE_PREFIX_PATH}:/home/nvidia/gestelt_ws/install/gestelt_commander:/home/nvidia/tl_vision2/install/vision:/home/nvidia/bridge_ws/install/vilota_bridge:/opt/ros/humble /usr/bin/cmake --build /home/nvidia/gestelt_ws/src/gestelt2/build/logger_wrapper -- -j8 -l8
[2.321s] DEBUG:colcon.colcon_core.event_handler.log_command:Invoking command in '/home/nvidia/gestelt_ws/src/gestelt2/build/logger_wrapper': CMAKE_PREFIX_PATH=${CMAKE_PREFIX_PATH}:/home/nvidia/gestelt_ws/install/gestelt_commander:/home/nvidia/tl_vision2/install/vision:/home/nvidia/bridge_ws/install/vilota_bridge:/opt/ros/humble /usr/bin/cmake --install /home/nvidia/gestelt_ws/src/gestelt2/build/logger_wrapper
[2.334s] DEBUG:colcon.colcon_core.event_handler.log_command:Invoked command in '/home/nvidia/gestelt_ws/src/gestelt2/build/bonxai' returned '0': CMAKE_PREFIX_PATH=${CMAKE_PREFIX_PATH}:/home/nvidia/gestelt_ws/install/gestelt_commander:/home/nvidia/tl_vision2/install/vision:/home/nvidia/bridge_ws/install/vilota_bridge:/opt/ros/humble /usr/bin/cmake --build /home/nvidia/gestelt_ws/src/gestelt2/build/bonxai -- -j8 -l8
[2.343s] DEBUG:colcon.colcon_core.event_handler.log_command:Invoking command in '/home/nvidia/gestelt_ws/src/gestelt2/build/bonxai': CMAKE_PREFIX_PATH=${CMAKE_PREFIX_PATH}:/home/nvidia/gestelt_ws/install/gestelt_commander:/home/nvidia/tl_vision2/install/vision:/home/nvidia/bridge_ws/install/vilota_bridge:/opt/ros/humble /usr/bin/cmake --install /home/nvidia/gestelt_ws/src/gestelt2/build/bonxai
[2.352s] DEBUG:colcon.colcon_core.event_handler.log_command:Invoked command in '/home/nvidia/gestelt_ws/src/gestelt2/build/fake_map' returned '0': CMAKE_PREFIX_PATH=${CMAKE_PREFIX_PATH}:/home/nvidia/gestelt_ws/install/gestelt_commander:/home/nvidia/tl_vision2/install/vision:/home/nvidia/bridge_ws/install/vilota_bridge:/opt/ros/humble /usr/bin/cmake --build /home/nvidia/gestelt_ws/src/gestelt2/build/fake_map -- -j8 -l8
[2.358s] DEBUG:colcon.colcon_core.event_handler.log_command:Invoking command in '/home/nvidia/gestelt_ws/src/gestelt2/build/fake_map': CMAKE_PREFIX_PATH=${CMAKE_PREFIX_PATH}:/home/nvidia/gestelt_ws/install/gestelt_commander:/home/nvidia/tl_vision2/install/vision:/home/nvidia/bridge_ws/install/vilota_bridge:/opt/ros/humble /usr/bin/cmake --install /home/nvidia/gestelt_ws/src/gestelt2/build/fake_map
[2.881s] Level 1:colcon.colcon_core.environment:create_environment_scripts_only(ikd_tree)
[2.887s] DEBUG:colcon.colcon_core.event_handler.log_command:Invoked command in '/home/nvidia/gestelt_ws/src/gestelt2/build/ikd_tree' returned '0': CMAKE_PREFIX_PATH=${CMAKE_PREFIX_PATH}:/home/nvidia/gestelt_ws/install/gestelt_commander:/home/nvidia/tl_vision2/install/vision:/home/nvidia/bridge_ws/install/vilota_bridge:/opt/ros/humble /usr/bin/cmake --install /home/nvidia/gestelt_ws/src/gestelt2/build/ikd_tree
[2.901s] Level 1:colcon.colcon_core.environment:checking '/home/nvidia/gestelt_ws/src/gestelt2/install/ikd_tree' for CMake module files
[2.902s] Level 1:colcon.colcon_core.environment:checking '/home/nvidia/gestelt_ws/src/gestelt2/install/ikd_tree' for CMake config files
[2.903s] Level 1:colcon.colcon_core.shell:create_environment_hook('ikd_tree', 'cmake_prefix_path')
[2.906s] INFO:colcon.colcon_core.shell:Creating environment hook '/home/nvidia/gestelt_ws/src/gestelt2/install/ikd_tree/share/ikd_tree/hook/cmake_prefix_path.ps1'
[2.910s] INFO:colcon.colcon_core.shell:Creating environment descriptor '/home/nvidia/gestelt_ws/src/gestelt2/install/ikd_tree/share/ikd_tree/hook/cmake_prefix_path.dsv'
[2.912s] INFO:colcon.colcon_core.shell:Creating environment hook '/home/nvidia/gestelt_ws/src/gestelt2/install/ikd_tree/share/ikd_tree/hook/cmake_prefix_path.sh'
[2.915s] Level 1:colcon.colcon_core.environment:checking '/home/nvidia/gestelt_ws/src/gestelt2/install/ikd_tree/lib'
[2.915s] Level 1:colcon.colcon_core.shell:create_environment_hook('ikd_tree', 'ld_library_path_lib')
[2.916s] INFO:colcon.colcon_core.shell:Creating environment hook '/home/nvidia/gestelt_ws/src/gestelt2/install/ikd_tree/share/ikd_tree/hook/ld_library_path_lib.ps1'
[2.917s] INFO:colcon.colcon_core.shell:Creating environment descriptor '/home/nvidia/gestelt_ws/src/gestelt2/install/ikd_tree/share/ikd_tree/hook/ld_library_path_lib.dsv'
[2.919s] INFO:colcon.colcon_core.shell:Creating environment hook '/home/nvidia/gestelt_ws/src/gestelt2/install/ikd_tree/share/ikd_tree/hook/ld_library_path_lib.sh'
[2.920s] Level 1:colcon.colcon_core.environment:checking '/home/nvidia/gestelt_ws/src/gestelt2/install/ikd_tree/bin'
[2.920s] Level 1:colcon.colcon_core.environment:checking '/home/nvidia/gestelt_ws/src/gestelt2/install/ikd_tree/lib/pkgconfig/ikd_tree.pc'
[2.921s] Level 1:colcon.colcon_core.environment:checking '/home/nvidia/gestelt_ws/src/gestelt2/install/ikd_tree/lib/python3.10/site-packages'
[2.921s] Level 1:colcon.colcon_core.environment:checking '/home/nvidia/gestelt_ws/src/gestelt2/install/ikd_tree/bin'
[2.922s] INFO:colcon.colcon_core.shell:Creating package script '/home/nvidia/gestelt_ws/src/gestelt2/install/ikd_tree/share/ikd_tree/package.ps1'
[2.925s] INFO:colcon.colcon_core.shell:Creating package descriptor '/home/nvidia/gestelt_ws/src/gestelt2/install/ikd_tree/share/ikd_tree/package.dsv'
[2.930s] INFO:colcon.colcon_core.shell:Creating package script '/home/nvidia/gestelt_ws/src/gestelt2/install/ikd_tree/share/ikd_tree/package.sh'
[2.933s] INFO:colcon.colcon_core.shell:Creating package script '/home/nvidia/gestelt_ws/src/gestelt2/install/ikd_tree/share/ikd_tree/package.bash'
[2.936s] INFO:colcon.colcon_core.shell:Creating package script '/home/nvidia/gestelt_ws/src/gestelt2/install/ikd_tree/share/ikd_tree/package.zsh'
[2.938s] Level 1:colcon.colcon_core.environment:create_file_with_runtime_dependencies(/home/nvidia/gestelt_ws/src/gestelt2/install/ikd_tree/share/colcon-core/packages/ikd_tree)
[2.940s] Level 1:colcon.colcon_core.environment:create_environment_scripts_only(ikd_tree)
[2.940s] Level 1:colcon.colcon_core.environment:checking '/home/nvidia/gestelt_ws/src/gestelt2/install/ikd_tree' for CMake module files
[2.941s] Level 1:colcon.colcon_core.environment:checking '/home/nvidia/gestelt_ws/src/gestelt2/install/ikd_tree' for CMake config files
[2.942s] Level 1:colcon.colcon_core.shell:create_environment_hook('ikd_tree', 'cmake_prefix_path')
[2.942s] INFO:colcon.colcon_core.shell:Creating environment hook '/home/nvidia/gestelt_ws/src/gestelt2/install/ikd_tree/share/ikd_tree/hook/cmake_prefix_path.ps1'
[2.943s] INFO:colcon.colcon_core.shell:Creating environment descriptor '/home/nvidia/gestelt_ws/src/gestelt2/install/ikd_tree/share/ikd_tree/hook/cmake_prefix_path.dsv'
[2.944s] INFO:colcon.colcon_core.shell:Creating environment hook '/home/nvidia/gestelt_ws/src/gestelt2/install/ikd_tree/share/ikd_tree/hook/cmake_prefix_path.sh'
[2.945s] Level 1:colcon.colcon_core.environment:checking '/home/nvidia/gestelt_ws/src/gestelt2/install/ikd_tree/lib'
[2.946s] Level 1:colcon.colcon_core.shell:create_environment_hook('ikd_tree', 'ld_library_path_lib')
[2.946s] INFO:colcon.colcon_core.shell:Creating environment hook '/home/nvidia/gestelt_ws/src/gestelt2/install/ikd_tree/share/ikd_tree/hook/ld_library_path_lib.ps1'
[2.947s] INFO:colcon.colcon_core.shell:Creating environment descriptor '/home/nvidia/gestelt_ws/src/gestelt2/install/ikd_tree/share/ikd_tree/hook/ld_library_path_lib.dsv'
[2.948s] INFO:colcon.colcon_core.shell:Creating environment hook '/home/nvidia/gestelt_ws/src/gestelt2/install/ikd_tree/share/ikd_tree/hook/ld_library_path_lib.sh'
[2.949s] Level 1:colcon.colcon_core.environment:checking '/home/nvidia/gestelt_ws/src/gestelt2/install/ikd_tree/bin'
[2.949s] Level 1:colcon.colcon_core.environment:checking '/home/nvidia/gestelt_ws/src/gestelt2/install/ikd_tree/lib/pkgconfig/ikd_tree.pc'
[2.950s] Level 1:colcon.colcon_core.environment:checking '/home/nvidia/gestelt_ws/src/gestelt2/install/ikd_tree/lib/python3.10/site-packages'
[2.950s] Level 1:colcon.colcon_core.environment:checking '/home/nvidia/gestelt_ws/src/gestelt2/install/ikd_tree/bin'
[2.952s] INFO:colcon.colcon_core.shell:Creating package script '/home/nvidia/gestelt_ws/src/gestelt2/install/ikd_tree/share/ikd_tree/package.ps1'
[2.954s] INFO:colcon.colcon_core.shell:Creating package descriptor '/home/nvidia/gestelt_ws/src/gestelt2/install/ikd_tree/share/ikd_tree/package.dsv'
[2.955s] INFO:colcon.colcon_core.shell:Creating package script '/home/nvidia/gestelt_ws/src/gestelt2/install/ikd_tree/share/ikd_tree/package.sh'
[2.956s] INFO:colcon.colcon_core.shell:Creating package script '/home/nvidia/gestelt_ws/src/gestelt2/install/ikd_tree/share/ikd_tree/package.bash'
[2.957s] INFO:colcon.colcon_core.shell:Creating package script '/home/nvidia/gestelt_ws/src/gestelt2/install/ikd_tree/share/ikd_tree/package.zsh'
[2.958s] Level 1:colcon.colcon_core.environment:create_file_with_runtime_dependencies(/home/nvidia/gestelt_ws/src/gestelt2/install/ikd_tree/share/colcon-core/packages/ikd_tree)
[2.959s] INFO:colcon.colcon_ros.task.ament_python.build:Building ROS package in '/home/nvidia/gestelt_ws/src/gestelt2/gestelt_commander' with build type 'ament_python'
[2.960s] Level 1:colcon.colcon_core.shell:create_environment_hook('gestelt_commander', 'ament_prefix_path')
[2.960s] INFO:colcon.colcon_core.shell:Creating environment hook '/home/nvidia/gestelt_ws/src/gestelt2/install/gestelt_commander/share/gestelt_commander/hook/ament_prefix_path.ps1'
[2.962s] INFO:colcon.colcon_core.shell:Creating environment descriptor '/home/nvidia/gestelt_ws/src/gestelt2/install/gestelt_commander/share/gestelt_commander/hook/ament_prefix_path.dsv'
[2.963s] INFO:colcon.colcon_core.shell:Creating environment hook '/home/nvidia/gestelt_ws/src/gestelt2/install/gestelt_commander/share/gestelt_commander/hook/ament_prefix_path.sh'
[2.964s] INFO:colcon.colcon_core.shell:Skip shell extension 'powershell' for command environment: Not usable outside of PowerShell
[2.964s] DEBUG:colcon.colcon_core.shell:Skip shell extension 'dsv' for command environment
[2.983s] Level 1:colcon.colcon_core.environment:create_environment_scripts_only(bonxai)
[2.984s] Level 1:colcon.colcon_core.environment:checking '/home/nvidia/gestelt_ws/src/gestelt2/install/bonxai' for CMake module files
[2.987s] DEBUG:colcon.colcon_core.event_handler.log_command:Invoked command in '/home/nvidia/gestelt_ws/src/gestelt2/build/bonxai' returned '0': CMAKE_PREFIX_PATH=${CMAKE_PREFIX_PATH}:/home/nvidia/gestelt_ws/install/gestelt_commander:/home/nvidia/tl_vision2/install/vision:/home/nvidia/bridge_ws/install/vilota_bridge:/opt/ros/humble /usr/bin/cmake --install /home/nvidia/gestelt_ws/src/gestelt2/build/bonxai
[2.989s] Level 1:colcon.colcon_core.environment:checking '/home/nvidia/gestelt_ws/src/gestelt2/install/bonxai' for CMake config files
[2.990s] Level 1:colcon.colcon_core.shell:create_environment_hook('bonxai', 'cmake_prefix_path')
[2.990s] INFO:colcon.colcon_core.shell:Creating environment hook '/home/nvidia/gestelt_ws/src/gestelt2/install/bonxai/share/bonxai/hook/cmake_prefix_path.ps1'
[2.992s] INFO:colcon.colcon_core.shell:Creating environment descriptor '/home/nvidia/gestelt_ws/src/gestelt2/install/bonxai/share/bonxai/hook/cmake_prefix_path.dsv'
[2.993s] INFO:colcon.colcon_core.shell:Creating environment hook '/home/nvidia/gestelt_ws/src/gestelt2/install/bonxai/share/bonxai/hook/cmake_prefix_path.sh'
[2.994s] Level 1:colcon.colcon_core.environment:checking '/home/nvidia/gestelt_ws/src/gestelt2/install/bonxai/lib'
[2.994s] Level 1:colcon.colcon_core.shell:create_environment_hook('bonxai', 'ld_library_path_lib')
[2.995s] INFO:colcon.colcon_core.shell:Creating environment hook '/home/nvidia/gestelt_ws/src/gestelt2/install/bonxai/share/bonxai/hook/ld_library_path_lib.ps1'
[2.996s] INFO:colcon.colcon_core.shell:Creating environment descriptor '/home/nvidia/gestelt_ws/src/gestelt2/install/bonxai/share/bonxai/hook/ld_library_path_lib.dsv'
[2.996s] INFO:colcon.colcon_core.shell:Creating environment hook '/home/nvidia/gestelt_ws/src/gestelt2/install/bonxai/share/bonxai/hook/ld_library_path_lib.sh'
[2.997s] Level 1:colcon.colcon_core.environment:checking '/home/nvidia/gestelt_ws/src/gestelt2/install/bonxai/bin'
[2.997s] Level 1:colcon.colcon_core.environment:checking '/home/nvidia/gestelt_ws/src/gestelt2/install/bonxai/lib/pkgconfig/bonxai.pc'
[2.998s] Level 1:colcon.colcon_core.environment:checking '/home/nvidia/gestelt_ws/src/gestelt2/install/bonxai/lib/python3.10/site-packages'
[2.998s] Level 1:colcon.colcon_core.environment:checking '/home/nvidia/gestelt_ws/src/gestelt2/install/bonxai/bin'
[2.999s] INFO:colcon.colcon_core.shell:Creating package script '/home/nvidia/gestelt_ws/src/gestelt2/install/bonxai/share/bonxai/package.ps1'
[3.000s] INFO:colcon.colcon_core.shell:Creating package descriptor '/home/nvidia/gestelt_ws/src/gestelt2/install/bonxai/share/bonxai/package.dsv'
[3.001s] INFO:colcon.colcon_core.shell:Creating package script '/home/nvidia/gestelt_ws/src/gestelt2/install/bonxai/share/bonxai/package.sh'
[3.002s] INFO:colcon.colcon_core.shell:Creating package script '/home/nvidia/gestelt_ws/src/gestelt2/install/bonxai/share/bonxai/package.bash'
[3.002s] INFO:colcon.colcon_core.shell:Creating package script '/home/nvidia/gestelt_ws/src/gestelt2/install/bonxai/share/bonxai/package.zsh'
[3.003s] Level 1:colcon.colcon_core.environment:create_file_with_runtime_dependencies(/home/nvidia/gestelt_ws/src/gestelt2/install/bonxai/share/colcon-core/packages/bonxai)
[3.005s] Level 1:colcon.colcon_core.environment:create_environment_scripts_only(bonxai)
[3.005s] Level 1:colcon.colcon_core.environment:checking '/home/nvidia/gestelt_ws/src/gestelt2/install/bonxai' for CMake module files
[3.006s] Level 1:colcon.colcon_core.environment:checking '/home/nvidia/gestelt_ws/src/gestelt2/install/bonxai' for CMake config files
[3.007s] Level 1:colcon.colcon_core.shell:create_environment_hook('bonxai', 'cmake_prefix_path')
[3.008s] INFO:colcon.colcon_core.shell:Creating environment hook '/home/nvidia/gestelt_ws/src/gestelt2/install/bonxai/share/bonxai/hook/cmake_prefix_path.ps1'
[3.010s] INFO:colcon.colcon_core.shell:Creating environment descriptor '/home/nvidia/gestelt_ws/src/gestelt2/install/bonxai/share/bonxai/hook/cmake_prefix_path.dsv'
[3.011s] INFO:colcon.colcon_core.shell:Creating environment hook '/home/nvidia/gestelt_ws/src/gestelt2/install/bonxai/share/bonxai/hook/cmake_prefix_path.sh'
[3.012s] Level 1:colcon.colcon_core.environment:checking '/home/nvidia/gestelt_ws/src/gestelt2/install/bonxai/lib'
[3.012s] Level 1:colcon.colcon_core.shell:create_environment_hook('bonxai', 'ld_library_path_lib')
[3.013s] INFO:colcon.colcon_core.shell:Creating environment hook '/home/nvidia/gestelt_ws/src/gestelt2/install/bonxai/share/bonxai/hook/ld_library_path_lib.ps1'
[3.014s] INFO:colcon.colcon_core.shell:Creating environment descriptor '/home/nvidia/gestelt_ws/src/gestelt2/install/bonxai/share/bonxai/hook/ld_library_path_lib.dsv'
[3.014s] INFO:colcon.colcon_core.shell:Creating environment hook '/home/nvidia/gestelt_ws/src/gestelt2/install/bonxai/share/bonxai/hook/ld_library_path_lib.sh'
[3.015s] Level 1:colcon.colcon_core.environment:checking '/home/nvidia/gestelt_ws/src/gestelt2/install/bonxai/bin'
[3.015s] Level 1:colcon.colcon_core.environment:checking '/home/nvidia/gestelt_ws/src/gestelt2/install/bonxai/lib/pkgconfig/bonxai.pc'
[3.016s] Level 1:colcon.colcon_core.environment:checking '/home/nvidia/gestelt_ws/src/gestelt2/install/bonxai/lib/python3.10/site-packages'
[3.016s] Level 1:colcon.colcon_core.environment:checking '/home/nvidia/gestelt_ws/src/gestelt2/install/bonxai/bin'
[3.017s] INFO:colcon.colcon_core.shell:Creating package script '/home/nvidia/gestelt_ws/src/gestelt2/install/bonxai/share/bonxai/package.ps1'
[3.018s] INFO:colcon.colcon_core.shell:Creating package descriptor '/home/nvidia/gestelt_ws/src/gestelt2/install/bonxai/share/bonxai/package.dsv'
[3.019s] INFO:colcon.colcon_core.shell:Creating package script '/home/nvidia/gestelt_ws/src/gestelt2/install/bonxai/share/bonxai/package.sh'
[3.021s] INFO:colcon.colcon_core.shell:Creating package script '/home/nvidia/gestelt_ws/src/gestelt2/install/bonxai/share/bonxai/package.bash'
[3.022s] INFO:colcon.colcon_core.shell:Creating package script '/home/nvidia/gestelt_ws/src/gestelt2/install/bonxai/share/bonxai/package.zsh'
[3.023s] Level 1:colcon.colcon_core.environment:create_file_with_runtime_dependencies(/home/nvidia/gestelt_ws/src/gestelt2/install/bonxai/share/colcon-core/packages/bonxai)
[3.023s] Level 1:colcon.colcon_core.environment:create_environment_scripts_only(fake_map)
[3.024s] Level 1:colcon.colcon_core.environment:checking '/home/nvidia/gestelt_ws/src/gestelt2/install/fake_map' for CMake module files
[3.026s] DEBUG:colcon.colcon_core.event_handler.log_command:Invoked command in '/home/nvidia/gestelt_ws/src/gestelt2/build/fake_map' returned '0': CMAKE_PREFIX_PATH=${CMAKE_PREFIX_PATH}:/home/nvidia/gestelt_ws/install/gestelt_commander:/home/nvidia/tl_vision2/install/vision:/home/nvidia/bridge_ws/install/vilota_bridge:/opt/ros/humble /usr/bin/cmake --install /home/nvidia/gestelt_ws/src/gestelt2/build/fake_map
[3.027s] Level 1:colcon.colcon_core.environment:checking '/home/nvidia/gestelt_ws/src/gestelt2/install/fake_map' for CMake config files
[3.028s] Level 1:colcon.colcon_core.shell:create_environment_hook('fake_map', 'cmake_prefix_path')
[3.028s] INFO:colcon.colcon_core.shell:Creating environment hook '/home/nvidia/gestelt_ws/src/gestelt2/install/fake_map/share/fake_map/hook/cmake_prefix_path.ps1'
[3.030s] INFO:colcon.colcon_core.shell:Creating environment descriptor '/home/nvidia/gestelt_ws/src/gestelt2/install/fake_map/share/fake_map/hook/cmake_prefix_path.dsv'
[3.031s] INFO:colcon.colcon_core.shell:Creating environment hook '/home/nvidia/gestelt_ws/src/gestelt2/install/fake_map/share/fake_map/hook/cmake_prefix_path.sh'
[3.032s] Level 1:colcon.colcon_core.environment:checking '/home/nvidia/gestelt_ws/src/gestelt2/install/fake_map/lib'
[3.032s] Level 1:colcon.colcon_core.environment:checking '/home/nvidia/gestelt_ws/src/gestelt2/install/fake_map/bin'
[3.032s] Level 1:colcon.colcon_core.environment:checking '/home/nvidia/gestelt_ws/src/gestelt2/install/fake_map/lib/pkgconfig/fake_map.pc'
[3.033s] Level 1:colcon.colcon_core.environment:checking '/home/nvidia/gestelt_ws/src/gestelt2/install/fake_map/lib/python3.10/site-packages'
[3.033s] Level 1:colcon.colcon_core.environment:checking '/home/nvidia/gestelt_ws/src/gestelt2/install/fake_map/bin'
[3.034s] INFO:colcon.colcon_core.shell:Creating package script '/home/nvidia/gestelt_ws/src/gestelt2/install/fake_map/share/fake_map/package.ps1'
[3.035s] INFO:colcon.colcon_core.shell:Creating package descriptor '/home/nvidia/gestelt_ws/src/gestelt2/install/fake_map/share/fake_map/package.dsv'
[3.036s] INFO:colcon.colcon_core.shell:Creating package script '/home/nvidia/gestelt_ws/src/gestelt2/install/fake_map/share/fake_map/package.sh'
[3.037s] INFO:colcon.colcon_core.shell:Creating package script '/home/nvidia/gestelt_ws/src/gestelt2/install/fake_map/share/fake_map/package.bash'
[3.037s] INFO:colcon.colcon_core.shell:Creating package script '/home/nvidia/gestelt_ws/src/gestelt2/install/fake_map/share/fake_map/package.zsh'
[3.038s] Level 1:colcon.colcon_core.environment:create_file_with_runtime_dependencies(/home/nvidia/gestelt_ws/src/gestelt2/install/fake_map/share/colcon-core/packages/fake_map)
[3.039s] Level 1:colcon.colcon_core.environment:create_environment_scripts_only(fake_map)
[3.040s] Level 1:colcon.colcon_core.environment:checking '/home/nvidia/gestelt_ws/src/gestelt2/install/fake_map' for CMake module files
[3.041s] Level 1:colcon.colcon_core.environment:checking '/home/nvidia/gestelt_ws/src/gestelt2/install/fake_map' for CMake config files
[3.042s] Level 1:colcon.colcon_core.shell:create_environment_hook('fake_map', 'cmake_prefix_path')
[3.042s] INFO:colcon.colcon_core.shell:Creating environment hook '/home/nvidia/gestelt_ws/src/gestelt2/install/fake_map/share/fake_map/hook/cmake_prefix_path.ps1'
[3.044s] INFO:colcon.colcon_core.shell:Creating environment descriptor '/home/nvidia/gestelt_ws/src/gestelt2/install/fake_map/share/fake_map/hook/cmake_prefix_path.dsv'
[3.045s] INFO:colcon.colcon_core.shell:Creating environment hook '/home/nvidia/gestelt_ws/src/gestelt2/install/fake_map/share/fake_map/hook/cmake_prefix_path.sh'
[3.046s] Level 1:colcon.colcon_core.environment:checking '/home/nvidia/gestelt_ws/src/gestelt2/install/fake_map/lib'
[3.046s] Level 1:colcon.colcon_core.environment:checking '/home/nvidia/gestelt_ws/src/gestelt2/install/fake_map/bin'
[3.046s] Level 1:colcon.colcon_core.environment:checking '/home/nvidia/gestelt_ws/src/gestelt2/install/fake_map/lib/pkgconfig/fake_map.pc'
[3.047s] Level 1:colcon.colcon_core.environment:checking '/home/nvidia/gestelt_ws/src/gestelt2/install/fake_map/lib/python3.10/site-packages'
[3.047s] Level 1:colcon.colcon_core.environment:checking '/home/nvidia/gestelt_ws/src/gestelt2/install/fake_map/bin'
[3.048s] INFO:colcon.colcon_core.shell:Creating package script '/home/nvidia/gestelt_ws/src/gestelt2/install/fake_map/share/fake_map/package.ps1'
[3.049s] INFO:colcon.colcon_core.shell:Creating package descriptor '/home/nvidia/gestelt_ws/src/gestelt2/install/fake_map/share/fake_map/package.dsv'
[3.050s] INFO:colcon.colcon_core.shell:Creating package script '/home/nvidia/gestelt_ws/src/gestelt2/install/fake_map/share/fake_map/package.sh'
[3.051s] INFO:colcon.colcon_core.shell:Creating package script '/home/nvidia/gestelt_ws/src/gestelt2/install/fake_map/share/fake_map/package.bash'
[3.052s] INFO:colcon.colcon_core.shell:Creating package script '/home/nvidia/gestelt_ws/src/gestelt2/install/fake_map/share/fake_map/package.zsh'
[3.054s] Level 1:colcon.colcon_core.environment:create_file_with_runtime_dependencies(/home/nvidia/gestelt_ws/src/gestelt2/install/fake_map/share/colcon-core/packages/fake_map)
[3.055s] Level 1:colcon.colcon_core.environment:create_environment_scripts_only(logger_wrapper)
[3.055s] Level 1:colcon.colcon_core.environment:checking '/home/nvidia/gestelt_ws/src/gestelt2/install/logger_wrapper' for CMake module files
[3.058s] DEBUG:colcon.colcon_core.event_handler.log_command:Invoked command in '/home/nvidia/gestelt_ws/src/gestelt2/build/logger_wrapper' returned '0': CMAKE_PREFIX_PATH=${CMAKE_PREFIX_PATH}:/home/nvidia/gestelt_ws/install/gestelt_commander:/home/nvidia/tl_vision2/install/vision:/home/nvidia/bridge_ws/install/vilota_bridge:/opt/ros/humble /usr/bin/cmake --install /home/nvidia/gestelt_ws/src/gestelt2/build/logger_wrapper
[3.058s] Level 1:colcon.colcon_core.environment:checking '/home/nvidia/gestelt_ws/src/gestelt2/install/logger_wrapper' for CMake config files
[3.059s] Level 1:colcon.colcon_core.shell:create_environment_hook('logger_wrapper', 'cmake_prefix_path')
[3.060s] INFO:colcon.colcon_core.shell:Creating environment hook '/home/nvidia/gestelt_ws/src/gestelt2/install/logger_wrapper/share/logger_wrapper/hook/cmake_prefix_path.ps1'
[3.061s] INFO:colcon.colcon_core.shell:Creating environment descriptor '/home/nvidia/gestelt_ws/src/gestelt2/install/logger_wrapper/share/logger_wrapper/hook/cmake_prefix_path.dsv'
[3.061s] INFO:colcon.colcon_core.shell:Creating environment hook '/home/nvidia/gestelt_ws/src/gestelt2/install/logger_wrapper/share/logger_wrapper/hook/cmake_prefix_path.sh'
[3.063s] Level 1:colcon.colcon_core.environment:checking '/home/nvidia/gestelt_ws/src/gestelt2/install/logger_wrapper/lib'
[3.063s] Level 1:colcon.colcon_core.shell:create_environment_hook('logger_wrapper', 'ld_library_path_lib')
[3.063s] INFO:colcon.colcon_core.shell:Creating environment hook '/home/nvidia/gestelt_ws/src/gestelt2/install/logger_wrapper/share/logger_wrapper/hook/ld_library_path_lib.ps1'
[3.064s] INFO:colcon.colcon_core.shell:Creating environment descriptor '/home/nvidia/gestelt_ws/src/gestelt2/install/logger_wrapper/share/logger_wrapper/hook/ld_library_path_lib.dsv'
[3.065s] INFO:colcon.colcon_core.shell:Creating environment hook '/home/nvidia/gestelt_ws/src/gestelt2/install/logger_wrapper/share/logger_wrapper/hook/ld_library_path_lib.sh'
[3.066s] Level 1:colcon.colcon_core.environment:checking '/home/nvidia/gestelt_ws/src/gestelt2/install/logger_wrapper/bin'
[3.066s] Level 1:colcon.colcon_core.environment:checking '/home/nvidia/gestelt_ws/src/gestelt2/install/logger_wrapper/lib/pkgconfig/logger_wrapper.pc'
[3.067s] Level 1:colcon.colcon_core.environment:checking '/home/nvidia/gestelt_ws/src/gestelt2/install/logger_wrapper/lib/python3.10/site-packages'
[3.067s] Level 1:colcon.colcon_core.environment:checking '/home/nvidia/gestelt_ws/src/gestelt2/install/logger_wrapper/bin'
[3.068s] INFO:colcon.colcon_core.shell:Creating package script '/home/nvidia/gestelt_ws/src/gestelt2/install/logger_wrapper/share/logger_wrapper/package.ps1'
[3.069s] INFO:colcon.colcon_core.shell:Creating package descriptor '/home/nvidia/gestelt_ws/src/gestelt2/install/logger_wrapper/share/logger_wrapper/package.dsv'
[3.070s] INFO:colcon.colcon_core.shell:Creating package script '/home/nvidia/gestelt_ws/src/gestelt2/install/logger_wrapper/share/logger_wrapper/package.sh'
[3.071s] INFO:colcon.colcon_core.shell:Creating package script '/home/nvidia/gestelt_ws/src/gestelt2/install/logger_wrapper/share/logger_wrapper/package.bash'
[3.072s] INFO:colcon.colcon_core.shell:Creating package script '/home/nvidia/gestelt_ws/src/gestelt2/install/logger_wrapper/share/logger_wrapper/package.zsh'
[3.073s] Level 1:colcon.colcon_core.environment:create_file_with_runtime_dependencies(/home/nvidia/gestelt_ws/src/gestelt2/install/logger_wrapper/share/colcon-core/packages/logger_wrapper)
[3.074s] Level 1:colcon.colcon_core.environment:create_environment_scripts_only(logger_wrapper)
[3.075s] Level 1:colcon.colcon_core.environment:checking '/home/nvidia/gestelt_ws/src/gestelt2/install/logger_wrapper' for CMake module files
[3.076s] Level 1:colcon.colcon_core.environment:checking '/home/nvidia/gestelt_ws/src/gestelt2/install/logger_wrapper' for CMake config files
[3.077s] Level 1:colcon.colcon_core.shell:create_environment_hook('logger_wrapper', 'cmake_prefix_path')
[3.077s] INFO:colcon.colcon_core.shell:Creating environment hook '/home/nvidia/gestelt_ws/src/gestelt2/install/logger_wrapper/share/logger_wrapper/hook/cmake_prefix_path.ps1'
[3.078s] INFO:colcon.colcon_core.shell:Creating environment descriptor '/home/nvidia/gestelt_ws/src/gestelt2/install/logger_wrapper/share/logger_wrapper/hook/cmake_prefix_path.dsv'
[3.079s] INFO:colcon.colcon_core.shell:Creating environment hook '/home/nvidia/gestelt_ws/src/gestelt2/install/logger_wrapper/share/logger_wrapper/hook/cmake_prefix_path.sh'
[3.080s] Level 1:colcon.colcon_core.environment:checking '/home/nvidia/gestelt_ws/src/gestelt2/install/logger_wrapper/lib'
[3.080s] Level 1:colcon.colcon_core.shell:create_environment_hook('logger_wrapper', 'ld_library_path_lib')
[3.081s] INFO:colcon.colcon_core.shell:Creating environment hook '/home/nvidia/gestelt_ws/src/gestelt2/install/logger_wrapper/share/logger_wrapper/hook/ld_library_path_lib.ps1'
[3.081s] INFO:colcon.colcon_core.shell:Creating environment descriptor '/home/nvidia/gestelt_ws/src/gestelt2/install/logger_wrapper/share/logger_wrapper/hook/ld_library_path_lib.dsv'
[3.082s] INFO:colcon.colcon_core.shell:Creating environment hook '/home/nvidia/gestelt_ws/src/gestelt2/install/logger_wrapper/share/logger_wrapper/hook/ld_library_path_lib.sh'
[3.083s] Level 1:colcon.colcon_core.environment:checking '/home/nvidia/gestelt_ws/src/gestelt2/install/logger_wrapper/bin'
[3.083s] Level 1:colcon.colcon_core.environment:checking '/home/nvidia/gestelt_ws/src/gestelt2/install/logger_wrapper/lib/pkgconfig/logger_wrapper.pc'
[3.084s] Level 1:colcon.colcon_core.environment:checking '/home/nvidia/gestelt_ws/src/gestelt2/install/logger_wrapper/lib/python3.10/site-packages'
[3.084s] Level 1:colcon.colcon_core.environment:checking '/home/nvidia/gestelt_ws/src/gestelt2/install/logger_wrapper/bin'
[3.085s] INFO:colcon.colcon_core.shell:Creating package script '/home/nvidia/gestelt_ws/src/gestelt2/install/logger_wrapper/share/logger_wrapper/package.ps1'
[3.086s] INFO:colcon.colcon_core.shell:Creating package descriptor '/home/nvidia/gestelt_ws/src/gestelt2/install/logger_wrapper/share/logger_wrapper/package.dsv'
[3.087s] INFO:colcon.colcon_core.shell:Creating package script '/home/nvidia/gestelt_ws/src/gestelt2/install/logger_wrapper/share/logger_wrapper/package.sh'
[3.088s] INFO:colcon.colcon_core.shell:Creating package script '/home/nvidia/gestelt_ws/src/gestelt2/install/logger_wrapper/share/logger_wrapper/package.bash'
[3.089s] INFO:colcon.colcon_core.shell:Creating package script '/home/nvidia/gestelt_ws/src/gestelt2/install/logger_wrapper/share/logger_wrapper/package.zsh'
[3.090s] Level 1:colcon.colcon_core.environment:create_file_with_runtime_dependencies(/home/nvidia/gestelt_ws/src/gestelt2/install/logger_wrapper/share/colcon-core/packages/logger_wrapper)
[3.093s] INFO:colcon.colcon_ros.task.ament_cmake.build:Building ROS package in '/home/nvidia/gestelt_ws/src/gestelt2/occ_map' with build type 'ament_cmake'
[3.093s] INFO:colcon.colcon_cmake.task.cmake.build:Building CMake package in '/home/nvidia/gestelt_ws/src/gestelt2/occ_map'
[3.094s] INFO:colcon.colcon_core.shell:Skip shell extension 'powershell' for command environment: Not usable outside of PowerShell
[3.094s] DEBUG:colcon.colcon_core.shell:Skip shell extension 'dsv' for command environment
[3.778s] INFO:colcon.colcon_core.task.python.build:Building Python package in '/home/nvidia/gestelt_ws/src/gestelt2/gestelt_commander'
[3.778s] INFO:colcon.colcon_core.shell:Skip shell extension 'powershell' for command environment: Not usable outside of PowerShell
[3.779s] DEBUG:colcon.colcon_core.shell:Skip shell extension 'dsv' for command environment
[3.791s] DEBUG:colcon.colcon_core.event_handler.log_command:Invoked command in '/home/nvidia/gestelt_ws/src/gestelt2/build/decomp_ros_msgs' returned '0': CMAKE_PREFIX_PATH=${CMAKE_PREFIX_PATH}:/home/nvidia/gestelt_ws/install/gestelt_commander:/home/nvidia/tl_vision2/install/vision:/home/nvidia/bridge_ws/install/vilota_bridge:/opt/ros/humble /usr/bin/cmake --build /home/nvidia/gestelt_ws/src/gestelt2/build/decomp_ros_msgs -- -j8 -l8
[3.798s] DEBUG:colcon.colcon_core.event_handler.log_command:Invoking command in '/home/nvidia/gestelt_ws/src/gestelt2/build/decomp_ros_msgs': CMAKE_PREFIX_PATH=${CMAKE_PREFIX_PATH}:/home/nvidia/gestelt_ws/install/gestelt_commander:/home/nvidia/tl_vision2/install/vision:/home/nvidia/bridge_ws/install/vilota_bridge:/opt/ros/humble /usr/bin/cmake --install /home/nvidia/gestelt_ws/src/gestelt2/build/decomp_ros_msgs
[3.812s] Level 1:colcon.colcon_core.environment:create_environment_scripts_only(decomp_util)
[3.813s] Level 1:colcon.colcon_core.environment:checking '/home/nvidia/gestelt_ws/src/gestelt2/install/decomp_util' for CMake module files
[3.814s] DEBUG:colcon.colcon_core.event_handler.log_command:Invoking command in '/home/nvidia/gestelt_ws/src/gestelt2/build/occ_map': AMENT_PREFIX_PATH=/home/nvidia/gestelt_ws/src/gestelt2/install/logger_wrapper:/home/nvidia/gestelt_ws/src/gestelt2/install/ikd_tree:/home/nvidia/gestelt_ws/src/gestelt2/install/bonxai:${AMENT_PREFIX_PATH} CMAKE_PREFIX_PATH=/home/nvidia/gestelt_ws/src/gestelt2/install/logger_wrapper:/home/nvidia/gestelt_ws/src/gestelt2/install/ikd_tree:/home/nvidia/gestelt_ws/src/gestelt2/install/bonxai:/home/nvidia/gestelt_ws/install/gestelt_bringup:/home/nvidia/gestelt_ws/install/trajectory_server:/home/nvidia/gestelt_ws/install/linear_mpc_controller:/home/nvidia/gestelt_ws/install/gestelt_planner:/home/nvidia/gestelt_ws/install/gestelt_controller:/home/nvidia/gestelt_ws/install/astar_planner:/home/nvidia/gestelt_ws/install/gestelt_core:/home/nvidia/gestelt_ws/install/occ_map:/home/nvidia/gestelt_ws/install/logger_wrapper:/home/nvidia/gestelt_ws/install/ikd_tree:/home/nvidia/gestelt_ws/install/gestelt_interfaces:/home/nvidia/gestelt_ws/install/fake_sensor:/home/nvidia/gestelt_ws/install/fake_map:/home/nvidia/gestelt_ws/install/decomp_ros_utils:/home/nvidia/gestelt_ws/install/decomp_util:/home/nvidia/gestelt_ws/install/decomp_ros_msgs:/home/nvidia/gestelt_ws/install/bonxai:/home/nvidia/tl_vision2/install/vrpn_mocap:/home/nvidia/tl_vision2/install/px4_msgs:/home/nvidia/bridge_ws/install/depth2pcl:/home/nvidia/gestelt_ws/install/gestelt_commander:/home/nvidia/tl_vision2/install/vision:/home/nvidia/bridge_ws/install/vilota_bridge:/opt/ros/humble LD_LIBRARY_PATH=/home/nvidia/gestelt_ws/src/gestelt2/install/logger_wrapper/lib:/home/nvidia/gestelt_ws/src/gestelt2/install/ikd_tree/lib:/home/nvidia/gestelt_ws/src/gestelt2/install/bonxai/lib:${LD_LIBRARY_PATH} /usr/bin/cmake --build /home/nvidia/gestelt_ws/src/gestelt2/build/occ_map -- -j8 -l8
[3.814s] DEBUG:colcon.colcon_core.event_handler.log_command:Invoked command in '/home/nvidia/gestelt_ws/src/gestelt2/build/decomp_util' returned '0': CMAKE_PREFIX_PATH=${CMAKE_PREFIX_PATH}:/home/nvidia/gestelt_ws/install/gestelt_commander:/home/nvidia/tl_vision2/install/vision:/home/nvidia/bridge_ws/install/vilota_bridge:/opt/ros/humble /usr/bin/cmake --install /home/nvidia/gestelt_ws/src/gestelt2/build/decomp_util
[3.815s] Level 1:colcon.colcon_core.environment:checking '/home/nvidia/gestelt_ws/src/gestelt2/install/decomp_util' for CMake config files
[3.816s] Level 1:colcon.colcon_core.shell:create_environment_hook('decomp_util', 'cmake_prefix_path')
[3.817s] INFO:colcon.colcon_core.shell:Creating environment hook '/home/nvidia/gestelt_ws/src/gestelt2/install/decomp_util/share/decomp_util/hook/cmake_prefix_path.ps1'
[3.818s] INFO:colcon.colcon_core.shell:Creating environment descriptor '/home/nvidia/gestelt_ws/src/gestelt2/install/decomp_util/share/decomp_util/hook/cmake_prefix_path.dsv'
[3.819s] INFO:colcon.colcon_core.shell:Creating environment hook '/home/nvidia/gestelt_ws/src/gestelt2/install/decomp_util/share/decomp_util/hook/cmake_prefix_path.sh'
[3.820s] Level 1:colcon.colcon_core.environment:checking '/home/nvidia/gestelt_ws/src/gestelt2/install/decomp_util/lib'
[3.820s] Level 1:colcon.colcon_core.environment:checking '/home/nvidia/gestelt_ws/src/gestelt2/install/decomp_util/bin'
[3.821s] Level 1:colcon.colcon_core.environment:checking '/home/nvidia/gestelt_ws/src/gestelt2/install/decomp_util/lib/pkgconfig/decomp_util.pc'
[3.821s] Level 1:colcon.colcon_core.environment:checking '/home/nvidia/gestelt_ws/src/gestelt2/install/decomp_util/lib/python3.10/site-packages'
[3.822s] Level 1:colcon.colcon_core.environment:checking '/home/nvidia/gestelt_ws/src/gestelt2/install/decomp_util/bin'
[3.823s] INFO:colcon.colcon_core.shell:Creating package script '/home/nvidia/gestelt_ws/src/gestelt2/install/decomp_util/share/decomp_util/package.ps1'
[3.825s] INFO:colcon.colcon_core.shell:Creating package descriptor '/home/nvidia/gestelt_ws/src/gestelt2/install/decomp_util/share/decomp_util/package.dsv'
[3.826s] INFO:colcon.colcon_core.shell:Creating package script '/home/nvidia/gestelt_ws/src/gestelt2/install/decomp_util/share/decomp_util/package.sh'
[3.827s] INFO:colcon.colcon_core.shell:Creating package script '/home/nvidia/gestelt_ws/src/gestelt2/install/decomp_util/share/decomp_util/package.bash'
[3.828s] INFO:colcon.colcon_core.shell:Creating package script '/home/nvidia/gestelt_ws/src/gestelt2/install/decomp_util/share/decomp_util/package.zsh'
[3.829s] Level 1:colcon.colcon_core.environment:create_file_with_runtime_dependencies(/home/nvidia/gestelt_ws/src/gestelt2/install/decomp_util/share/colcon-core/packages/decomp_util)
[3.830s] Level 1:colcon.colcon_core.environment:create_environment_scripts_only(decomp_util)
[3.831s] Level 1:colcon.colcon_core.environment:checking '/home/nvidia/gestelt_ws/src/gestelt2/install/decomp_util' for CMake module files
[3.832s] Level 1:colcon.colcon_core.environment:checking '/home/nvidia/gestelt_ws/src/gestelt2/install/decomp_util' for CMake config files
[3.833s] Level 1:colcon.colcon_core.shell:create_environment_hook('decomp_util', 'cmake_prefix_path')
[3.833s] INFO:colcon.colcon_core.shell:Creating environment hook '/home/nvidia/gestelt_ws/src/gestelt2/install/decomp_util/share/decomp_util/hook/cmake_prefix_path.ps1'
[3.834s] INFO:colcon.colcon_core.shell:Creating environment descriptor '/home/nvidia/gestelt_ws/src/gestelt2/install/decomp_util/share/decomp_util/hook/cmake_prefix_path.dsv'
[3.835s] INFO:colcon.colcon_core.shell:Creating environment hook '/home/nvidia/gestelt_ws/src/gestelt2/install/decomp_util/share/decomp_util/hook/cmake_prefix_path.sh'
[3.837s] Level 1:colcon.colcon_core.environment:checking '/home/nvidia/gestelt_ws/src/gestelt2/install/decomp_util/lib'
[3.837s] Level 1:colcon.colcon_core.environment:checking '/home/nvidia/gestelt_ws/src/gestelt2/install/decomp_util/bin'
[3.837s] Level 1:colcon.colcon_core.environment:checking '/home/nvidia/gestelt_ws/src/gestelt2/install/decomp_util/lib/pkgconfig/decomp_util.pc'
[3.838s] Level 1:colcon.colcon_core.environment:checking '/home/nvidia/gestelt_ws/src/gestelt2/install/decomp_util/lib/python3.10/site-packages'
[3.838s] Level 1:colcon.colcon_core.environment:checking '/home/nvidia/gestelt_ws/src/gestelt2/install/decomp_util/bin'
[3.839s] INFO:colcon.colcon_core.shell:Creating package script '/home/nvidia/gestelt_ws/src/gestelt2/install/decomp_util/share/decomp_util/package.ps1'
[3.840s] INFO:colcon.colcon_core.shell:Creating package descriptor '/home/nvidia/gestelt_ws/src/gestelt2/install/decomp_util/share/decomp_util/package.dsv'
[3.841s] INFO:colcon.colcon_core.shell:Creating package script '/home/nvidia/gestelt_ws/src/gestelt2/install/decomp_util/share/decomp_util/package.sh'
[3.842s] INFO:colcon.colcon_core.shell:Creating package script '/home/nvidia/gestelt_ws/src/gestelt2/install/decomp_util/share/decomp_util/package.bash'
[3.843s] INFO:colcon.colcon_core.shell:Creating package script '/home/nvidia/gestelt_ws/src/gestelt2/install/decomp_util/share/decomp_util/package.zsh'
[3.844s] Level 1:colcon.colcon_core.environment:create_file_with_runtime_dependencies(/home/nvidia/gestelt_ws/src/gestelt2/install/decomp_util/share/colcon-core/packages/decomp_util)
[4.828s] DEBUG:colcon.colcon_core.event_handler.log_command:Invoking command in '/home/nvidia/gestelt_ws/src/gestelt2/build/gestelt_commander': PYTHONPATH=/home/nvidia/gestelt_ws/src/gestelt2/build/gestelt_commander/prefix_override:/usr/lib/python3/dist-packages/colcon_core/task/python/colcon_distutils_commands:/home/nvidia/gestelt_ws/src/gestelt2/install/gestelt_commander/lib/python3.10/site-packages:${PYTHONPATH} /usr/bin/python3 -W ignore:setup.py install is deprecated -W ignore:easy_install command is deprecated setup.py develop --editable --build-directory /home/nvidia/gestelt_ws/src/gestelt2/build/gestelt_commander/build --no-deps symlink_data
[6.015s] Level 1:colcon.colcon_core.environment:create_environment_scripts_only(decomp_ros_msgs)
[6.016s] Level 1:colcon.colcon_core.environment:checking '/home/nvidia/gestelt_ws/src/gestelt2/install/decomp_ros_msgs' for CMake module files
[6.017s] DEBUG:colcon.colcon_core.event_handler.log_command:Invoked command in '/home/nvidia/gestelt_ws/src/gestelt2/build/decomp_ros_msgs' returned '0': CMAKE_PREFIX_PATH=${CMAKE_PREFIX_PATH}:/home/nvidia/gestelt_ws/install/gestelt_commander:/home/nvidia/tl_vision2/install/vision:/home/nvidia/bridge_ws/install/vilota_bridge:/opt/ros/humble /usr/bin/cmake --install /home/nvidia/gestelt_ws/src/gestelt2/build/decomp_ros_msgs
[6.019s] Level 1:colcon.colcon_core.environment:checking '/home/nvidia/gestelt_ws/src/gestelt2/install/decomp_ros_msgs' for CMake config files
[6.023s] Level 1:colcon.colcon_core.shell:create_environment_hook('decomp_ros_msgs', 'cmake_prefix_path')
[6.023s] INFO:colcon.colcon_core.shell:Creating environment hook '/home/nvidia/gestelt_ws/src/gestelt2/install/decomp_ros_msgs/share/decomp_ros_msgs/hook/cmake_prefix_path.ps1'
[6.025s] INFO:colcon.colcon_core.shell:Creating environment descriptor '/home/nvidia/gestelt_ws/src/gestelt2/install/decomp_ros_msgs/share/decomp_ros_msgs/hook/cmake_prefix_path.dsv'
[6.026s] INFO:colcon.colcon_core.shell:Creating environment hook '/home/nvidia/gestelt_ws/src/gestelt2/install/decomp_ros_msgs/share/decomp_ros_msgs/hook/cmake_prefix_path.sh'
[6.028s] Level 1:colcon.colcon_core.environment:checking '/home/nvidia/gestelt_ws/src/gestelt2/install/decomp_ros_msgs/lib'
[6.028s] Level 1:colcon.colcon_core.shell:create_environment_hook('decomp_ros_msgs', 'ld_library_path_lib')
[6.028s] INFO:colcon.colcon_core.shell:Creating environment hook '/home/nvidia/gestelt_ws/src/gestelt2/install/decomp_ros_msgs/share/decomp_ros_msgs/hook/ld_library_path_lib.ps1'
[6.030s] INFO:colcon.colcon_core.shell:Creating environment descriptor '/home/nvidia/gestelt_ws/src/gestelt2/install/decomp_ros_msgs/share/decomp_ros_msgs/hook/ld_library_path_lib.dsv'
[6.031s] INFO:colcon.colcon_core.shell:Creating environment hook '/home/nvidia/gestelt_ws/src/gestelt2/install/decomp_ros_msgs/share/decomp_ros_msgs/hook/ld_library_path_lib.sh'
[6.032s] Level 1:colcon.colcon_core.environment:checking '/home/nvidia/gestelt_ws/src/gestelt2/install/decomp_ros_msgs/bin'
[6.034s] Level 1:colcon.colcon_core.environment:checking '/home/nvidia/gestelt_ws/src/gestelt2/install/decomp_ros_msgs/lib/pkgconfig/decomp_ros_msgs.pc'
[6.035s] Level 1:colcon.colcon_core.environment:checking '/home/nvidia/gestelt_ws/src/gestelt2/install/decomp_ros_msgs/lib/python3.10/site-packages'
[6.038s] Level 1:colcon.colcon_core.environment:checking '/home/nvidia/gestelt_ws/src/gestelt2/install/decomp_ros_msgs/bin'
[6.040s] INFO:colcon.colcon_core.shell:Creating package script '/home/nvidia/gestelt_ws/src/gestelt2/install/decomp_ros_msgs/share/decomp_ros_msgs/package.ps1'
[6.041s] INFO:colcon.colcon_core.shell:Creating package descriptor '/home/nvidia/gestelt_ws/src/gestelt2/install/decomp_ros_msgs/share/decomp_ros_msgs/package.dsv'
[6.043s] INFO:colcon.colcon_core.shell:Creating package script '/home/nvidia/gestelt_ws/src/gestelt2/install/decomp_ros_msgs/share/decomp_ros_msgs/package.sh'
[6.045s] INFO:colcon.colcon_core.shell:Creating package script '/home/nvidia/gestelt_ws/src/gestelt2/install/decomp_ros_msgs/share/decomp_ros_msgs/package.bash'
[6.046s] INFO:colcon.colcon_core.shell:Creating package script '/home/nvidia/gestelt_ws/src/gestelt2/install/decomp_ros_msgs/share/decomp_ros_msgs/package.zsh'
[6.047s] Level 1:colcon.colcon_core.environment:create_file_with_runtime_dependencies(/home/nvidia/gestelt_ws/src/gestelt2/install/decomp_ros_msgs/share/colcon-core/packages/decomp_ros_msgs)
[6.049s] Level 1:colcon.colcon_core.environment:create_environment_scripts_only(decomp_ros_msgs)
[6.049s] Level 1:colcon.colcon_core.environment:checking '/home/nvidia/gestelt_ws/src/gestelt2/install/decomp_ros_msgs' for CMake module files
[6.052s] Level 1:colcon.colcon_core.environment:checking '/home/nvidia/gestelt_ws/src/gestelt2/install/decomp_ros_msgs' for CMake config files
[6.056s] Level 1:colcon.colcon_core.shell:create_environment_hook('decomp_ros_msgs', 'cmake_prefix_path')
[6.056s] INFO:colcon.colcon_core.shell:Creating environment hook '/home/nvidia/gestelt_ws/src/gestelt2/install/decomp_ros_msgs/share/decomp_ros_msgs/hook/cmake_prefix_path.ps1'
[6.058s] INFO:colcon.colcon_core.shell:Creating environment descriptor '/home/nvidia/gestelt_ws/src/gestelt2/install/decomp_ros_msgs/share/decomp_ros_msgs/hook/cmake_prefix_path.dsv'
[6.059s] INFO:colcon.colcon_core.shell:Creating environment hook '/home/nvidia/gestelt_ws/src/gestelt2/install/decomp_ros_msgs/share/decomp_ros_msgs/hook/cmake_prefix_path.sh'
[6.061s] Level 1:colcon.colcon_core.environment:checking '/home/nvidia/gestelt_ws/src/gestelt2/install/decomp_ros_msgs/lib'
[6.061s] Level 1:colcon.colcon_core.shell:create_environment_hook('decomp_ros_msgs', 'ld_library_path_lib')
[6.062s] INFO:colcon.colcon_core.shell:Creating environment hook '/home/nvidia/gestelt_ws/src/gestelt2/install/decomp_ros_msgs/share/decomp_ros_msgs/hook/ld_library_path_lib.ps1'
[6.064s] INFO:colcon.colcon_core.shell:Creating environment descriptor '/home/nvidia/gestelt_ws/src/gestelt2/install/decomp_ros_msgs/share/decomp_ros_msgs/hook/ld_library_path_lib.dsv'
[6.065s] INFO:colcon.colcon_core.shell:Creating environment hook '/home/nvidia/gestelt_ws/src/gestelt2/install/decomp_ros_msgs/share/decomp_ros_msgs/hook/ld_library_path_lib.sh'
[6.071s] Level 1:colcon.colcon_core.environment:checking '/home/nvidia/gestelt_ws/src/gestelt2/install/decomp_ros_msgs/bin'
[6.074s] Level 1:colcon.colcon_core.environment:checking '/home/nvidia/gestelt_ws/src/gestelt2/install/decomp_ros_msgs/lib/pkgconfig/decomp_ros_msgs.pc'
[6.075s] Level 1:colcon.colcon_core.environment:checking '/home/nvidia/gestelt_ws/src/gestelt2/install/decomp_ros_msgs/lib/python3.10/site-packages'
[6.076s] Level 1:colcon.colcon_core.environment:checking '/home/nvidia/gestelt_ws/src/gestelt2/install/decomp_ros_msgs/bin'
[6.076s] INFO:colcon.colcon_core.shell:Creating package script '/home/nvidia/gestelt_ws/src/gestelt2/install/decomp_ros_msgs/share/decomp_ros_msgs/package.ps1'
[6.078s] INFO:colcon.colcon_core.shell:Creating package descriptor '/home/nvidia/gestelt_ws/src/gestelt2/install/decomp_ros_msgs/share/decomp_ros_msgs/package.dsv'
[6.079s] INFO:colcon.colcon_core.shell:Creating package script '/home/nvidia/gestelt_ws/src/gestelt2/install/decomp_ros_msgs/share/decomp_ros_msgs/package.sh'
[6.080s] INFO:colcon.colcon_core.shell:Creating package script '/home/nvidia/gestelt_ws/src/gestelt2/install/decomp_ros_msgs/share/decomp_ros_msgs/package.bash'
[6.081s] INFO:colcon.colcon_core.shell:Creating package script '/home/nvidia/gestelt_ws/src/gestelt2/install/decomp_ros_msgs/share/decomp_ros_msgs/package.zsh'
[6.082s] Level 1:colcon.colcon_core.environment:create_file_with_runtime_dependencies(/home/nvidia/gestelt_ws/src/gestelt2/install/decomp_ros_msgs/share/colcon-core/packages/decomp_ros_msgs)
[6.083s] INFO:colcon.colcon_ros.task.ament_cmake.build:Building ROS package in '/home/nvidia/gestelt_ws/src/gestelt2/third_party/decomp_ros/decomp_ros_utils' with build type 'ament_cmake'
[6.084s] INFO:colcon.colcon_cmake.task.cmake.build:Building CMake package in '/home/nvidia/gestelt_ws/src/gestelt2/third_party/decomp_ros/decomp_ros_utils'
[6.085s] INFO:colcon.colcon_core.shell:Skip shell extension 'powershell' for command environment: Not usable outside of PowerShell
[6.085s] DEBUG:colcon.colcon_core.shell:Skip shell extension 'dsv' for command environment
[6.133s] DEBUG:colcon.colcon_core.event_handler.log_command:Invoking command in '/home/nvidia/gestelt_ws/src/gestelt2/build/decomp_ros_utils': AMENT_PREFIX_PATH=/home/nvidia/gestelt_ws/src/gestelt2/install/decomp_util:/home/nvidia/gestelt_ws/src/gestelt2/install/decomp_ros_msgs:${AMENT_PREFIX_PATH} CMAKE_PREFIX_PATH=/home/nvidia/gestelt_ws/src/gestelt2/install/decomp_util:/home/nvidia/gestelt_ws/src/gestelt2/install/decomp_ros_msgs:/home/nvidia/gestelt_ws/install/gestelt_bringup:/home/nvidia/gestelt_ws/install/trajectory_server:/home/nvidia/gestelt_ws/install/linear_mpc_controller:/home/nvidia/gestelt_ws/install/gestelt_planner:/home/nvidia/gestelt_ws/install/gestelt_controller:/home/nvidia/gestelt_ws/install/astar_planner:/home/nvidia/gestelt_ws/install/gestelt_core:/home/nvidia/gestelt_ws/install/occ_map:/home/nvidia/gestelt_ws/install/logger_wrapper:/home/nvidia/gestelt_ws/install/ikd_tree:/home/nvidia/gestelt_ws/install/gestelt_interfaces:/home/nvidia/gestelt_ws/install/fake_sensor:/home/nvidia/gestelt_ws/install/fake_map:/home/nvidia/gestelt_ws/install/decomp_ros_utils:/home/nvidia/gestelt_ws/install/decomp_util:/home/nvidia/gestelt_ws/install/decomp_ros_msgs:/home/nvidia/gestelt_ws/install/bonxai:/home/nvidia/tl_vision2/install/vrpn_mocap:/home/nvidia/tl_vision2/install/px4_msgs:/home/nvidia/bridge_ws/install/depth2pcl:/home/nvidia/gestelt_ws/install/gestelt_commander:/home/nvidia/tl_vision2/install/vision:/home/nvidia/bridge_ws/install/vilota_bridge:/opt/ros/humble LD_LIBRARY_PATH=/home/nvidia/gestelt_ws/src/gestelt2/install/decomp_util/lib:/home/nvidia/gestelt_ws/src/gestelt2/install/decomp_ros_msgs/lib:${LD_LIBRARY_PATH} PYTHONPATH=/home/nvidia/gestelt_ws/src/gestelt2/install/decomp_ros_msgs/local/lib/python3.10/dist-packages:${PYTHONPATH} /usr/bin/cmake --build /home/nvidia/gestelt_ws/src/gestelt2/build/decomp_ros_utils -- -j8 -l8
[6.147s] Level 1:colcon.colcon_core.shell:create_environment_hook('gestelt_commander', 'pythonpath_develop')
[6.147s] INFO:colcon.colcon_core.shell:Creating environment hook '/home/nvidia/gestelt_ws/src/gestelt2/build/gestelt_commander/share/gestelt_commander/hook/pythonpath_develop.ps1'
[6.148s] DEBUG:colcon.colcon_core.event_handler.log_command:Invoked command in '/home/nvidia/gestelt_ws/src/gestelt2/build/gestelt_commander' returned '0': PYTHONPATH=/home/nvidia/gestelt_ws/src/gestelt2/build/gestelt_commander/prefix_override:/usr/lib/python3/dist-packages/colcon_core/task/python/colcon_distutils_commands:/home/nvidia/gestelt_ws/src/gestelt2/install/gestelt_commander/lib/python3.10/site-packages:${PYTHONPATH} /usr/bin/python3 -W ignore:setup.py install is deprecated -W ignore:easy_install command is deprecated setup.py develop --editable --build-directory /home/nvidia/gestelt_ws/src/gestelt2/build/gestelt_commander/build --no-deps symlink_data
[6.151s] INFO:colcon.colcon_core.shell:Creating environment descriptor '/home/nvidia/gestelt_ws/src/gestelt2/build/gestelt_commander/share/gestelt_commander/hook/pythonpath_develop.dsv'
[6.152s] INFO:colcon.colcon_core.shell:Creating environment hook '/home/nvidia/gestelt_ws/src/gestelt2/build/gestelt_commander/share/gestelt_commander/hook/pythonpath_develop.sh'
[6.154s] Level 1:colcon.colcon_core.environment:checking '/home/nvidia/gestelt_ws/src/gestelt2/install/gestelt_commander' for CMake module files
[6.155s] Level 1:colcon.colcon_core.environment:checking '/home/nvidia/gestelt_ws/src/gestelt2/install/gestelt_commander' for CMake config files
[6.157s] Level 1:colcon.colcon_core.environment:checking '/home/nvidia/gestelt_ws/src/gestelt2/install/gestelt_commander/lib'
[6.157s] Level 1:colcon.colcon_core.environment:checking '/home/nvidia/gestelt_ws/src/gestelt2/install/gestelt_commander/bin'
[6.157s] Level 1:colcon.colcon_core.environment:checking '/home/nvidia/gestelt_ws/src/gestelt2/install/gestelt_commander/lib/pkgconfig/gestelt_commander.pc'
[6.158s] Level 1:colcon.colcon_core.environment:checking '/home/nvidia/gestelt_ws/src/gestelt2/install/gestelt_commander/lib/python3.10/site-packages'
[6.158s] Level 1:colcon.colcon_core.shell:create_environment_hook('gestelt_commander', 'pythonpath')
[6.158s] INFO:colcon.colcon_core.shell:Creating environment hook '/home/nvidia/gestelt_ws/src/gestelt2/install/gestelt_commander/share/gestelt_commander/hook/pythonpath.ps1'
[6.159s] INFO:colcon.colcon_core.shell:Creating environment descriptor '/home/nvidia/gestelt_ws/src/gestelt2/install/gestelt_commander/share/gestelt_commander/hook/pythonpath.dsv'
[6.160s] INFO:colcon.colcon_core.shell:Creating environment hook '/home/nvidia/gestelt_ws/src/gestelt2/install/gestelt_commander/share/gestelt_commander/hook/pythonpath.sh'
[6.161s] Level 1:colcon.colcon_core.environment:checking '/home/nvidia/gestelt_ws/src/gestelt2/install/gestelt_commander/bin'
[6.161s] Level 1:colcon.colcon_core.environment:create_environment_scripts_only(gestelt_commander)
[6.162s] INFO:colcon.colcon_core.shell:Creating package script '/home/nvidia/gestelt_ws/src/gestelt2/install/gestelt_commander/share/gestelt_commander/package.ps1'
[6.164s] INFO:colcon.colcon_core.shell:Creating package descriptor '/home/nvidia/gestelt_ws/src/gestelt2/install/gestelt_commander/share/gestelt_commander/package.dsv'
[6.165s] INFO:colcon.colcon_core.shell:Creating package script '/home/nvidia/gestelt_ws/src/gestelt2/install/gestelt_commander/share/gestelt_commander/package.sh'
[6.166s] INFO:colcon.colcon_core.shell:Creating package script '/home/nvidia/gestelt_ws/src/gestelt2/install/gestelt_commander/share/gestelt_commander/package.bash'
[6.167s] INFO:colcon.colcon_core.shell:Creating package script '/home/nvidia/gestelt_ws/src/gestelt2/install/gestelt_commander/share/gestelt_commander/package.zsh'
[6.168s] Level 1:colcon.colcon_core.environment:create_file_with_runtime_dependencies(/home/nvidia/gestelt_ws/src/gestelt2/install/gestelt_commander/share/colcon-core/packages/gestelt_commander)
[6.694s] DEBUG:colcon.colcon_core.event_handler.log_command:Invoked command in '/home/nvidia/gestelt_ws/src/gestelt2/build/decomp_ros_utils' returned '0': AMENT_PREFIX_PATH=/home/nvidia/gestelt_ws/src/gestelt2/install/decomp_util:/home/nvidia/gestelt_ws/src/gestelt2/install/decomp_ros_msgs:${AMENT_PREFIX_PATH} CMAKE_PREFIX_PATH=/home/nvidia/gestelt_ws/src/gestelt2/install/decomp_util:/home/nvidia/gestelt_ws/src/gestelt2/install/decomp_ros_msgs:/home/nvidia/gestelt_ws/install/gestelt_bringup:/home/nvidia/gestelt_ws/install/trajectory_server:/home/nvidia/gestelt_ws/install/linear_mpc_controller:/home/nvidia/gestelt_ws/install/gestelt_planner:/home/nvidia/gestelt_ws/install/gestelt_controller:/home/nvidia/gestelt_ws/install/astar_planner:/home/nvidia/gestelt_ws/install/gestelt_core:/home/nvidia/gestelt_ws/install/occ_map:/home/nvidia/gestelt_ws/install/logger_wrapper:/home/nvidia/gestelt_ws/install/ikd_tree:/home/nvidia/gestelt_ws/install/gestelt_interfaces:/home/nvidia/gestelt_ws/install/fake_sensor:/home/nvidia/gestelt_ws/install/fake_map:/home/nvidia/gestelt_ws/install/decomp_ros_utils:/home/nvidia/gestelt_ws/install/decomp_util:/home/nvidia/gestelt_ws/install/decomp_ros_msgs:/home/nvidia/gestelt_ws/install/bonxai:/home/nvidia/tl_vision2/install/vrpn_mocap:/home/nvidia/tl_vision2/install/px4_msgs:/home/nvidia/bridge_ws/install/depth2pcl:/home/nvidia/gestelt_ws/install/gestelt_commander:/home/nvidia/tl_vision2/install/vision:/home/nvidia/bridge_ws/install/vilota_bridge:/opt/ros/humble LD_LIBRARY_PATH=/home/nvidia/gestelt_ws/src/gestelt2/install/decomp_util/lib:/home/nvidia/gestelt_ws/src/gestelt2/install/decomp_ros_msgs/lib:${LD_LIBRARY_PATH} PYTHONPATH=/home/nvidia/gestelt_ws/src/gestelt2/install/decomp_ros_msgs/local/lib/python3.10/dist-packages:${PYTHONPATH} /usr/bin/cmake --build /home/nvidia/gestelt_ws/src/gestelt2/build/decomp_ros_utils -- -j8 -l8
[6.700s] DEBUG:colcon.colcon_core.event_handler.log_command:Invoking command in '/home/nvidia/gestelt_ws/src/gestelt2/build/decomp_ros_utils': AMENT_PREFIX_PATH=/home/nvidia/gestelt_ws/src/gestelt2/install/decomp_util:/home/nvidia/gestelt_ws/src/gestelt2/install/decomp_ros_msgs:${AMENT_PREFIX_PATH} CMAKE_PREFIX_PATH=/home/nvidia/gestelt_ws/src/gestelt2/install/decomp_util:/home/nvidia/gestelt_ws/src/gestelt2/install/decomp_ros_msgs:/home/nvidia/gestelt_ws/install/gestelt_bringup:/home/nvidia/gestelt_ws/install/trajectory_server:/home/nvidia/gestelt_ws/install/linear_mpc_controller:/home/nvidia/gestelt_ws/install/gestelt_planner:/home/nvidia/gestelt_ws/install/gestelt_controller:/home/nvidia/gestelt_ws/install/astar_planner:/home/nvidia/gestelt_ws/install/gestelt_core:/home/nvidia/gestelt_ws/install/occ_map:/home/nvidia/gestelt_ws/install/logger_wrapper:/home/nvidia/gestelt_ws/install/ikd_tree:/home/nvidia/gestelt_ws/install/gestelt_interfaces:/home/nvidia/gestelt_ws/install/fake_sensor:/home/nvidia/gestelt_ws/install/fake_map:/home/nvidia/gestelt_ws/install/decomp_ros_utils:/home/nvidia/gestelt_ws/install/decomp_util:/home/nvidia/gestelt_ws/install/decomp_ros_msgs:/home/nvidia/gestelt_ws/install/bonxai:/home/nvidia/tl_vision2/install/vrpn_mocap:/home/nvidia/tl_vision2/install/px4_msgs:/home/nvidia/bridge_ws/install/depth2pcl:/home/nvidia/gestelt_ws/install/gestelt_commander:/home/nvidia/tl_vision2/install/vision:/home/nvidia/bridge_ws/install/vilota_bridge:/opt/ros/humble LD_LIBRARY_PATH=/home/nvidia/gestelt_ws/src/gestelt2/install/decomp_util/lib:/home/nvidia/gestelt_ws/src/gestelt2/install/decomp_ros_msgs/lib:${LD_LIBRARY_PATH} PYTHONPATH=/home/nvidia/gestelt_ws/src/gestelt2/install/decomp_ros_msgs/local/lib/python3.10/dist-packages:${PYTHONPATH} /usr/bin/cmake --install /home/nvidia/gestelt_ws/src/gestelt2/build/decomp_ros_utils
[7.171s] Level 1:colcon.colcon_core.environment:create_environment_scripts_only(decomp_ros_utils)
[7.172s] Level 1:colcon.colcon_core.environment:checking '/home/nvidia/gestelt_ws/src/gestelt2/install/decomp_ros_utils' for CMake module files
[7.173s] DEBUG:colcon.colcon_core.event_handler.log_command:Invoked command in '/home/nvidia/gestelt_ws/src/gestelt2/build/decomp_ros_utils' returned '0': AMENT_PREFIX_PATH=/home/nvidia/gestelt_ws/src/gestelt2/install/decomp_util:/home/nvidia/gestelt_ws/src/gestelt2/install/decomp_ros_msgs:${AMENT_PREFIX_PATH} CMAKE_PREFIX_PATH=/home/nvidia/gestelt_ws/src/gestelt2/install/decomp_util:/home/nvidia/gestelt_ws/src/gestelt2/install/decomp_ros_msgs:/home/nvidia/gestelt_ws/install/gestelt_bringup:/home/nvidia/gestelt_ws/install/trajectory_server:/home/nvidia/gestelt_ws/install/linear_mpc_controller:/home/nvidia/gestelt_ws/install/gestelt_planner:/home/nvidia/gestelt_ws/install/gestelt_controller:/home/nvidia/gestelt_ws/install/astar_planner:/home/nvidia/gestelt_ws/install/gestelt_core:/home/nvidia/gestelt_ws/install/occ_map:/home/nvidia/gestelt_ws/install/logger_wrapper:/home/nvidia/gestelt_ws/install/ikd_tree:/home/nvidia/gestelt_ws/install/gestelt_interfaces:/home/nvidia/gestelt_ws/install/fake_sensor:/home/nvidia/gestelt_ws/install/fake_map:/home/nvidia/gestelt_ws/install/decomp_ros_utils:/home/nvidia/gestelt_ws/install/decomp_util:/home/nvidia/gestelt_ws/install/decomp_ros_msgs:/home/nvidia/gestelt_ws/install/bonxai:/home/nvidia/tl_vision2/install/vrpn_mocap:/home/nvidia/tl_vision2/install/px4_msgs:/home/nvidia/bridge_ws/install/depth2pcl:/home/nvidia/gestelt_ws/install/gestelt_commander:/home/nvidia/tl_vision2/install/vision:/home/nvidia/bridge_ws/install/vilota_bridge:/opt/ros/humble LD_LIBRARY_PATH=/home/nvidia/gestelt_ws/src/gestelt2/install/decomp_util/lib:/home/nvidia/gestelt_ws/src/gestelt2/install/decomp_ros_msgs/lib:${LD_LIBRARY_PATH} PYTHONPATH=/home/nvidia/gestelt_ws/src/gestelt2/install/decomp_ros_msgs/local/lib/python3.10/dist-packages:${PYTHONPATH} /usr/bin/cmake --install /home/nvidia/gestelt_ws/src/gestelt2/build/decomp_ros_utils
[7.174s] Level 1:colcon.colcon_core.environment:checking '/home/nvidia/gestelt_ws/src/gestelt2/install/decomp_ros_utils' for CMake config files
[7.174s] Level 1:colcon.colcon_core.shell:create_environment_hook('decomp_ros_utils', 'cmake_prefix_path')
[7.175s] INFO:colcon.colcon_core.shell:Creating environment hook '/home/nvidia/gestelt_ws/src/gestelt2/install/decomp_ros_utils/share/decomp_ros_utils/hook/cmake_prefix_path.ps1'
[7.176s] INFO:colcon.colcon_core.shell:Creating environment descriptor '/home/nvidia/gestelt_ws/src/gestelt2/install/decomp_ros_utils/share/decomp_ros_utils/hook/cmake_prefix_path.dsv'
[7.177s] INFO:colcon.colcon_core.shell:Creating environment hook '/home/nvidia/gestelt_ws/src/gestelt2/install/decomp_ros_utils/share/decomp_ros_utils/hook/cmake_prefix_path.sh'
[7.178s] Level 1:colcon.colcon_core.environment:checking '/home/nvidia/gestelt_ws/src/gestelt2/install/decomp_ros_utils/lib'
[7.178s] Level 1:colcon.colcon_core.shell:create_environment_hook('decomp_ros_utils', 'ld_library_path_lib')
[7.179s] INFO:colcon.colcon_core.shell:Creating environment hook '/home/nvidia/gestelt_ws/src/gestelt2/install/decomp_ros_utils/share/decomp_ros_utils/hook/ld_library_path_lib.ps1'
[7.180s] INFO:colcon.colcon_core.shell:Creating environment descriptor '/home/nvidia/gestelt_ws/src/gestelt2/install/decomp_ros_utils/share/decomp_ros_utils/hook/ld_library_path_lib.dsv'
[7.180s] INFO:colcon.colcon_core.shell:Creating environment hook '/home/nvidia/gestelt_ws/src/gestelt2/install/decomp_ros_utils/share/decomp_ros_utils/hook/ld_library_path_lib.sh'
[7.181s] Level 1:colcon.colcon_core.environment:checking '/home/nvidia/gestelt_ws/src/gestelt2/install/decomp_ros_utils/bin'
[7.181s] Level 1:colcon.colcon_core.environment:checking '/home/nvidia/gestelt_ws/src/gestelt2/install/decomp_ros_utils/lib/pkgconfig/decomp_ros_utils.pc'
[7.181s] Level 1:colcon.colcon_core.environment:checking '/home/nvidia/gestelt_ws/src/gestelt2/install/decomp_ros_utils/lib/python3.10/site-packages'
[7.182s] Level 1:colcon.colcon_core.environment:checking '/home/nvidia/gestelt_ws/src/gestelt2/install/decomp_ros_utils/bin'
[7.182s] INFO:colcon.colcon_core.shell:Creating package script '/home/nvidia/gestelt_ws/src/gestelt2/install/decomp_ros_utils/share/decomp_ros_utils/package.ps1'
[7.184s] INFO:colcon.colcon_core.shell:Creating package descriptor '/home/nvidia/gestelt_ws/src/gestelt2/install/decomp_ros_utils/share/decomp_ros_utils/package.dsv'
[7.185s] INFO:colcon.colcon_core.shell:Creating package script '/home/nvidia/gestelt_ws/src/gestelt2/install/decomp_ros_utils/share/decomp_ros_utils/package.sh'
[7.185s] INFO:colcon.colcon_core.shell:Creating package script '/home/nvidia/gestelt_ws/src/gestelt2/install/decomp_ros_utils/share/decomp_ros_utils/package.bash'
[7.186s] INFO:colcon.colcon_core.shell:Creating package script '/home/nvidia/gestelt_ws/src/gestelt2/install/decomp_ros_utils/share/decomp_ros_utils/package.zsh'
[7.187s] Level 1:colcon.colcon_core.environment:create_file_with_runtime_dependencies(/home/nvidia/gestelt_ws/src/gestelt2/install/decomp_ros_utils/share/colcon-core/packages/decomp_ros_utils)
[7.189s] Level 1:colcon.colcon_core.environment:create_environment_scripts_only(decomp_ros_utils)
[7.189s] Level 1:colcon.colcon_core.environment:checking '/home/nvidia/gestelt_ws/src/gestelt2/install/decomp_ros_utils' for CMake module files
[7.190s] Level 1:colcon.colcon_core.environment:checking '/home/nvidia/gestelt_ws/src/gestelt2/install/decomp_ros_utils' for CMake config files
[7.191s] Level 1:colcon.colcon_core.shell:create_environment_hook('decomp_ros_utils', 'cmake_prefix_path')
[7.191s] INFO:colcon.colcon_core.shell:Creating environment hook '/home/nvidia/gestelt_ws/src/gestelt2/install/decomp_ros_utils/share/decomp_ros_utils/hook/cmake_prefix_path.ps1'
[7.193s] INFO:colcon.colcon_core.shell:Creating environment descriptor '/home/nvidia/gestelt_ws/src/gestelt2/install/decomp_ros_utils/share/decomp_ros_utils/hook/cmake_prefix_path.dsv'
[7.195s] INFO:colcon.colcon_core.shell:Creating environment hook '/home/nvidia/gestelt_ws/src/gestelt2/install/decomp_ros_utils/share/decomp_ros_utils/hook/cmake_prefix_path.sh'
[7.198s] Level 1:colcon.colcon_core.environment:checking '/home/nvidia/gestelt_ws/src/gestelt2/install/decomp_ros_utils/lib'
[7.198s] Level 1:colcon.colcon_core.shell:create_environment_hook('decomp_ros_utils', 'ld_library_path_lib')
[7.199s] INFO:colcon.colcon_core.shell:Creating environment hook '/home/nvidia/gestelt_ws/src/gestelt2/install/decomp_ros_utils/share/decomp_ros_utils/hook/ld_library_path_lib.ps1'
[7.200s] INFO:colcon.colcon_core.shell:Creating environment descriptor '/home/nvidia/gestelt_ws/src/gestelt2/install/decomp_ros_utils/share/decomp_ros_utils/hook/ld_library_path_lib.dsv'
[7.201s] INFO:colcon.colcon_core.shell:Creating environment hook '/home/nvidia/gestelt_ws/src/gestelt2/install/decomp_ros_utils/share/decomp_ros_utils/hook/ld_library_path_lib.sh'
[7.201s] Level 1:colcon.colcon_core.environment:checking '/home/nvidia/gestelt_ws/src/gestelt2/install/decomp_ros_utils/bin'
[7.202s] Level 1:colcon.colcon_core.environment:checking '/home/nvidia/gestelt_ws/src/gestelt2/install/decomp_ros_utils/lib/pkgconfig/decomp_ros_utils.pc'
[7.202s] Level 1:colcon.colcon_core.environment:checking '/home/nvidia/gestelt_ws/src/gestelt2/install/decomp_ros_utils/lib/python3.10/site-packages'
[7.203s] Level 1:colcon.colcon_core.environment:checking '/home/nvidia/gestelt_ws/src/gestelt2/install/decomp_ros_utils/bin'
[7.203s] INFO:colcon.colcon_core.shell:Creating package script '/home/nvidia/gestelt_ws/src/gestelt2/install/decomp_ros_utils/share/decomp_ros_utils/package.ps1'
[7.205s] INFO:colcon.colcon_core.shell:Creating package descriptor '/home/nvidia/gestelt_ws/src/gestelt2/install/decomp_ros_utils/share/decomp_ros_utils/package.dsv'
[7.206s] INFO:colcon.colcon_core.shell:Creating package script '/home/nvidia/gestelt_ws/src/gestelt2/install/decomp_ros_utils/share/decomp_ros_utils/package.sh'
[7.207s] INFO:colcon.colcon_core.shell:Creating package script '/home/nvidia/gestelt_ws/src/gestelt2/install/decomp_ros_utils/share/decomp_ros_utils/package.bash'
[7.208s] INFO:colcon.colcon_core.shell:Creating package script '/home/nvidia/gestelt_ws/src/gestelt2/install/decomp_ros_utils/share/decomp_ros_utils/package.zsh'
[7.209s] Level 1:colcon.colcon_core.environment:create_file_with_runtime_dependencies(/home/nvidia/gestelt_ws/src/gestelt2/install/decomp_ros_utils/share/colcon-core/packages/decomp_ros_utils)
[7.632s] DEBUG:colcon.colcon_core.event_handler.log_command:Invoked command in '/home/nvidia/gestelt_ws/src/gestelt2/build/gestelt_interfaces' returned '0': CMAKE_PREFIX_PATH=${CMAKE_PREFIX_PATH}:/home/nvidia/gestelt_ws/install/gestelt_commander:/home/nvidia/tl_vision2/install/vision:/home/nvidia/bridge_ws/install/vilota_bridge:/opt/ros/humble /usr/bin/cmake --build /home/nvidia/gestelt_ws/src/gestelt2/build/gestelt_interfaces -- -j8 -l8
[7.637s] DEBUG:colcon.colcon_core.event_handler.log_command:Invoking command in '/home/nvidia/gestelt_ws/src/gestelt2/build/gestelt_interfaces': CMAKE_PREFIX_PATH=${CMAKE_PREFIX_PATH}:/home/nvidia/gestelt_ws/install/gestelt_commander:/home/nvidia/tl_vision2/install/vision:/home/nvidia/bridge_ws/install/vilota_bridge:/opt/ros/humble /usr/bin/cmake --install /home/nvidia/gestelt_ws/src/gestelt2/build/gestelt_interfaces
[10.491s] Level 1:colcon.colcon_core.environment:create_environment_scripts_only(gestelt_interfaces)
[10.492s] Level 1:colcon.colcon_core.environment:checking '/home/nvidia/gestelt_ws/src/gestelt2/install/gestelt_interfaces' for CMake module files
[10.493s] DEBUG:colcon.colcon_core.event_handler.log_command:Invoked command in '/home/nvidia/gestelt_ws/src/gestelt2/build/gestelt_interfaces' returned '0': CMAKE_PREFIX_PATH=${CMAKE_PREFIX_PATH}:/home/nvidia/gestelt_ws/install/gestelt_commander:/home/nvidia/tl_vision2/install/vision:/home/nvidia/bridge_ws/install/vilota_bridge:/opt/ros/humble /usr/bin/cmake --install /home/nvidia/gestelt_ws/src/gestelt2/build/gestelt_interfaces
[10.495s] Level 1:colcon.colcon_core.environment:checking '/home/nvidia/gestelt_ws/src/gestelt2/install/gestelt_interfaces' for CMake config files
[10.498s] Level 1:colcon.colcon_core.shell:create_environment_hook('gestelt_interfaces', 'cmake_prefix_path')
[10.499s] INFO:colcon.colcon_core.shell:Creating environment hook '/home/nvidia/gestelt_ws/src/gestelt2/install/gestelt_interfaces/share/gestelt_interfaces/hook/cmake_prefix_path.ps1'
[10.500s] INFO:colcon.colcon_core.shell:Creating environment descriptor '/home/nvidia/gestelt_ws/src/gestelt2/install/gestelt_interfaces/share/gestelt_interfaces/hook/cmake_prefix_path.dsv'
[10.501s] INFO:colcon.colcon_core.shell:Creating environment hook '/home/nvidia/gestelt_ws/src/gestelt2/install/gestelt_interfaces/share/gestelt_interfaces/hook/cmake_prefix_path.sh'
[10.502s] Level 1:colcon.colcon_core.environment:checking '/home/nvidia/gestelt_ws/src/gestelt2/install/gestelt_interfaces/lib'
[10.503s] Level 1:colcon.colcon_core.shell:create_environment_hook('gestelt_interfaces', 'ld_library_path_lib')
[10.503s] INFO:colcon.colcon_core.shell:Creating environment hook '/home/nvidia/gestelt_ws/src/gestelt2/install/gestelt_interfaces/share/gestelt_interfaces/hook/ld_library_path_lib.ps1'
[10.504s] INFO:colcon.colcon_core.shell:Creating environment descriptor '/home/nvidia/gestelt_ws/src/gestelt2/install/gestelt_interfaces/share/gestelt_interfaces/hook/ld_library_path_lib.dsv'
[10.505s] INFO:colcon.colcon_core.shell:Creating environment hook '/home/nvidia/gestelt_ws/src/gestelt2/install/gestelt_interfaces/share/gestelt_interfaces/hook/ld_library_path_lib.sh'
[10.505s] Level 1:colcon.colcon_core.environment:checking '/home/nvidia/gestelt_ws/src/gestelt2/install/gestelt_interfaces/bin'
[10.506s] Level 1:colcon.colcon_core.environment:checking '/home/nvidia/gestelt_ws/src/gestelt2/install/gestelt_interfaces/lib/pkgconfig/gestelt_interfaces.pc'
[10.506s] Level 1:colcon.colcon_core.environment:checking '/home/nvidia/gestelt_ws/src/gestelt2/install/gestelt_interfaces/lib/python3.10/site-packages'
[10.506s] Level 1:colcon.colcon_core.environment:checking '/home/nvidia/gestelt_ws/src/gestelt2/install/gestelt_interfaces/bin'
[10.507s] INFO:colcon.colcon_core.shell:Creating package script '/home/nvidia/gestelt_ws/src/gestelt2/install/gestelt_interfaces/share/gestelt_interfaces/package.ps1'
[10.509s] INFO:colcon.colcon_core.shell:Creating package descriptor '/home/nvidia/gestelt_ws/src/gestelt2/install/gestelt_interfaces/share/gestelt_interfaces/package.dsv'
[10.510s] INFO:colcon.colcon_core.shell:Creating package script '/home/nvidia/gestelt_ws/src/gestelt2/install/gestelt_interfaces/share/gestelt_interfaces/package.sh'
[10.511s] INFO:colcon.colcon_core.shell:Creating package script '/home/nvidia/gestelt_ws/src/gestelt2/install/gestelt_interfaces/share/gestelt_interfaces/package.bash'
[10.512s] INFO:colcon.colcon_core.shell:Creating package script '/home/nvidia/gestelt_ws/src/gestelt2/install/gestelt_interfaces/share/gestelt_interfaces/package.zsh'
[10.512s] Level 1:colcon.colcon_core.environment:create_file_with_runtime_dependencies(/home/nvidia/gestelt_ws/src/gestelt2/install/gestelt_interfaces/share/colcon-core/packages/gestelt_interfaces)
[10.514s] Level 1:colcon.colcon_core.environment:create_environment_scripts_only(gestelt_interfaces)
[10.514s] Level 1:colcon.colcon_core.environment:checking '/home/nvidia/gestelt_ws/src/gestelt2/install/gestelt_interfaces' for CMake module files
[10.516s] Level 1:colcon.colcon_core.environment:checking '/home/nvidia/gestelt_ws/src/gestelt2/install/gestelt_interfaces' for CMake config files
[10.519s] Level 1:colcon.colcon_core.shell:create_environment_hook('gestelt_interfaces', 'cmake_prefix_path')
[10.520s] INFO:colcon.colcon_core.shell:Creating environment hook '/home/nvidia/gestelt_ws/src/gestelt2/install/gestelt_interfaces/share/gestelt_interfaces/hook/cmake_prefix_path.ps1'
[10.521s] INFO:colcon.colcon_core.shell:Creating environment descriptor '/home/nvidia/gestelt_ws/src/gestelt2/install/gestelt_interfaces/share/gestelt_interfaces/hook/cmake_prefix_path.dsv'
[10.522s] INFO:colcon.colcon_core.shell:Creating environment hook '/home/nvidia/gestelt_ws/src/gestelt2/install/gestelt_interfaces/share/gestelt_interfaces/hook/cmake_prefix_path.sh'
[10.523s] Level 1:colcon.colcon_core.environment:checking '/home/nvidia/gestelt_ws/src/gestelt2/install/gestelt_interfaces/lib'
[10.523s] Level 1:colcon.colcon_core.shell:create_environment_hook('gestelt_interfaces', 'ld_library_path_lib')
[10.524s] INFO:colcon.colcon_core.shell:Creating environment hook '/home/nvidia/gestelt_ws/src/gestelt2/install/gestelt_interfaces/share/gestelt_interfaces/hook/ld_library_path_lib.ps1'
[10.525s] INFO:colcon.colcon_core.shell:Creating environment descriptor '/home/nvidia/gestelt_ws/src/gestelt2/install/gestelt_interfaces/share/gestelt_interfaces/hook/ld_library_path_lib.dsv'
[10.525s] INFO:colcon.colcon_core.shell:Creating environment hook '/home/nvidia/gestelt_ws/src/gestelt2/install/gestelt_interfaces/share/gestelt_interfaces/hook/ld_library_path_lib.sh'
[10.526s] Level 1:colcon.colcon_core.environment:checking '/home/nvidia/gestelt_ws/src/gestelt2/install/gestelt_interfaces/bin'
[10.526s] Level 1:colcon.colcon_core.environment:checking '/home/nvidia/gestelt_ws/src/gestelt2/install/gestelt_interfaces/lib/pkgconfig/gestelt_interfaces.pc'
[10.527s] Level 1:colcon.colcon_core.environment:checking '/home/nvidia/gestelt_ws/src/gestelt2/install/gestelt_interfaces/lib/python3.10/site-packages'
[10.527s] Level 1:colcon.colcon_core.environment:checking '/home/nvidia/gestelt_ws/src/gestelt2/install/gestelt_interfaces/bin'
[10.528s] INFO:colcon.colcon_core.shell:Creating package script '/home/nvidia/gestelt_ws/src/gestelt2/install/gestelt_interfaces/share/gestelt_interfaces/package.ps1'
[10.529s] INFO:colcon.colcon_core.shell:Creating package descriptor '/home/nvidia/gestelt_ws/src/gestelt2/install/gestelt_interfaces/share/gestelt_interfaces/package.dsv'
[10.531s] INFO:colcon.colcon_core.shell:Creating package script '/home/nvidia/gestelt_ws/src/gestelt2/install/gestelt_interfaces/share/gestelt_interfaces/package.sh'
[10.532s] INFO:colcon.colcon_core.shell:Creating package script '/home/nvidia/gestelt_ws/src/gestelt2/install/gestelt_interfaces/share/gestelt_interfaces/package.bash'
[10.532s] INFO:colcon.colcon_core.shell:Creating package script '/home/nvidia/gestelt_ws/src/gestelt2/install/gestelt_interfaces/share/gestelt_interfaces/package.zsh'
[10.533s] Level 1:colcon.colcon_core.environment:create_file_with_runtime_dependencies(/home/nvidia/gestelt_ws/src/gestelt2/install/gestelt_interfaces/share/colcon-core/packages/gestelt_interfaces)
[10.534s] INFO:colcon.colcon_ros.task.ament_cmake.build:Building ROS package in '/home/nvidia/gestelt_ws/src/gestelt2/trajectory_server' with build type 'ament_cmake'
[10.535s] INFO:colcon.colcon_cmake.task.cmake.build:Building CMake package in '/home/nvidia/gestelt_ws/src/gestelt2/trajectory_server'
[10.535s] INFO:colcon.colcon_core.shell:Skip shell extension 'powershell' for command environment: Not usable outside of PowerShell
[10.535s] DEBUG:colcon.colcon_core.shell:Skip shell extension 'dsv' for command environment
[10.575s] DEBUG:colcon.colcon_core.event_handler.log_command:Invoking command in '/home/nvidia/gestelt_ws/src/gestelt2/build/trajectory_server': AMENT_PREFIX_PATH=/home/nvidia/gestelt_ws/src/gestelt2/install/logger_wrapper:/home/nvidia/gestelt_ws/src/gestelt2/install/gestelt_interfaces:${AMENT_PREFIX_PATH} CMAKE_PREFIX_PATH=/home/nvidia/gestelt_ws/src/gestelt2/install/logger_wrapper:/home/nvidia/gestelt_ws/src/gestelt2/install/gestelt_interfaces:/home/nvidia/gestelt_ws/install/gestelt_bringup:/home/nvidia/gestelt_ws/install/trajectory_server:/home/nvidia/gestelt_ws/install/linear_mpc_controller:/home/nvidia/gestelt_ws/install/gestelt_planner:/home/nvidia/gestelt_ws/install/gestelt_controller:/home/nvidia/gestelt_ws/install/astar_planner:/home/nvidia/gestelt_ws/install/gestelt_core:/home/nvidia/gestelt_ws/install/occ_map:/home/nvidia/gestelt_ws/install/logger_wrapper:/home/nvidia/gestelt_ws/install/ikd_tree:/home/nvidia/gestelt_ws/install/gestelt_interfaces:/home/nvidia/gestelt_ws/install/fake_sensor:/home/nvidia/gestelt_ws/install/fake_map:/home/nvidia/gestelt_ws/install/decomp_ros_utils:/home/nvidia/gestelt_ws/install/decomp_util:/home/nvidia/gestelt_ws/install/decomp_ros_msgs:/home/nvidia/gestelt_ws/install/bonxai:/home/nvidia/tl_vision2/install/vrpn_mocap:/home/nvidia/tl_vision2/install/px4_msgs:/home/nvidia/bridge_ws/install/depth2pcl:/home/nvidia/gestelt_ws/install/gestelt_commander:/home/nvidia/tl_vision2/install/vision:/home/nvidia/bridge_ws/install/vilota_bridge:/opt/ros/humble LD_LIBRARY_PATH=/home/nvidia/gestelt_ws/src/gestelt2/install/logger_wrapper/lib:/home/nvidia/gestelt_ws/src/gestelt2/install/gestelt_interfaces/lib:${LD_LIBRARY_PATH} PYTHONPATH=/home/nvidia/gestelt_ws/src/gestelt2/install/gestelt_interfaces/local/lib/python3.10/dist-packages:${PYTHONPATH} /usr/bin/cmake --build /home/nvidia/gestelt_ws/src/gestelt2/build/trajectory_server -- -j8 -l8
[60.485s] DEBUG:colcon.colcon_core.event_handler.log_command:Invoked command in '/home/nvidia/gestelt_ws/src/gestelt2/build/fake_sensor' returned '0': CMAKE_PREFIX_PATH=${CMAKE_PREFIX_PATH}:/home/nvidia/gestelt_ws/install/gestelt_commander:/home/nvidia/tl_vision2/install/vision:/home/nvidia/bridge_ws/install/vilota_bridge:/opt/ros/humble /usr/bin/cmake --build /home/nvidia/gestelt_ws/src/gestelt2/build/fake_sensor -- -j8 -l8
[60.491s] DEBUG:colcon.colcon_core.event_handler.log_command:Invoking command in '/home/nvidia/gestelt_ws/src/gestelt2/build/fake_sensor': CMAKE_PREFIX_PATH=${CMAKE_PREFIX_PATH}:/home/nvidia/gestelt_ws/install/gestelt_commander:/home/nvidia/tl_vision2/install/vision:/home/nvidia/bridge_ws/install/vilota_bridge:/opt/ros/humble /usr/bin/cmake --install /home/nvidia/gestelt_ws/src/gestelt2/build/fake_sensor
[60.859s] Level 1:colcon.colcon_core.environment:create_environment_scripts_only(fake_sensor)
[60.860s] Level 1:colcon.colcon_core.environment:checking '/home/nvidia/gestelt_ws/src/gestelt2/install/fake_sensor' for CMake module files
[60.861s] DEBUG:colcon.colcon_core.event_handler.log_command:Invoked command in '/home/nvidia/gestelt_ws/src/gestelt2/build/fake_sensor' returned '0': CMAKE_PREFIX_PATH=${CMAKE_PREFIX_PATH}:/home/nvidia/gestelt_ws/install/gestelt_commander:/home/nvidia/tl_vision2/install/vision:/home/nvidia/bridge_ws/install/vilota_bridge:/opt/ros/humble /usr/bin/cmake --install /home/nvidia/gestelt_ws/src/gestelt2/build/fake_sensor
[60.863s] Level 1:colcon.colcon_core.environment:checking '/home/nvidia/gestelt_ws/src/gestelt2/install/fake_sensor' for CMake config files
[60.864s] Level 1:colcon.colcon_core.shell:create_environment_hook('fake_sensor', 'cmake_prefix_path')
[60.865s] INFO:colcon.colcon_core.shell:Creating environment hook '/home/nvidia/gestelt_ws/src/gestelt2/install/fake_sensor/share/fake_sensor/hook/cmake_prefix_path.ps1'
[60.866s] INFO:colcon.colcon_core.shell:Creating environment descriptor '/home/nvidia/gestelt_ws/src/gestelt2/install/fake_sensor/share/fake_sensor/hook/cmake_prefix_path.dsv'
[60.868s] INFO:colcon.colcon_core.shell:Creating environment hook '/home/nvidia/gestelt_ws/src/gestelt2/install/fake_sensor/share/fake_sensor/hook/cmake_prefix_path.sh'
[60.870s] Level 1:colcon.colcon_core.environment:checking '/home/nvidia/gestelt_ws/src/gestelt2/install/fake_sensor/lib'
[60.870s] Level 1:colcon.colcon_core.environment:checking '/home/nvidia/gestelt_ws/src/gestelt2/install/fake_sensor/bin'
[60.871s] Level 1:colcon.colcon_core.environment:checking '/home/nvidia/gestelt_ws/src/gestelt2/install/fake_sensor/lib/pkgconfig/fake_sensor.pc'
[60.872s] Level 1:colcon.colcon_core.environment:checking '/home/nvidia/gestelt_ws/src/gestelt2/install/fake_sensor/lib/python3.10/site-packages'
[60.872s] Level 1:colcon.colcon_core.environment:checking '/home/nvidia/gestelt_ws/src/gestelt2/install/fake_sensor/bin'
[60.874s] INFO:colcon.colcon_core.shell:Creating package script '/home/nvidia/gestelt_ws/src/gestelt2/install/fake_sensor/share/fake_sensor/package.ps1'
[60.875s] INFO:colcon.colcon_core.shell:Creating package descriptor '/home/nvidia/gestelt_ws/src/gestelt2/install/fake_sensor/share/fake_sensor/package.dsv'
[60.877s] INFO:colcon.colcon_core.shell:Creating package script '/home/nvidia/gestelt_ws/src/gestelt2/install/fake_sensor/share/fake_sensor/package.sh'
[60.878s] INFO:colcon.colcon_core.shell:Creating package script '/home/nvidia/gestelt_ws/src/gestelt2/install/fake_sensor/share/fake_sensor/package.bash'
[60.879s] INFO:colcon.colcon_core.shell:Creating package script '/home/nvidia/gestelt_ws/src/gestelt2/install/fake_sensor/share/fake_sensor/package.zsh'
[60.881s] Level 1:colcon.colcon_core.environment:create_file_with_runtime_dependencies(/home/nvidia/gestelt_ws/src/gestelt2/install/fake_sensor/share/colcon-core/packages/fake_sensor)
[60.883s] Level 1:colcon.colcon_core.environment:create_environment_scripts_only(fake_sensor)
[60.884s] Level 1:colcon.colcon_core.environment:checking '/home/nvidia/gestelt_ws/src/gestelt2/install/fake_sensor' for CMake module files
[60.886s] Level 1:colcon.colcon_core.environment:checking '/home/nvidia/gestelt_ws/src/gestelt2/install/fake_sensor' for CMake config files
[60.887s] Level 1:colcon.colcon_core.shell:create_environment_hook('fake_sensor', 'cmake_prefix_path')
[60.888s] INFO:colcon.colcon_core.shell:Creating environment hook '/home/nvidia/gestelt_ws/src/gestelt2/install/fake_sensor/share/fake_sensor/hook/cmake_prefix_path.ps1'
[60.890s] INFO:colcon.colcon_core.shell:Creating environment descriptor '/home/nvidia/gestelt_ws/src/gestelt2/install/fake_sensor/share/fake_sensor/hook/cmake_prefix_path.dsv'
[60.892s] INFO:colcon.colcon_core.shell:Creating environment hook '/home/nvidia/gestelt_ws/src/gestelt2/install/fake_sensor/share/fake_sensor/hook/cmake_prefix_path.sh'
[60.895s] Level 1:colcon.colcon_core.environment:checking '/home/nvidia/gestelt_ws/src/gestelt2/install/fake_sensor/lib'
[60.895s] Level 1:colcon.colcon_core.environment:checking '/home/nvidia/gestelt_ws/src/gestelt2/install/fake_sensor/bin'
[60.895s] Level 1:colcon.colcon_core.environment:checking '/home/nvidia/gestelt_ws/src/gestelt2/install/fake_sensor/lib/pkgconfig/fake_sensor.pc'
[60.897s] Level 1:colcon.colcon_core.environment:checking '/home/nvidia/gestelt_ws/src/gestelt2/install/fake_sensor/lib/python3.10/site-packages'
[60.898s] Level 1:colcon.colcon_core.environment:checking '/home/nvidia/gestelt_ws/src/gestelt2/install/fake_sensor/bin'
[60.899s] INFO:colcon.colcon_core.shell:Creating package script '/home/nvidia/gestelt_ws/src/gestelt2/install/fake_sensor/share/fake_sensor/package.ps1'
[60.901s] INFO:colcon.colcon_core.shell:Creating package descriptor '/home/nvidia/gestelt_ws/src/gestelt2/install/fake_sensor/share/fake_sensor/package.dsv'
[60.903s] INFO:colcon.colcon_core.shell:Creating package script '/home/nvidia/gestelt_ws/src/gestelt2/install/fake_sensor/share/fake_sensor/package.sh'
[60.906s] INFO:colcon.colcon_core.shell:Creating package script '/home/nvidia/gestelt_ws/src/gestelt2/install/fake_sensor/share/fake_sensor/package.bash'
[60.907s] INFO:colcon.colcon_core.shell:Creating package script '/home/nvidia/gestelt_ws/src/gestelt2/install/fake_sensor/share/fake_sensor/package.zsh'
[60.910s] Level 1:colcon.colcon_core.environment:create_file_with_runtime_dependencies(/home/nvidia/gestelt_ws/src/gestelt2/install/fake_sensor/share/colcon-core/packages/fake_sensor)
[95.840s] DEBUG:colcon.colcon_core.event_handler.log_command:Invoked command in '/home/nvidia/gestelt_ws/src/gestelt2/build/occ_map' returned '0': AMENT_PREFIX_PATH=/home/nvidia/gestelt_ws/src/gestelt2/install/logger_wrapper:/home/nvidia/gestelt_ws/src/gestelt2/install/ikd_tree:/home/nvidia/gestelt_ws/src/gestelt2/install/bonxai:${AMENT_PREFIX_PATH} CMAKE_PREFIX_PATH=/home/nvidia/gestelt_ws/src/gestelt2/install/logger_wrapper:/home/nvidia/gestelt_ws/src/gestelt2/install/ikd_tree:/home/nvidia/gestelt_ws/src/gestelt2/install/bonxai:/home/nvidia/gestelt_ws/install/gestelt_bringup:/home/nvidia/gestelt_ws/install/trajectory_server:/home/nvidia/gestelt_ws/install/linear_mpc_controller:/home/nvidia/gestelt_ws/install/gestelt_planner:/home/nvidia/gestelt_ws/install/gestelt_controller:/home/nvidia/gestelt_ws/install/astar_planner:/home/nvidia/gestelt_ws/install/gestelt_core:/home/nvidia/gestelt_ws/install/occ_map:/home/nvidia/gestelt_ws/install/logger_wrapper:/home/nvidia/gestelt_ws/install/ikd_tree:/home/nvidia/gestelt_ws/install/gestelt_interfaces:/home/nvidia/gestelt_ws/install/fake_sensor:/home/nvidia/gestelt_ws/install/fake_map:/home/nvidia/gestelt_ws/install/decomp_ros_utils:/home/nvidia/gestelt_ws/install/decomp_util:/home/nvidia/gestelt_ws/install/decomp_ros_msgs:/home/nvidia/gestelt_ws/install/bonxai:/home/nvidia/tl_vision2/install/vrpn_mocap:/home/nvidia/tl_vision2/install/px4_msgs:/home/nvidia/bridge_ws/install/depth2pcl:/home/nvidia/gestelt_ws/install/gestelt_commander:/home/nvidia/tl_vision2/install/vision:/home/nvidia/bridge_ws/install/vilota_bridge:/opt/ros/humble LD_LIBRARY_PATH=/home/nvidia/gestelt_ws/src/gestelt2/install/logger_wrapper/lib:/home/nvidia/gestelt_ws/src/gestelt2/install/ikd_tree/lib:/home/nvidia/gestelt_ws/src/gestelt2/install/bonxai/lib:${LD_LIBRARY_PATH} /usr/bin/cmake --build /home/nvidia/gestelt_ws/src/gestelt2/build/occ_map -- -j8 -l8
[95.846s] DEBUG:colcon.colcon_core.event_handler.log_command:Invoking command in '/home/nvidia/gestelt_ws/src/gestelt2/build/occ_map': AMENT_PREFIX_PATH=/home/nvidia/gestelt_ws/src/gestelt2/install/logger_wrapper:/home/nvidia/gestelt_ws/src/gestelt2/install/ikd_tree:/home/nvidia/gestelt_ws/src/gestelt2/install/bonxai:${AMENT_PREFIX_PATH} CMAKE_PREFIX_PATH=/home/nvidia/gestelt_ws/src/gestelt2/install/logger_wrapper:/home/nvidia/gestelt_ws/src/gestelt2/install/ikd_tree:/home/nvidia/gestelt_ws/src/gestelt2/install/bonxai:/home/nvidia/gestelt_ws/install/gestelt_bringup:/home/nvidia/gestelt_ws/install/trajectory_server:/home/nvidia/gestelt_ws/install/linear_mpc_controller:/home/nvidia/gestelt_ws/install/gestelt_planner:/home/nvidia/gestelt_ws/install/gestelt_controller:/home/nvidia/gestelt_ws/install/astar_planner:/home/nvidia/gestelt_ws/install/gestelt_core:/home/nvidia/gestelt_ws/install/occ_map:/home/nvidia/gestelt_ws/install/logger_wrapper:/home/nvidia/gestelt_ws/install/ikd_tree:/home/nvidia/gestelt_ws/install/gestelt_interfaces:/home/nvidia/gestelt_ws/install/fake_sensor:/home/nvidia/gestelt_ws/install/fake_map:/home/nvidia/gestelt_ws/install/decomp_ros_utils:/home/nvidia/gestelt_ws/install/decomp_util:/home/nvidia/gestelt_ws/install/decomp_ros_msgs:/home/nvidia/gestelt_ws/install/bonxai:/home/nvidia/tl_vision2/install/vrpn_mocap:/home/nvidia/tl_vision2/install/px4_msgs:/home/nvidia/bridge_ws/install/depth2pcl:/home/nvidia/gestelt_ws/install/gestelt_commander:/home/nvidia/tl_vision2/install/vision:/home/nvidia/bridge_ws/install/vilota_bridge:/opt/ros/humble LD_LIBRARY_PATH=/home/nvidia/gestelt_ws/src/gestelt2/install/logger_wrapper/lib:/home/nvidia/gestelt_ws/src/gestelt2/install/ikd_tree/lib:/home/nvidia/gestelt_ws/src/gestelt2/install/bonxai/lib:${LD_LIBRARY_PATH} /usr/bin/cmake --install /home/nvidia/gestelt_ws/src/gestelt2/build/occ_map
[96.450s] Level 1:colcon.colcon_core.environment:create_environment_scripts_only(occ_map)
[96.451s] Level 1:colcon.colcon_core.environment:checking '/home/nvidia/gestelt_ws/src/gestelt2/install/occ_map' for CMake module files
[96.452s] DEBUG:colcon.colcon_core.event_handler.log_command:Invoked command in '/home/nvidia/gestelt_ws/src/gestelt2/build/occ_map' returned '0': AMENT_PREFIX_PATH=/home/nvidia/gestelt_ws/src/gestelt2/install/logger_wrapper:/home/nvidia/gestelt_ws/src/gestelt2/install/ikd_tree:/home/nvidia/gestelt_ws/src/gestelt2/install/bonxai:${AMENT_PREFIX_PATH} CMAKE_PREFIX_PATH=/home/nvidia/gestelt_ws/src/gestelt2/install/logger_wrapper:/home/nvidia/gestelt_ws/src/gestelt2/install/ikd_tree:/home/nvidia/gestelt_ws/src/gestelt2/install/bonxai:/home/nvidia/gestelt_ws/install/gestelt_bringup:/home/nvidia/gestelt_ws/install/trajectory_server:/home/nvidia/gestelt_ws/install/linear_mpc_controller:/home/nvidia/gestelt_ws/install/gestelt_planner:/home/nvidia/gestelt_ws/install/gestelt_controller:/home/nvidia/gestelt_ws/install/astar_planner:/home/nvidia/gestelt_ws/install/gestelt_core:/home/nvidia/gestelt_ws/install/occ_map:/home/nvidia/gestelt_ws/install/logger_wrapper:/home/nvidia/gestelt_ws/install/ikd_tree:/home/nvidia/gestelt_ws/install/gestelt_interfaces:/home/nvidia/gestelt_ws/install/fake_sensor:/home/nvidia/gestelt_ws/install/fake_map:/home/nvidia/gestelt_ws/install/decomp_ros_utils:/home/nvidia/gestelt_ws/install/decomp_util:/home/nvidia/gestelt_ws/install/decomp_ros_msgs:/home/nvidia/gestelt_ws/install/bonxai:/home/nvidia/tl_vision2/install/vrpn_mocap:/home/nvidia/tl_vision2/install/px4_msgs:/home/nvidia/bridge_ws/install/depth2pcl:/home/nvidia/gestelt_ws/install/gestelt_commander:/home/nvidia/tl_vision2/install/vision:/home/nvidia/bridge_ws/install/vilota_bridge:/opt/ros/humble LD_LIBRARY_PATH=/home/nvidia/gestelt_ws/src/gestelt2/install/logger_wrapper/lib:/home/nvidia/gestelt_ws/src/gestelt2/install/ikd_tree/lib:/home/nvidia/gestelt_ws/src/gestelt2/install/bonxai/lib:${LD_LIBRARY_PATH} /usr/bin/cmake --install /home/nvidia/gestelt_ws/src/gestelt2/build/occ_map
[96.453s] Level 1:colcon.colcon_core.environment:checking '/home/nvidia/gestelt_ws/src/gestelt2/install/occ_map' for CMake config files
[96.453s] Level 1:colcon.colcon_core.shell:create_environment_hook('occ_map', 'cmake_prefix_path')
[96.454s] INFO:colcon.colcon_core.shell:Creating environment hook '/home/nvidia/gestelt_ws/src/gestelt2/install/occ_map/share/occ_map/hook/cmake_prefix_path.ps1'
[96.455s] INFO:colcon.colcon_core.shell:Creating environment descriptor '/home/nvidia/gestelt_ws/src/gestelt2/install/occ_map/share/occ_map/hook/cmake_prefix_path.dsv'
[96.456s] INFO:colcon.colcon_core.shell:Creating environment hook '/home/nvidia/gestelt_ws/src/gestelt2/install/occ_map/share/occ_map/hook/cmake_prefix_path.sh'
[96.457s] Level 1:colcon.colcon_core.environment:checking '/home/nvidia/gestelt_ws/src/gestelt2/install/occ_map/lib'
[96.458s] Level 1:colcon.colcon_core.shell:create_environment_hook('occ_map', 'ld_library_path_lib')
[96.458s] INFO:colcon.colcon_core.shell:Creating environment hook '/home/nvidia/gestelt_ws/src/gestelt2/install/occ_map/share/occ_map/hook/ld_library_path_lib.ps1'
[96.459s] INFO:colcon.colcon_core.shell:Creating environment descriptor '/home/nvidia/gestelt_ws/src/gestelt2/install/occ_map/share/occ_map/hook/ld_library_path_lib.dsv'
[96.460s] INFO:colcon.colcon_core.shell:Creating environment hook '/home/nvidia/gestelt_ws/src/gestelt2/install/occ_map/share/occ_map/hook/ld_library_path_lib.sh'
[96.461s] Level 1:colcon.colcon_core.environment:checking '/home/nvidia/gestelt_ws/src/gestelt2/install/occ_map/bin'
[96.461s] Level 1:colcon.colcon_core.environment:checking '/home/nvidia/gestelt_ws/src/gestelt2/install/occ_map/lib/pkgconfig/occ_map.pc'
[96.461s] Level 1:colcon.colcon_core.environment:checking '/home/nvidia/gestelt_ws/src/gestelt2/install/occ_map/lib/python3.10/site-packages'
[96.462s] Level 1:colcon.colcon_core.environment:checking '/home/nvidia/gestelt_ws/src/gestelt2/install/occ_map/bin'
[96.463s] INFO:colcon.colcon_core.shell:Creating package script '/home/nvidia/gestelt_ws/src/gestelt2/install/occ_map/share/occ_map/package.ps1'
[96.464s] INFO:colcon.colcon_core.shell:Creating package descriptor '/home/nvidia/gestelt_ws/src/gestelt2/install/occ_map/share/occ_map/package.dsv'
[96.465s] INFO:colcon.colcon_core.shell:Creating package script '/home/nvidia/gestelt_ws/src/gestelt2/install/occ_map/share/occ_map/package.sh'
[96.466s] INFO:colcon.colcon_core.shell:Creating package script '/home/nvidia/gestelt_ws/src/gestelt2/install/occ_map/share/occ_map/package.bash'
[96.467s] INFO:colcon.colcon_core.shell:Creating package script '/home/nvidia/gestelt_ws/src/gestelt2/install/occ_map/share/occ_map/package.zsh'
[96.467s] Level 1:colcon.colcon_core.environment:create_file_with_runtime_dependencies(/home/nvidia/gestelt_ws/src/gestelt2/install/occ_map/share/colcon-core/packages/occ_map)
[96.469s] Level 1:colcon.colcon_core.environment:create_environment_scripts_only(occ_map)
[96.469s] Level 1:colcon.colcon_core.environment:checking '/home/nvidia/gestelt_ws/src/gestelt2/install/occ_map' for CMake module files
[96.471s] Level 1:colcon.colcon_core.environment:checking '/home/nvidia/gestelt_ws/src/gestelt2/install/occ_map' for CMake config files
[96.471s] Level 1:colcon.colcon_core.shell:create_environment_hook('occ_map', 'cmake_prefix_path')
[96.472s] INFO:colcon.colcon_core.shell:Creating environment hook '/home/nvidia/gestelt_ws/src/gestelt2/install/occ_map/share/occ_map/hook/cmake_prefix_path.ps1'
[96.473s] INFO:colcon.colcon_core.shell:Creating environment descriptor '/home/nvidia/gestelt_ws/src/gestelt2/install/occ_map/share/occ_map/hook/cmake_prefix_path.dsv'
[96.474s] INFO:colcon.colcon_core.shell:Creating environment hook '/home/nvidia/gestelt_ws/src/gestelt2/install/occ_map/share/occ_map/hook/cmake_prefix_path.sh'
[96.475s] Level 1:colcon.colcon_core.environment:checking '/home/nvidia/gestelt_ws/src/gestelt2/install/occ_map/lib'
[96.476s] Level 1:colcon.colcon_core.shell:create_environment_hook('occ_map', 'ld_library_path_lib')
[96.476s] INFO:colcon.colcon_core.shell:Creating environment hook '/home/nvidia/gestelt_ws/src/gestelt2/install/occ_map/share/occ_map/hook/ld_library_path_lib.ps1'
[96.477s] INFO:colcon.colcon_core.shell:Creating environment descriptor '/home/nvidia/gestelt_ws/src/gestelt2/install/occ_map/share/occ_map/hook/ld_library_path_lib.dsv'
[96.478s] INFO:colcon.colcon_core.shell:Creating environment hook '/home/nvidia/gestelt_ws/src/gestelt2/install/occ_map/share/occ_map/hook/ld_library_path_lib.sh'
[96.479s] Level 1:colcon.colcon_core.environment:checking '/home/nvidia/gestelt_ws/src/gestelt2/install/occ_map/bin'
[96.479s] Level 1:colcon.colcon_core.environment:checking '/home/nvidia/gestelt_ws/src/gestelt2/install/occ_map/lib/pkgconfig/occ_map.pc'
[96.479s] Level 1:colcon.colcon_core.environment:checking '/home/nvidia/gestelt_ws/src/gestelt2/install/occ_map/lib/python3.10/site-packages'
[96.480s] Level 1:colcon.colcon_core.environment:checking '/home/nvidia/gestelt_ws/src/gestelt2/install/occ_map/bin'
[96.481s] INFO:colcon.colcon_core.shell:Creating package script '/home/nvidia/gestelt_ws/src/gestelt2/install/occ_map/share/occ_map/package.ps1'
[96.482s] INFO:colcon.colcon_core.shell:Creating package descriptor '/home/nvidia/gestelt_ws/src/gestelt2/install/occ_map/share/occ_map/package.dsv'
[96.483s] INFO:colcon.colcon_core.shell:Creating package script '/home/nvidia/gestelt_ws/src/gestelt2/install/occ_map/share/occ_map/package.sh'
[96.484s] INFO:colcon.colcon_core.shell:Creating package script '/home/nvidia/gestelt_ws/src/gestelt2/install/occ_map/share/occ_map/package.bash'
[96.485s] INFO:colcon.colcon_core.shell:Creating package script '/home/nvidia/gestelt_ws/src/gestelt2/install/occ_map/share/occ_map/package.zsh'
[96.486s] Level 1:colcon.colcon_core.environment:create_file_with_runtime_dependencies(/home/nvidia/gestelt_ws/src/gestelt2/install/occ_map/share/colcon-core/packages/occ_map)
[96.487s] INFO:colcon.colcon_ros.task.ament_cmake.build:Building ROS package in '/home/nvidia/gestelt_ws/src/gestelt2/gestelt_core' with build type 'ament_cmake'
[96.487s] INFO:colcon.colcon_cmake.task.cmake.build:Building CMake package in '/home/nvidia/gestelt_ws/src/gestelt2/gestelt_core'
[96.488s] INFO:colcon.colcon_core.shell:Skip shell extension 'powershell' for command environment: Not usable outside of PowerShell
[96.488s] DEBUG:colcon.colcon_core.shell:Skip shell extension 'dsv' for command environment
[96.536s] DEBUG:colcon.colcon_core.event_handler.log_command:Invoking command in '/home/nvidia/gestelt_ws/src/gestelt2/build/gestelt_core': AMENT_PREFIX_PATH=/home/nvidia/gestelt_ws/src/gestelt2/install/occ_map:/home/nvidia/gestelt_ws/src/gestelt2/install/logger_wrapper:/home/nvidia/gestelt_ws/src/gestelt2/install/ikd_tree:/home/nvidia/gestelt_ws/src/gestelt2/install/bonxai:${AMENT_PREFIX_PATH} CMAKE_PREFIX_PATH=/home/nvidia/gestelt_ws/src/gestelt2/install/occ_map:/home/nvidia/gestelt_ws/src/gestelt2/install/logger_wrapper:/home/nvidia/gestelt_ws/src/gestelt2/install/ikd_tree:/home/nvidia/gestelt_ws/src/gestelt2/install/bonxai:/home/nvidia/gestelt_ws/install/gestelt_bringup:/home/nvidia/gestelt_ws/install/trajectory_server:/home/nvidia/gestelt_ws/install/linear_mpc_controller:/home/nvidia/gestelt_ws/install/gestelt_planner:/home/nvidia/gestelt_ws/install/gestelt_controller:/home/nvidia/gestelt_ws/install/astar_planner:/home/nvidia/gestelt_ws/install/gestelt_core:/home/nvidia/gestelt_ws/install/occ_map:/home/nvidia/gestelt_ws/install/logger_wrapper:/home/nvidia/gestelt_ws/install/ikd_tree:/home/nvidia/gestelt_ws/install/gestelt_interfaces:/home/nvidia/gestelt_ws/install/fake_sensor:/home/nvidia/gestelt_ws/install/fake_map:/home/nvidia/gestelt_ws/install/decomp_ros_utils:/home/nvidia/gestelt_ws/install/decomp_util:/home/nvidia/gestelt_ws/install/decomp_ros_msgs:/home/nvidia/gestelt_ws/install/bonxai:/home/nvidia/tl_vision2/install/vrpn_mocap:/home/nvidia/tl_vision2/install/px4_msgs:/home/nvidia/bridge_ws/install/depth2pcl:/home/nvidia/gestelt_ws/install/gestelt_commander:/home/nvidia/tl_vision2/install/vision:/home/nvidia/bridge_ws/install/vilota_bridge:/opt/ros/humble LD_LIBRARY_PATH=/home/nvidia/gestelt_ws/src/gestelt2/install/occ_map/lib:/home/nvidia/gestelt_ws/src/gestelt2/install/logger_wrapper/lib:/home/nvidia/gestelt_ws/src/gestelt2/install/ikd_tree/lib:/home/nvidia/gestelt_ws/src/gestelt2/install/bonxai/lib:${LD_LIBRARY_PATH} /usr/bin/cmake --build /home/nvidia/gestelt_ws/src/gestelt2/build/gestelt_core -- -j8 -l8
[96.646s] DEBUG:colcon.colcon_core.event_handler.log_command:Invoked command in '/home/nvidia/gestelt_ws/src/gestelt2/build/gestelt_core' returned '0': AMENT_PREFIX_PATH=/home/nvidia/gestelt_ws/src/gestelt2/install/occ_map:/home/nvidia/gestelt_ws/src/gestelt2/install/logger_wrapper:/home/nvidia/gestelt_ws/src/gestelt2/install/ikd_tree:/home/nvidia/gestelt_ws/src/gestelt2/install/bonxai:${AMENT_PREFIX_PATH} CMAKE_PREFIX_PATH=/home/nvidia/gestelt_ws/src/gestelt2/install/occ_map:/home/nvidia/gestelt_ws/src/gestelt2/install/logger_wrapper:/home/nvidia/gestelt_ws/src/gestelt2/install/ikd_tree:/home/nvidia/gestelt_ws/src/gestelt2/install/bonxai:/home/nvidia/gestelt_ws/install/gestelt_bringup:/home/nvidia/gestelt_ws/install/trajectory_server:/home/nvidia/gestelt_ws/install/linear_mpc_controller:/home/nvidia/gestelt_ws/install/gestelt_planner:/home/nvidia/gestelt_ws/install/gestelt_controller:/home/nvidia/gestelt_ws/install/astar_planner:/home/nvidia/gestelt_ws/install/gestelt_core:/home/nvidia/gestelt_ws/install/occ_map:/home/nvidia/gestelt_ws/install/logger_wrapper:/home/nvidia/gestelt_ws/install/ikd_tree:/home/nvidia/gestelt_ws/install/gestelt_interfaces:/home/nvidia/gestelt_ws/install/fake_sensor:/home/nvidia/gestelt_ws/install/fake_map:/home/nvidia/gestelt_ws/install/decomp_ros_utils:/home/nvidia/gestelt_ws/install/decomp_util:/home/nvidia/gestelt_ws/install/decomp_ros_msgs:/home/nvidia/gestelt_ws/install/bonxai:/home/nvidia/tl_vision2/install/vrpn_mocap:/home/nvidia/tl_vision2/install/px4_msgs:/home/nvidia/bridge_ws/install/depth2pcl:/home/nvidia/gestelt_ws/install/gestelt_commander:/home/nvidia/tl_vision2/install/vision:/home/nvidia/bridge_ws/install/vilota_bridge:/opt/ros/humble LD_LIBRARY_PATH=/home/nvidia/gestelt_ws/src/gestelt2/install/occ_map/lib:/home/nvidia/gestelt_ws/src/gestelt2/install/logger_wrapper/lib:/home/nvidia/gestelt_ws/src/gestelt2/install/ikd_tree/lib:/home/nvidia/gestelt_ws/src/gestelt2/install/bonxai/lib:${LD_LIBRARY_PATH} /usr/bin/cmake --build /home/nvidia/gestelt_ws/src/gestelt2/build/gestelt_core -- -j8 -l8
[96.650s] DEBUG:colcon.colcon_core.event_handler.log_command:Invoking command in '/home/nvidia/gestelt_ws/src/gestelt2/build/gestelt_core': AMENT_PREFIX_PATH=/home/nvidia/gestelt_ws/src/gestelt2/install/occ_map:/home/nvidia/gestelt_ws/src/gestelt2/install/logger_wrapper:/home/nvidia/gestelt_ws/src/gestelt2/install/ikd_tree:/home/nvidia/gestelt_ws/src/gestelt2/install/bonxai:${AMENT_PREFIX_PATH} CMAKE_PREFIX_PATH=/home/nvidia/gestelt_ws/src/gestelt2/install/occ_map:/home/nvidia/gestelt_ws/src/gestelt2/install/logger_wrapper:/home/nvidia/gestelt_ws/src/gestelt2/install/ikd_tree:/home/nvidia/gestelt_ws/src/gestelt2/install/bonxai:/home/nvidia/gestelt_ws/install/gestelt_bringup:/home/nvidia/gestelt_ws/install/trajectory_server:/home/nvidia/gestelt_ws/install/linear_mpc_controller:/home/nvidia/gestelt_ws/install/gestelt_planner:/home/nvidia/gestelt_ws/install/gestelt_controller:/home/nvidia/gestelt_ws/install/astar_planner:/home/nvidia/gestelt_ws/install/gestelt_core:/home/nvidia/gestelt_ws/install/occ_map:/home/nvidia/gestelt_ws/install/logger_wrapper:/home/nvidia/gestelt_ws/install/ikd_tree:/home/nvidia/gestelt_ws/install/gestelt_interfaces:/home/nvidia/gestelt_ws/install/fake_sensor:/home/nvidia/gestelt_ws/install/fake_map:/home/nvidia/gestelt_ws/install/decomp_ros_utils:/home/nvidia/gestelt_ws/install/decomp_util:/home/nvidia/gestelt_ws/install/decomp_ros_msgs:/home/nvidia/gestelt_ws/install/bonxai:/home/nvidia/tl_vision2/install/vrpn_mocap:/home/nvidia/tl_vision2/install/px4_msgs:/home/nvidia/bridge_ws/install/depth2pcl:/home/nvidia/gestelt_ws/install/gestelt_commander:/home/nvidia/tl_vision2/install/vision:/home/nvidia/bridge_ws/install/vilota_bridge:/opt/ros/humble LD_LIBRARY_PATH=/home/nvidia/gestelt_ws/src/gestelt2/install/occ_map/lib:/home/nvidia/gestelt_ws/src/gestelt2/install/logger_wrapper/lib:/home/nvidia/gestelt_ws/src/gestelt2/install/ikd_tree/lib:/home/nvidia/gestelt_ws/src/gestelt2/install/bonxai/lib:${LD_LIBRARY_PATH} /usr/bin/cmake --install /home/nvidia/gestelt_ws/src/gestelt2/build/gestelt_core
[97.206s] Level 1:colcon.colcon_core.environment:create_environment_scripts_only(gestelt_core)
[97.207s] Level 1:colcon.colcon_core.environment:checking '/home/nvidia/gestelt_ws/src/gestelt2/install/gestelt_core' for CMake module files
[97.208s] DEBUG:colcon.colcon_core.event_handler.log_command:Invoked command in '/home/nvidia/gestelt_ws/src/gestelt2/build/gestelt_core' returned '0': AMENT_PREFIX_PATH=/home/nvidia/gestelt_ws/src/gestelt2/install/occ_map:/home/nvidia/gestelt_ws/src/gestelt2/install/logger_wrapper:/home/nvidia/gestelt_ws/src/gestelt2/install/ikd_tree:/home/nvidia/gestelt_ws/src/gestelt2/install/bonxai:${AMENT_PREFIX_PATH} CMAKE_PREFIX_PATH=/home/nvidia/gestelt_ws/src/gestelt2/install/occ_map:/home/nvidia/gestelt_ws/src/gestelt2/install/logger_wrapper:/home/nvidia/gestelt_ws/src/gestelt2/install/ikd_tree:/home/nvidia/gestelt_ws/src/gestelt2/install/bonxai:/home/nvidia/gestelt_ws/install/gestelt_bringup:/home/nvidia/gestelt_ws/install/trajectory_server:/home/nvidia/gestelt_ws/install/linear_mpc_controller:/home/nvidia/gestelt_ws/install/gestelt_planner:/home/nvidia/gestelt_ws/install/gestelt_controller:/home/nvidia/gestelt_ws/install/astar_planner:/home/nvidia/gestelt_ws/install/gestelt_core:/home/nvidia/gestelt_ws/install/occ_map:/home/nvidia/gestelt_ws/install/logger_wrapper:/home/nvidia/gestelt_ws/install/ikd_tree:/home/nvidia/gestelt_ws/install/gestelt_interfaces:/home/nvidia/gestelt_ws/install/fake_sensor:/home/nvidia/gestelt_ws/install/fake_map:/home/nvidia/gestelt_ws/install/decomp_ros_utils:/home/nvidia/gestelt_ws/install/decomp_util:/home/nvidia/gestelt_ws/install/decomp_ros_msgs:/home/nvidia/gestelt_ws/install/bonxai:/home/nvidia/tl_vision2/install/vrpn_mocap:/home/nvidia/tl_vision2/install/px4_msgs:/home/nvidia/bridge_ws/install/depth2pcl:/home/nvidia/gestelt_ws/install/gestelt_commander:/home/nvidia/tl_vision2/install/vision:/home/nvidia/bridge_ws/install/vilota_bridge:/opt/ros/humble LD_LIBRARY_PATH=/home/nvidia/gestelt_ws/src/gestelt2/install/occ_map/lib:/home/nvidia/gestelt_ws/src/gestelt2/install/logger_wrapper/lib:/home/nvidia/gestelt_ws/src/gestelt2/install/ikd_tree/lib:/home/nvidia/gestelt_ws/src/gestelt2/install/bonxai/lib:${LD_LIBRARY_PATH} /usr/bin/cmake --install /home/nvidia/gestelt_ws/src/gestelt2/build/gestelt_core
[97.209s] Level 1:colcon.colcon_core.environment:checking '/home/nvidia/gestelt_ws/src/gestelt2/install/gestelt_core' for CMake config files
[97.209s] Level 1:colcon.colcon_core.shell:create_environment_hook('gestelt_core', 'cmake_prefix_path')
[97.210s] INFO:colcon.colcon_core.shell:Creating environment hook '/home/nvidia/gestelt_ws/src/gestelt2/install/gestelt_core/share/gestelt_core/hook/cmake_prefix_path.ps1'
[97.211s] INFO:colcon.colcon_core.shell:Creating environment descriptor '/home/nvidia/gestelt_ws/src/gestelt2/install/gestelt_core/share/gestelt_core/hook/cmake_prefix_path.dsv'
[97.212s] INFO:colcon.colcon_core.shell:Creating environment hook '/home/nvidia/gestelt_ws/src/gestelt2/install/gestelt_core/share/gestelt_core/hook/cmake_prefix_path.sh'
[97.213s] Level 1:colcon.colcon_core.environment:checking '/home/nvidia/gestelt_ws/src/gestelt2/install/gestelt_core/bin'
[97.213s] Level 1:colcon.colcon_core.environment:checking '/home/nvidia/gestelt_ws/src/gestelt2/install/gestelt_core/lib/pkgconfig/gestelt_core.pc'
[97.214s] Level 1:colcon.colcon_core.environment:checking '/home/nvidia/gestelt_ws/src/gestelt2/install/gestelt_core/lib/python3.10/site-packages'
[97.214s] Level 1:colcon.colcon_core.environment:checking '/home/nvidia/gestelt_ws/src/gestelt2/install/gestelt_core/bin'
[97.215s] INFO:colcon.colcon_core.shell:Creating package script '/home/nvidia/gestelt_ws/src/gestelt2/install/gestelt_core/share/gestelt_core/package.ps1'
[97.216s] INFO:colcon.colcon_core.shell:Creating package descriptor '/home/nvidia/gestelt_ws/src/gestelt2/install/gestelt_core/share/gestelt_core/package.dsv'
[97.217s] INFO:colcon.colcon_core.shell:Creating package script '/home/nvidia/gestelt_ws/src/gestelt2/install/gestelt_core/share/gestelt_core/package.sh'
[97.218s] INFO:colcon.colcon_core.shell:Creating package script '/home/nvidia/gestelt_ws/src/gestelt2/install/gestelt_core/share/gestelt_core/package.bash'
[97.219s] INFO:colcon.colcon_core.shell:Creating package script '/home/nvidia/gestelt_ws/src/gestelt2/install/gestelt_core/share/gestelt_core/package.zsh'
[97.220s] Level 1:colcon.colcon_core.environment:create_file_with_runtime_dependencies(/home/nvidia/gestelt_ws/src/gestelt2/install/gestelt_core/share/colcon-core/packages/gestelt_core)
[97.221s] Level 1:colcon.colcon_core.environment:create_environment_scripts_only(gestelt_core)
[97.222s] Level 1:colcon.colcon_core.environment:checking '/home/nvidia/gestelt_ws/src/gestelt2/install/gestelt_core' for CMake module files
[97.223s] Level 1:colcon.colcon_core.environment:checking '/home/nvidia/gestelt_ws/src/gestelt2/install/gestelt_core' for CMake config files
[97.224s] Level 1:colcon.colcon_core.shell:create_environment_hook('gestelt_core', 'cmake_prefix_path')
[97.224s] INFO:colcon.colcon_core.shell:Creating environment hook '/home/nvidia/gestelt_ws/src/gestelt2/install/gestelt_core/share/gestelt_core/hook/cmake_prefix_path.ps1'
[97.225s] INFO:colcon.colcon_core.shell:Creating environment descriptor '/home/nvidia/gestelt_ws/src/gestelt2/install/gestelt_core/share/gestelt_core/hook/cmake_prefix_path.dsv'
[97.226s] INFO:colcon.colcon_core.shell:Creating environment hook '/home/nvidia/gestelt_ws/src/gestelt2/install/gestelt_core/share/gestelt_core/hook/cmake_prefix_path.sh'
[97.229s] Level 1:colcon.colcon_core.environment:checking '/home/nvidia/gestelt_ws/src/gestelt2/install/gestelt_core/bin'
[97.229s] Level 1:colcon.colcon_core.environment:checking '/home/nvidia/gestelt_ws/src/gestelt2/install/gestelt_core/lib/pkgconfig/gestelt_core.pc'
[97.230s] Level 1:colcon.colcon_core.environment:checking '/home/nvidia/gestelt_ws/src/gestelt2/install/gestelt_core/lib/python3.10/site-packages'
[97.230s] Level 1:colcon.colcon_core.environment:checking '/home/nvidia/gestelt_ws/src/gestelt2/install/gestelt_core/bin'
[97.231s] INFO:colcon.colcon_core.shell:Creating package script '/home/nvidia/gestelt_ws/src/gestelt2/install/gestelt_core/share/gestelt_core/package.ps1'
[97.232s] INFO:colcon.colcon_core.shell:Creating package descriptor '/home/nvidia/gestelt_ws/src/gestelt2/install/gestelt_core/share/gestelt_core/package.dsv'
[97.233s] INFO:colcon.colcon_core.shell:Creating package script '/home/nvidia/gestelt_ws/src/gestelt2/install/gestelt_core/share/gestelt_core/package.sh'
[97.234s] INFO:colcon.colcon_core.shell:Creating package script '/home/nvidia/gestelt_ws/src/gestelt2/install/gestelt_core/share/gestelt_core/package.bash'
[97.235s] INFO:colcon.colcon_core.shell:Creating package script '/home/nvidia/gestelt_ws/src/gestelt2/install/gestelt_core/share/gestelt_core/package.zsh'
[97.236s] Level 1:colcon.colcon_core.environment:create_file_with_runtime_dependencies(/home/nvidia/gestelt_ws/src/gestelt2/install/gestelt_core/share/colcon-core/packages/gestelt_core)
[97.237s] INFO:colcon.colcon_ros.task.ament_cmake.build:Building ROS package in '/home/nvidia/gestelt_ws/src/gestelt2/astar_planner' with build type 'ament_cmake'
[97.238s] INFO:colcon.colcon_cmake.task.cmake.build:Building CMake package in '/home/nvidia/gestelt_ws/src/gestelt2/astar_planner'
[97.238s] INFO:colcon.colcon_core.shell:Skip shell extension 'powershell' for command environment: Not usable outside of PowerShell
[97.238s] DEBUG:colcon.colcon_core.shell:Skip shell extension 'dsv' for command environment
[97.251s] INFO:colcon.colcon_ros.task.ament_cmake.build:Building ROS package in '/home/nvidia/gestelt_ws/src/gestelt2/gestelt_controller' with build type 'ament_cmake'
[97.251s] INFO:colcon.colcon_cmake.task.cmake.build:Building CMake package in '/home/nvidia/gestelt_ws/src/gestelt2/gestelt_controller'
[97.252s] INFO:colcon.colcon_core.shell:Skip shell extension 'powershell' for command environment: Not usable outside of PowerShell
[97.252s] DEBUG:colcon.colcon_core.shell:Skip shell extension 'dsv' for command environment
[97.264s] INFO:colcon.colcon_ros.task.ament_cmake.build:Building ROS package in '/home/nvidia/gestelt_ws/src/gestelt2/gestelt_planner' with build type 'ament_cmake'
[97.264s] INFO:colcon.colcon_cmake.task.cmake.build:Building CMake package in '/home/nvidia/gestelt_ws/src/gestelt2/gestelt_planner'
[97.265s] INFO:colcon.colcon_core.shell:Skip shell extension 'powershell' for command environment: Not usable outside of PowerShell
[97.265s] DEBUG:colcon.colcon_core.shell:Skip shell extension 'dsv' for command environment
[97.277s] INFO:colcon.colcon_ros.task.ament_cmake.build:Building ROS package in '/home/nvidia/gestelt_ws/src/gestelt2/linear_mpc_controller' with build type 'ament_cmake'
[97.277s] INFO:colcon.colcon_cmake.task.cmake.build:Building CMake package in '/home/nvidia/gestelt_ws/src/gestelt2/linear_mpc_controller'
[97.278s] INFO:colcon.colcon_core.shell:Skip shell extension 'powershell' for command environment: Not usable outside of PowerShell
[97.278s] DEBUG:colcon.colcon_core.shell:Skip shell extension 'dsv' for command environment
[97.300s] DEBUG:colcon.colcon_core.event_handler.log_command:Invoking command in '/home/nvidia/gestelt_ws/src/gestelt2/build/astar_planner': AMENT_PREFIX_PATH=/home/nvidia/gestelt_ws/src/gestelt2/install/gestelt_core:/home/nvidia/gestelt_ws/src/gestelt2/install/occ_map:/home/nvidia/gestelt_ws/src/gestelt2/install/logger_wrapper:/home/nvidia/gestelt_ws/src/gestelt2/install/ikd_tree:/home/nvidia/gestelt_ws/src/gestelt2/install/bonxai:${AMENT_PREFIX_PATH} CMAKE_PREFIX_PATH=/home/nvidia/gestelt_ws/src/gestelt2/install/gestelt_core:/home/nvidia/gestelt_ws/src/gestelt2/install/occ_map:/home/nvidia/gestelt_ws/src/gestelt2/install/logger_wrapper:/home/nvidia/gestelt_ws/src/gestelt2/install/ikd_tree:/home/nvidia/gestelt_ws/src/gestelt2/install/bonxai:/home/nvidia/gestelt_ws/install/gestelt_bringup:/home/nvidia/gestelt_ws/install/trajectory_server:/home/nvidia/gestelt_ws/install/linear_mpc_controller:/home/nvidia/gestelt_ws/install/gestelt_planner:/home/nvidia/gestelt_ws/install/gestelt_controller:/home/nvidia/gestelt_ws/install/astar_planner:/home/nvidia/gestelt_ws/install/gestelt_core:/home/nvidia/gestelt_ws/install/occ_map:/home/nvidia/gestelt_ws/install/logger_wrapper:/home/nvidia/gestelt_ws/install/ikd_tree:/home/nvidia/gestelt_ws/install/gestelt_interfaces:/home/nvidia/gestelt_ws/install/fake_sensor:/home/nvidia/gestelt_ws/install/fake_map:/home/nvidia/gestelt_ws/install/decomp_ros_utils:/home/nvidia/gestelt_ws/install/decomp_util:/home/nvidia/gestelt_ws/install/decomp_ros_msgs:/home/nvidia/gestelt_ws/install/bonxai:/home/nvidia/tl_vision2/install/vrpn_mocap:/home/nvidia/tl_vision2/install/px4_msgs:/home/nvidia/bridge_ws/install/depth2pcl:/home/nvidia/gestelt_ws/install/gestelt_commander:/home/nvidia/tl_vision2/install/vision:/home/nvidia/bridge_ws/install/vilota_bridge:/opt/ros/humble LD_LIBRARY_PATH=/home/nvidia/gestelt_ws/src/gestelt2/install/occ_map/lib:/home/nvidia/gestelt_ws/src/gestelt2/install/logger_wrapper/lib:/home/nvidia/gestelt_ws/src/gestelt2/install/ikd_tree/lib:/home/nvidia/gestelt_ws/src/gestelt2/install/bonxai/lib:${LD_LIBRARY_PATH} /usr/bin/cmake --build /home/nvidia/gestelt_ws/src/gestelt2/build/astar_planner -- -j8 -l8
[97.315s] DEBUG:colcon.colcon_core.event_handler.log_command:Invoking command in '/home/nvidia/gestelt_ws/src/gestelt2/build/gestelt_controller': AMENT_PREFIX_PATH=/home/nvidia/gestelt_ws/src/gestelt2/install/gestelt_core:/home/nvidia/gestelt_ws/src/gestelt2/install/occ_map:/home/nvidia/gestelt_ws/src/gestelt2/install/logger_wrapper:/home/nvidia/gestelt_ws/src/gestelt2/install/ikd_tree:/home/nvidia/gestelt_ws/src/gestelt2/install/bonxai:${AMENT_PREFIX_PATH} CMAKE_PREFIX_PATH=/home/nvidia/gestelt_ws/src/gestelt2/install/gestelt_core:/home/nvidia/gestelt_ws/src/gestelt2/install/occ_map:/home/nvidia/gestelt_ws/src/gestelt2/install/logger_wrapper:/home/nvidia/gestelt_ws/src/gestelt2/install/ikd_tree:/home/nvidia/gestelt_ws/src/gestelt2/install/bonxai:/home/nvidia/gestelt_ws/install/gestelt_bringup:/home/nvidia/gestelt_ws/install/trajectory_server:/home/nvidia/gestelt_ws/install/linear_mpc_controller:/home/nvidia/gestelt_ws/install/gestelt_planner:/home/nvidia/gestelt_ws/install/gestelt_controller:/home/nvidia/gestelt_ws/install/astar_planner:/home/nvidia/gestelt_ws/install/gestelt_core:/home/nvidia/gestelt_ws/install/occ_map:/home/nvidia/gestelt_ws/install/logger_wrapper:/home/nvidia/gestelt_ws/install/ikd_tree:/home/nvidia/gestelt_ws/install/gestelt_interfaces:/home/nvidia/gestelt_ws/install/fake_sensor:/home/nvidia/gestelt_ws/install/fake_map:/home/nvidia/gestelt_ws/install/decomp_ros_utils:/home/nvidia/gestelt_ws/install/decomp_util:/home/nvidia/gestelt_ws/install/decomp_ros_msgs:/home/nvidia/gestelt_ws/install/bonxai:/home/nvidia/tl_vision2/install/vrpn_mocap:/home/nvidia/tl_vision2/install/px4_msgs:/home/nvidia/bridge_ws/install/depth2pcl:/home/nvidia/gestelt_ws/install/gestelt_commander:/home/nvidia/tl_vision2/install/vision:/home/nvidia/bridge_ws/install/vilota_bridge:/opt/ros/humble LD_LIBRARY_PATH=/home/nvidia/gestelt_ws/src/gestelt2/install/occ_map/lib:/home/nvidia/gestelt_ws/src/gestelt2/install/logger_wrapper/lib:/home/nvidia/gestelt_ws/src/gestelt2/install/ikd_tree/lib:/home/nvidia/gestelt_ws/src/gestelt2/install/bonxai/lib:${LD_LIBRARY_PATH} /usr/bin/cmake --build /home/nvidia/gestelt_ws/src/gestelt2/build/gestelt_controller -- -j8 -l8
[97.323s] DEBUG:colcon.colcon_core.event_handler.log_command:Invoking command in '/home/nvidia/gestelt_ws/src/gestelt2/build/gestelt_planner': AMENT_PREFIX_PATH=/home/nvidia/gestelt_ws/src/gestelt2/install/gestelt_core:/home/nvidia/gestelt_ws/src/gestelt2/install/occ_map:/home/nvidia/gestelt_ws/src/gestelt2/install/logger_wrapper:/home/nvidia/gestelt_ws/src/gestelt2/install/ikd_tree:/home/nvidia/gestelt_ws/src/gestelt2/install/bonxai:${AMENT_PREFIX_PATH} CMAKE_PREFIX_PATH=/home/nvidia/gestelt_ws/src/gestelt2/install/gestelt_core:/home/nvidia/gestelt_ws/src/gestelt2/install/occ_map:/home/nvidia/gestelt_ws/src/gestelt2/install/logger_wrapper:/home/nvidia/gestelt_ws/src/gestelt2/install/ikd_tree:/home/nvidia/gestelt_ws/src/gestelt2/install/bonxai:/home/nvidia/gestelt_ws/install/gestelt_bringup:/home/nvidia/gestelt_ws/install/trajectory_server:/home/nvidia/gestelt_ws/install/linear_mpc_controller:/home/nvidia/gestelt_ws/install/gestelt_planner:/home/nvidia/gestelt_ws/install/gestelt_controller:/home/nvidia/gestelt_ws/install/astar_planner:/home/nvidia/gestelt_ws/install/gestelt_core:/home/nvidia/gestelt_ws/install/occ_map:/home/nvidia/gestelt_ws/install/logger_wrapper:/home/nvidia/gestelt_ws/install/ikd_tree:/home/nvidia/gestelt_ws/install/gestelt_interfaces:/home/nvidia/gestelt_ws/install/fake_sensor:/home/nvidia/gestelt_ws/install/fake_map:/home/nvidia/gestelt_ws/install/decomp_ros_utils:/home/nvidia/gestelt_ws/install/decomp_util:/home/nvidia/gestelt_ws/install/decomp_ros_msgs:/home/nvidia/gestelt_ws/install/bonxai:/home/nvidia/tl_vision2/install/vrpn_mocap:/home/nvidia/tl_vision2/install/px4_msgs:/home/nvidia/bridge_ws/install/depth2pcl:/home/nvidia/gestelt_ws/install/gestelt_commander:/home/nvidia/tl_vision2/install/vision:/home/nvidia/bridge_ws/install/vilota_bridge:/opt/ros/humble LD_LIBRARY_PATH=/home/nvidia/gestelt_ws/src/gestelt2/install/occ_map/lib:/home/nvidia/gestelt_ws/src/gestelt2/install/logger_wrapper/lib:/home/nvidia/gestelt_ws/src/gestelt2/install/ikd_tree/lib:/home/nvidia/gestelt_ws/src/gestelt2/install/bonxai/lib:${LD_LIBRARY_PATH} /usr/bin/cmake --build /home/nvidia/gestelt_ws/src/gestelt2/build/gestelt_planner -- -j8 -l8
[97.337s] DEBUG:colcon.colcon_core.event_handler.log_command:Invoking command in '/home/nvidia/gestelt_ws/src/gestelt2/build/linear_mpc_controller': AMENT_PREFIX_PATH=/home/nvidia/gestelt_ws/src/gestelt2/install/gestelt_core:/home/nvidia/gestelt_ws/src/gestelt2/install/occ_map:/home/nvidia/gestelt_ws/src/gestelt2/install/decomp_ros_utils:/home/nvidia/gestelt_ws/src/gestelt2/install/logger_wrapper:/home/nvidia/gestelt_ws/src/gestelt2/install/ikd_tree:/home/nvidia/gestelt_ws/src/gestelt2/install/decomp_util:/home/nvidia/gestelt_ws/src/gestelt2/install/decomp_ros_msgs:/home/nvidia/gestelt_ws/src/gestelt2/install/bonxai:${AMENT_PREFIX_PATH} CMAKE_PREFIX_PATH=/home/nvidia/gestelt_ws/src/gestelt2/install/gestelt_core:/home/nvidia/gestelt_ws/src/gestelt2/install/occ_map:/home/nvidia/gestelt_ws/src/gestelt2/install/decomp_ros_utils:/home/nvidia/gestelt_ws/src/gestelt2/install/logger_wrapper:/home/nvidia/gestelt_ws/src/gestelt2/install/ikd_tree:/home/nvidia/gestelt_ws/src/gestelt2/install/decomp_util:/home/nvidia/gestelt_ws/src/gestelt2/install/decomp_ros_msgs:/home/nvidia/gestelt_ws/src/gestelt2/install/bonxai:/home/nvidia/gestelt_ws/install/gestelt_bringup:/home/nvidia/gestelt_ws/install/trajectory_server:/home/nvidia/gestelt_ws/install/linear_mpc_controller:/home/nvidia/gestelt_ws/install/gestelt_planner:/home/nvidia/gestelt_ws/install/gestelt_controller:/home/nvidia/gestelt_ws/install/astar_planner:/home/nvidia/gestelt_ws/install/gestelt_core:/home/nvidia/gestelt_ws/install/occ_map:/home/nvidia/gestelt_ws/install/logger_wrapper:/home/nvidia/gestelt_ws/install/ikd_tree:/home/nvidia/gestelt_ws/install/gestelt_interfaces:/home/nvidia/gestelt_ws/install/fake_sensor:/home/nvidia/gestelt_ws/install/fake_map:/home/nvidia/gestelt_ws/install/decomp_ros_utils:/home/nvidia/gestelt_ws/install/decomp_util:/home/nvidia/gestelt_ws/install/decomp_ros_msgs:/home/nvidia/gestelt_ws/install/bonxai:/home/nvidia/tl_vision2/install/vrpn_mocap:/home/nvidia/tl_vision2/install/px4_msgs:/home/nvidia/bridge_ws/install/depth2pcl:/home/nvidia/gestelt_ws/install/gestelt_commander:/home/nvidia/tl_vision2/install/vision:/home/nvidia/bridge_ws/install/vilota_bridge:/opt/ros/humble LD_LIBRARY_PATH=/home/nvidia/gestelt_ws/src/gestelt2/install/occ_map/lib:/home/nvidia/gestelt_ws/src/gestelt2/install/decomp_ros_utils/lib:/home/nvidia/gestelt_ws/src/gestelt2/install/logger_wrapper/lib:/home/nvidia/gestelt_ws/src/gestelt2/install/ikd_tree/lib:/home/nvidia/gestelt_ws/src/gestelt2/install/decomp_util/lib:/home/nvidia/gestelt_ws/src/gestelt2/install/decomp_ros_msgs/lib:/home/nvidia/gestelt_ws/src/gestelt2/install/bonxai/lib:${LD_LIBRARY_PATH} PYTHONPATH=/home/nvidia/gestelt_ws/src/gestelt2/install/decomp_ros_msgs/local/lib/python3.10/dist-packages:${PYTHONPATH} /usr/bin/cmake --build /home/nvidia/gestelt_ws/src/gestelt2/build/linear_mpc_controller -- -j8 -l8
[134.063s] DEBUG:colcon.colcon_core.event_handler.log_command:Invoked command in '/home/nvidia/gestelt_ws/src/gestelt2/build/astar_planner' returned '2': AMENT_PREFIX_PATH=/home/nvidia/gestelt_ws/src/gestelt2/install/gestelt_core:/home/nvidia/gestelt_ws/src/gestelt2/install/occ_map:/home/nvidia/gestelt_ws/src/gestelt2/install/logger_wrapper:/home/nvidia/gestelt_ws/src/gestelt2/install/ikd_tree:/home/nvidia/gestelt_ws/src/gestelt2/install/bonxai:${AMENT_PREFIX_PATH} CMAKE_PREFIX_PATH=/home/nvidia/gestelt_ws/src/gestelt2/install/gestelt_core:/home/nvidia/gestelt_ws/src/gestelt2/install/occ_map:/home/nvidia/gestelt_ws/src/gestelt2/install/logger_wrapper:/home/nvidia/gestelt_ws/src/gestelt2/install/ikd_tree:/home/nvidia/gestelt_ws/src/gestelt2/install/bonxai:/home/nvidia/gestelt_ws/install/gestelt_bringup:/home/nvidia/gestelt_ws/install/trajectory_server:/home/nvidia/gestelt_ws/install/linear_mpc_controller:/home/nvidia/gestelt_ws/install/gestelt_planner:/home/nvidia/gestelt_ws/install/gestelt_controller:/home/nvidia/gestelt_ws/install/astar_planner:/home/nvidia/gestelt_ws/install/gestelt_core:/home/nvidia/gestelt_ws/install/occ_map:/home/nvidia/gestelt_ws/install/logger_wrapper:/home/nvidia/gestelt_ws/install/ikd_tree:/home/nvidia/gestelt_ws/install/gestelt_interfaces:/home/nvidia/gestelt_ws/install/fake_sensor:/home/nvidia/gestelt_ws/install/fake_map:/home/nvidia/gestelt_ws/install/decomp_ros_utils:/home/nvidia/gestelt_ws/install/decomp_util:/home/nvidia/gestelt_ws/install/decomp_ros_msgs:/home/nvidia/gestelt_ws/install/bonxai:/home/nvidia/tl_vision2/install/vrpn_mocap:/home/nvidia/tl_vision2/install/px4_msgs:/home/nvidia/bridge_ws/install/depth2pcl:/home/nvidia/gestelt_ws/install/gestelt_commander:/home/nvidia/tl_vision2/install/vision:/home/nvidia/bridge_ws/install/vilota_bridge:/opt/ros/humble LD_LIBRARY_PATH=/home/nvidia/gestelt_ws/src/gestelt2/install/occ_map/lib:/home/nvidia/gestelt_ws/src/gestelt2/install/logger_wrapper/lib:/home/nvidia/gestelt_ws/src/gestelt2/install/ikd_tree/lib:/home/nvidia/gestelt_ws/src/gestelt2/install/bonxai/lib:${LD_LIBRARY_PATH} /usr/bin/cmake --build /home/nvidia/gestelt_ws/src/gestelt2/build/astar_planner -- -j8 -l8
[134.064s] Level 1:colcon.colcon_core.environment:create_environment_scripts_only(astar_planner)
[134.065s] Level 1:colcon.colcon_core.environment:checking '/home/nvidia/gestelt_ws/src/gestelt2/install/astar_planner' for CMake module files
[134.066s] Level 1:colcon.colcon_core.environment:checking '/home/nvidia/gestelt_ws/src/gestelt2/install/astar_planner' for CMake config files
[134.066s] Level 1:colcon.colcon_core.environment:checking '/home/nvidia/gestelt_ws/src/gestelt2/install/astar_planner/lib'
[134.067s] Level 1:colcon.colcon_core.shell:create_environment_hook('astar_planner', 'ld_library_path_lib')
[134.067s] INFO:colcon.colcon_core.shell:Creating environment hook '/home/nvidia/gestelt_ws/src/gestelt2/install/astar_planner/share/astar_planner/hook/ld_library_path_lib.ps1'
[134.069s] INFO:colcon.colcon_core.shell:Creating environment descriptor '/home/nvidia/gestelt_ws/src/gestelt2/install/astar_planner/share/astar_planner/hook/ld_library_path_lib.dsv'
[134.070s] INFO:colcon.colcon_core.shell:Creating environment hook '/home/nvidia/gestelt_ws/src/gestelt2/install/astar_planner/share/astar_planner/hook/ld_library_path_lib.sh'
[134.071s] Level 1:colcon.colcon_core.environment:checking '/home/nvidia/gestelt_ws/src/gestelt2/install/astar_planner/bin'
[134.071s] Level 1:colcon.colcon_core.environment:checking '/home/nvidia/gestelt_ws/src/gestelt2/install/astar_planner/lib/pkgconfig/astar_planner.pc'
[134.072s] Level 1:colcon.colcon_core.environment:checking '/home/nvidia/gestelt_ws/src/gestelt2/install/astar_planner/lib/python3.10/site-packages'
[134.072s] Level 1:colcon.colcon_core.environment:checking '/home/nvidia/gestelt_ws/src/gestelt2/install/astar_planner/bin'
[134.073s] INFO:colcon.colcon_core.shell:Creating package script '/home/nvidia/gestelt_ws/src/gestelt2/install/astar_planner/share/astar_planner/package.ps1'
[134.075s] INFO:colcon.colcon_core.shell:Creating package descriptor '/home/nvidia/gestelt_ws/src/gestelt2/install/astar_planner/share/astar_planner/package.dsv'
[134.076s] INFO:colcon.colcon_core.shell:Creating package script '/home/nvidia/gestelt_ws/src/gestelt2/install/astar_planner/share/astar_planner/package.sh'
[134.077s] INFO:colcon.colcon_core.shell:Creating package script '/home/nvidia/gestelt_ws/src/gestelt2/install/astar_planner/share/astar_planner/package.bash'
[134.078s] INFO:colcon.colcon_core.shell:Creating package script '/home/nvidia/gestelt_ws/src/gestelt2/install/astar_planner/share/astar_planner/package.zsh'
[134.079s] Level 1:colcon.colcon_core.environment:create_file_with_runtime_dependencies(/home/nvidia/gestelt_ws/src/gestelt2/install/astar_planner/share/colcon-core/packages/astar_planner)
[176.287s] DEBUG:colcon.colcon_parallel_executor.executor.parallel:run_until_complete was interrupted
[176.290s] DEBUG:colcon.colcon_parallel_executor.executor.parallel:run_until_complete again
[176.616s] DEBUG:colcon.colcon_parallel_executor.executor.parallel:run_until_complete finished
[176.616s] DEBUG:colcon.colcon_parallel_executor.executor.parallel:closing loop
[176.617s] DEBUG:colcon.colcon_parallel_executor.executor.parallel:loop closed
[176.618s] DEBUG:colcon.colcon_core.event_reactor:joining thread
[176.642s] INFO:colcon.colcon_core.plugin_system:Skipping extension 'colcon_notification.desktop_notification.terminal_notifier': Not used on non-Darwin systems
[176.642s] INFO:colcon.colcon_core.plugin_system:Skipping extension 'colcon_notification.desktop_notification.win32': Not used on non-Windows systems
[176.643s] INFO:colcon.colcon_notification.desktop_notification:Sending desktop notification using 'notify2'
[176.710s] DEBUG:colcon.colcon_core.event_reactor:joined thread
[176.712s] INFO:colcon.colcon_core.shell:Creating prefix script '/home/nvidia/gestelt_ws/src/gestelt2/install/local_setup.ps1'
[176.718s] INFO:colcon.colcon_core.shell:Creating prefix util module '/home/nvidia/gestelt_ws/src/gestelt2/install/_local_setup_util_ps1.py'
[176.724s] INFO:colcon.colcon_core.shell:Creating prefix chain script '/home/nvidia/gestelt_ws/src/gestelt2/install/setup.ps1'
[176.733s] INFO:colcon.colcon_core.shell:Creating prefix script '/home/nvidia/gestelt_ws/src/gestelt2/install/local_setup.sh'
[176.735s] INFO:colcon.colcon_core.shell:Creating prefix util module '/home/nvidia/gestelt_ws/src/gestelt2/install/_local_setup_util_sh.py'
[176.738s] INFO:colcon.colcon_core.shell:Creating prefix chain script '/home/nvidia/gestelt_ws/src/gestelt2/install/setup.sh'
[176.745s] INFO:colcon.colcon_core.shell:Creating prefix script '/home/nvidia/gestelt_ws/src/gestelt2/install/local_setup.bash'
[176.747s] INFO:colcon.colcon_core.shell:Creating prefix chain script '/home/nvidia/gestelt_ws/src/gestelt2/install/setup.bash'
[176.755s] INFO:colcon.colcon_core.shell:Creating prefix script '/home/nvidia/gestelt_ws/src/gestelt2/install/local_setup.zsh'
[176.758s] INFO:colcon.colcon_core.shell:Creating prefix chain script '/home/nvidia/gestelt_ws/src/gestelt2/install/setup.zsh'
