{
  "antipodal_swap_8": {
    "description": "",
    "map": "map_test",
    "take_off_height": 1.5,
    "num_agents": 8,
    "spawns_pos": [
      [
        8.0,
        0.0,
        3.141592653589793
      ],
      [
        5.656854249492381,
        5.65685424949238,
        -2.356194490192345
      ],
      [
        4.898587196589413e-16,
        8.0,
        -1.5707963267948966
      ],
      [
        -5.65685424949238,
        5.656854249492381,
        -0.7853981633974483
      ],
      [
        -8.0,
        9.797174393178826e-16,
        0.0
      ],
      [
        -5.6568542494923815,
        -5.65685424949238,
        0.7853981633974483
      ],
      [
        -1.4695761589768238e-15,
        -8.0,
        1.5707963267948966
      ],
      [
        5.656854249492379,
        -5.6568542494923815,
        2.356194490192344
      ]
    ],
    "goals_pos": [
      [
        -8.0,
        -0.0,
        2.0
      ],
      [
        -5.656854249492381,
        -5.65685424949238,
        2.0
      ],
      [
        -4.898587196589413e-16,
        -8.0,
        2.0
      ],
      [
        5.65685424949238,
        -5.656854249492381,
        2.0
      ],
      [
        8.0,
        -9.797174393178826e-16,
        2.0
      ],
      [
        5.6568542494923815,
        5.65685424949238,
        2.0
      ],
      [
        1.4695761589768238e-15,
        8.0,
        2.0
      ],
      [
        -5.656854249492379,
        5.6568542494923815,
        2.0
      ]
    ]
  }
}