{
  "antipodal_swap_4": {
    "description": "",
    "map": "map_test",
    "take_off_height": 1.5,
    "num_agents": 4,
    "spawns_pos": [
      [
        7.5,
        0.0,
        3.141592653589793
      ],
      [
        4.592425496802575e-16,
        7.5,
        -1.5707963267948966
      ],
      [
        -7.5,
        9.18485099360515e-16,
        0.0
      ],
      [
        -1.3777276490407722e-15,
        -7.5,
        1.5707963267948966
      ]
    ],
    "goals_pos": [
      [
        -7.5,
        -0.0,
        2.0
      ],
      [
        -4.592425496802575e-16,
        -7.5,
        2.0
      ],
      [
        7.5,
        -9.18485099360515e-16,
        2.0
      ],
      [
        1.3777276490407722e-15,
        7.5,
        2.0
      ]
    ]
  }
}