[0.235s] DEBUG:colcon:Command line arguments: ['/usr/bin/colcon', 'build', '--symlink-install', '--packages-up-to', 'gestelt_bringup']
[0.236s] DEBUG:colcon:Parsed command line arguments: Namespace(log_base=None, log_level=None, verb_name='build', build_base='build', install_base='install', merge_install=False, symlink_install=True, test_result_base=None, continue_on_error=False, executor='parallel', parallel_workers=8, event_handlers=None, ignore_user_meta=False, metas=['./colcon.meta'], base_paths=['.'], packages_ignore=None, packages_ignore_regex=None, paths=None, packages_up_to=['gestelt_bringup'], packages_up_to_regex=None, packages_above=None, packages_above_and_dependencies=None, packages_above_depth=None, packages_select_by_dep=None, packages_skip_by_dep=None, packages_skip_up_to=None, packages_select_build_failed=False, packages_skip_build_finished=False, packages_select_test_failures=False, packages_skip_test_passed=False, packages_select=None, packages_skip=None, packages_select_regex=None, packages_skip_regex=None, packages_start=None, packages_end=None, allow_overriding=[], cmake_args=None, cmake_target=None, cmake_target_skip_unavailable=False, cmake_clean_cache=False, cmake_clean_first=False, cmake_force_configure=False, ament_cmake_args=None, catkin_cmake_args=None, catkin_skip_building_tests=False, mixin_files=None, mixin=None, verb_parser=<colcon_mixin.mixin.mixin_argument.MixinArgumentDecorator object at 0xffffa8d3fd90>, verb_extension=<colcon_core.verb.build.BuildVerb object at 0xffffa8d3f8e0>, main=<bound method BuildVerb.main of <colcon_core.verb.build.BuildVerb object at 0xffffa8d3f8e0>>, mixin_verb=('build',))
[0.655s] Level 1:colcon.colcon_core.package_discovery:discover_packages(colcon_meta) check parameters
[0.655s] Level 1:colcon.colcon_core.package_discovery:discover_packages(recursive) check parameters
[0.655s] Level 1:colcon.colcon_core.package_discovery:discover_packages(ignore) check parameters
[0.655s] Level 1:colcon.colcon_core.package_discovery:discover_packages(path) check parameters
[0.655s] Level 1:colcon.colcon_core.package_discovery:discover_packages(colcon_meta) discover
[0.655s] Level 1:colcon.colcon_core.package_discovery:discover_packages(recursive) discover
[0.655s] INFO:colcon.colcon_core.package_discovery:Crawling recursively for packages in '/home/nvidia/gestelt_ws/src/gestelt2'
[0.656s] Level 1:colcon.colcon_core.package_identification:_identify(.) by extensions ['ignore', 'ignore_ament_install']
[0.656s] Level 1:colcon.colcon_core.package_identification:_identify(.) by extension 'ignore'
[0.656s] Level 1:colcon.colcon_core.package_identification:_identify(.) by extension 'ignore_ament_install'
[0.656s] Level 1:colcon.colcon_core.package_identification:_identify(.) by extensions ['colcon_pkg']
[0.656s] Level 1:colcon.colcon_core.package_identification:_identify(.) by extension 'colcon_pkg'
[0.656s] Level 1:colcon.colcon_core.package_identification:_identify(.) by extensions ['colcon_meta']
[0.657s] Level 1:colcon.colcon_core.package_identification:_identify(.) by extension 'colcon_meta'
[0.657s] Level 1:colcon.colcon_core.package_identification:_identify(.) by extensions ['ros']
[0.657s] Level 1:colcon.colcon_core.package_identification:_identify(.) by extension 'ros'
[0.679s] Level 1:colcon.colcon_core.package_identification:_identify(.) by extensions ['cmake', 'python']
[0.680s] Level 1:colcon.colcon_core.package_identification:_identify(.) by extension 'cmake'
[0.680s] Level 1:colcon.colcon_core.package_identification:_identify(.) by extension 'python'
[0.680s] Level 1:colcon.colcon_core.package_identification:_identify(.) by extensions ['python_setup_py']
[0.680s] Level 1:colcon.colcon_core.package_identification:_identify(.) by extension 'python_setup_py'
[0.680s] Level 1:colcon.colcon_core.package_identification:_identify(astar_planner) by extensions ['ignore', 'ignore_ament_install']
[0.680s] Level 1:colcon.colcon_core.package_identification:_identify(astar_planner) by extension 'ignore'
[0.681s] Level 1:colcon.colcon_core.package_identification:_identify(astar_planner) by extension 'ignore_ament_install'
[0.681s] Level 1:colcon.colcon_core.package_identification:_identify(astar_planner) by extensions ['colcon_pkg']
[0.681s] Level 1:colcon.colcon_core.package_identification:_identify(astar_planner) by extension 'colcon_pkg'
[0.681s] Level 1:colcon.colcon_core.package_identification:_identify(astar_planner) by extensions ['colcon_meta']
[0.681s] Level 1:colcon.colcon_core.package_identification:_identify(astar_planner) by extension 'colcon_meta'
[0.681s] Level 1:colcon.colcon_core.package_identification:_identify(astar_planner) by extensions ['ros']
[0.681s] Level 1:colcon.colcon_core.package_identification:_identify(astar_planner) by extension 'ros'
[0.687s] DEBUG:colcon.colcon_core.package_identification:Package 'astar_planner' with type 'ros.ament_cmake' and name 'astar_planner'
[0.687s] Level 1:colcon.colcon_core.package_identification:_identify(build) by extensions ['ignore', 'ignore_ament_install']
[0.688s] Level 1:colcon.colcon_core.package_identification:_identify(build) by extension 'ignore'
[0.688s] Level 1:colcon.colcon_core.package_identification:_identify(build) ignored
[0.688s] Level 1:colcon.colcon_core.package_identification:_identify(docs) by extensions ['ignore', 'ignore_ament_install']
[0.688s] Level 1:colcon.colcon_core.package_identification:_identify(docs) by extension 'ignore'
[0.688s] Level 1:colcon.colcon_core.package_identification:_identify(docs) by extension 'ignore_ament_install'
[0.688s] Level 1:colcon.colcon_core.package_identification:_identify(docs) by extensions ['colcon_pkg']
[0.689s] Level 1:colcon.colcon_core.package_identification:_identify(docs) by extension 'colcon_pkg'
[0.689s] Level 1:colcon.colcon_core.package_identification:_identify(docs) by extensions ['colcon_meta']
[0.689s] Level 1:colcon.colcon_core.package_identification:_identify(docs) by extension 'colcon_meta'
[0.689s] Level 1:colcon.colcon_core.package_identification:_identify(docs) by extensions ['ros']
[0.689s] Level 1:colcon.colcon_core.package_identification:_identify(docs) by extension 'ros'
[0.689s] Level 1:colcon.colcon_core.package_identification:_identify(docs) by extensions ['cmake', 'python']
[0.689s] Level 1:colcon.colcon_core.package_identification:_identify(docs) by extension 'cmake'
[0.689s] Level 1:colcon.colcon_core.package_identification:_identify(docs) by extension 'python'
[0.689s] Level 1:colcon.colcon_core.package_identification:_identify(docs) by extensions ['python_setup_py']
[0.689s] Level 1:colcon.colcon_core.package_identification:_identify(docs) by extension 'python_setup_py'
[0.690s] Level 1:colcon.colcon_core.package_identification:_identify(docs/archive) by extensions ['ignore', 'ignore_ament_install']
[0.690s] Level 1:colcon.colcon_core.package_identification:_identify(docs/archive) by extension 'ignore'
[0.690s] Level 1:colcon.colcon_core.package_identification:_identify(docs/archive) by extension 'ignore_ament_install'
[0.690s] Level 1:colcon.colcon_core.package_identification:_identify(docs/archive) by extensions ['colcon_pkg']
[0.690s] Level 1:colcon.colcon_core.package_identification:_identify(docs/archive) by extension 'colcon_pkg'
[0.690s] Level 1:colcon.colcon_core.package_identification:_identify(docs/archive) by extensions ['colcon_meta']
[0.690s] Level 1:colcon.colcon_core.package_identification:_identify(docs/archive) by extension 'colcon_meta'
[0.690s] Level 1:colcon.colcon_core.package_identification:_identify(docs/archive) by extensions ['ros']
[0.690s] Level 1:colcon.colcon_core.package_identification:_identify(docs/archive) by extension 'ros'
[0.691s] Level 1:colcon.colcon_core.package_identification:_identify(docs/archive) by extensions ['cmake', 'python']
[0.691s] Level 1:colcon.colcon_core.package_identification:_identify(docs/archive) by extension 'cmake'
[0.691s] Level 1:colcon.colcon_core.package_identification:_identify(docs/archive) by extension 'python'
[0.691s] Level 1:colcon.colcon_core.package_identification:_identify(docs/archive) by extensions ['python_setup_py']
[0.691s] Level 1:colcon.colcon_core.package_identification:_identify(docs/archive) by extension 'python_setup_py'
[0.691s] Level 1:colcon.colcon_core.package_identification:_identify(docs/pictures) by extensions ['ignore', 'ignore_ament_install']
[0.691s] Level 1:colcon.colcon_core.package_identification:_identify(docs/pictures) by extension 'ignore'
[0.691s] Level 1:colcon.colcon_core.package_identification:_identify(docs/pictures) by extension 'ignore_ament_install'
[0.692s] Level 1:colcon.colcon_core.package_identification:_identify(docs/pictures) by extensions ['colcon_pkg']
[0.692s] Level 1:colcon.colcon_core.package_identification:_identify(docs/pictures) by extension 'colcon_pkg'
[0.692s] Level 1:colcon.colcon_core.package_identification:_identify(docs/pictures) by extensions ['colcon_meta']
[0.692s] Level 1:colcon.colcon_core.package_identification:_identify(docs/pictures) by extension 'colcon_meta'
[0.692s] Level 1:colcon.colcon_core.package_identification:_identify(docs/pictures) by extensions ['ros']
[0.692s] Level 1:colcon.colcon_core.package_identification:_identify(docs/pictures) by extension 'ros'
[0.692s] Level 1:colcon.colcon_core.package_identification:_identify(docs/pictures) by extensions ['cmake', 'python']
[0.692s] Level 1:colcon.colcon_core.package_identification:_identify(docs/pictures) by extension 'cmake'
[0.692s] Level 1:colcon.colcon_core.package_identification:_identify(docs/pictures) by extension 'python'
[0.692s] Level 1:colcon.colcon_core.package_identification:_identify(docs/pictures) by extensions ['python_setup_py']
[0.692s] Level 1:colcon.colcon_core.package_identification:_identify(docs/pictures) by extension 'python_setup_py'
[0.693s] Level 1:colcon.colcon_core.package_identification:_identify(docs/scripts) by extensions ['ignore', 'ignore_ament_install']
[0.693s] Level 1:colcon.colcon_core.package_identification:_identify(docs/scripts) by extension 'ignore'
[0.693s] Level 1:colcon.colcon_core.package_identification:_identify(docs/scripts) by extension 'ignore_ament_install'
[0.693s] Level 1:colcon.colcon_core.package_identification:_identify(docs/scripts) by extensions ['colcon_pkg']
[0.693s] Level 1:colcon.colcon_core.package_identification:_identify(docs/scripts) by extension 'colcon_pkg'
[0.693s] Level 1:colcon.colcon_core.package_identification:_identify(docs/scripts) by extensions ['colcon_meta']
[0.693s] Level 1:colcon.colcon_core.package_identification:_identify(docs/scripts) by extension 'colcon_meta'
[0.693s] Level 1:colcon.colcon_core.package_identification:_identify(docs/scripts) by extensions ['ros']
[0.694s] Level 1:colcon.colcon_core.package_identification:_identify(docs/scripts) by extension 'ros'
[0.694s] Level 1:colcon.colcon_core.package_identification:_identify(docs/scripts) by extensions ['cmake', 'python']
[0.694s] Level 1:colcon.colcon_core.package_identification:_identify(docs/scripts) by extension 'cmake'
[0.694s] Level 1:colcon.colcon_core.package_identification:_identify(docs/scripts) by extension 'python'
[0.694s] Level 1:colcon.colcon_core.package_identification:_identify(docs/scripts) by extensions ['python_setup_py']
[0.694s] Level 1:colcon.colcon_core.package_identification:_identify(docs/scripts) by extension 'python_setup_py'
[0.694s] Level 1:colcon.colcon_core.package_identification:_identify(gestelt_bringup) by extensions ['ignore', 'ignore_ament_install']
[0.694s] Level 1:colcon.colcon_core.package_identification:_identify(gestelt_bringup) by extension 'ignore'
[0.694s] Level 1:colcon.colcon_core.package_identification:_identify(gestelt_bringup) by extension 'ignore_ament_install'
[0.695s] Level 1:colcon.colcon_core.package_identification:_identify(gestelt_bringup) by extensions ['colcon_pkg']
[0.695s] Level 1:colcon.colcon_core.package_identification:_identify(gestelt_bringup) by extension 'colcon_pkg'
[0.695s] Level 1:colcon.colcon_core.package_identification:_identify(gestelt_bringup) by extensions ['colcon_meta']
[0.695s] Level 1:colcon.colcon_core.package_identification:_identify(gestelt_bringup) by extension 'colcon_meta'
[0.695s] Level 1:colcon.colcon_core.package_identification:_identify(gestelt_bringup) by extensions ['ros']
[0.695s] Level 1:colcon.colcon_core.package_identification:_identify(gestelt_bringup) by extension 'ros'
[0.698s] DEBUG:colcon.colcon_core.package_identification:Package 'gestelt_bringup' with type 'ros.ament_cmake' and name 'gestelt_bringup'
[0.698s] Level 1:colcon.colcon_core.package_identification:_identify(gestelt_commander) by extensions ['ignore', 'ignore_ament_install']
[0.698s] Level 1:colcon.colcon_core.package_identification:_identify(gestelt_commander) by extension 'ignore'
[0.698s] Level 1:colcon.colcon_core.package_identification:_identify(gestelt_commander) by extension 'ignore_ament_install'
[0.698s] Level 1:colcon.colcon_core.package_identification:_identify(gestelt_commander) by extensions ['colcon_pkg']
[0.698s] Level 1:colcon.colcon_core.package_identification:_identify(gestelt_commander) by extension 'colcon_pkg'
[0.699s] Level 1:colcon.colcon_core.package_identification:_identify(gestelt_commander) by extensions ['colcon_meta']
[0.699s] Level 1:colcon.colcon_core.package_identification:_identify(gestelt_commander) by extension 'colcon_meta'
[0.699s] Level 1:colcon.colcon_core.package_identification:_identify(gestelt_commander) by extensions ['ros']
[0.699s] Level 1:colcon.colcon_core.package_identification:_identify(gestelt_commander) by extension 'ros'
[0.700s] DEBUG:colcon.colcon_core.package_identification:Package 'gestelt_commander' with type 'ros.ament_python' and name 'gestelt_commander'
[0.700s] Level 1:colcon.colcon_core.package_identification:_identify(gestelt_controller) by extensions ['ignore', 'ignore_ament_install']
[0.700s] Level 1:colcon.colcon_core.package_identification:_identify(gestelt_controller) by extension 'ignore'
[0.700s] Level 1:colcon.colcon_core.package_identification:_identify(gestelt_controller) by extension 'ignore_ament_install'
[0.701s] Level 1:colcon.colcon_core.package_identification:_identify(gestelt_controller) by extensions ['colcon_pkg']
[0.701s] Level 1:colcon.colcon_core.package_identification:_identify(gestelt_controller) by extension 'colcon_pkg'
[0.701s] Level 1:colcon.colcon_core.package_identification:_identify(gestelt_controller) by extensions ['colcon_meta']
[0.701s] Level 1:colcon.colcon_core.package_identification:_identify(gestelt_controller) by extension 'colcon_meta'
[0.701s] Level 1:colcon.colcon_core.package_identification:_identify(gestelt_controller) by extensions ['ros']
[0.701s] Level 1:colcon.colcon_core.package_identification:_identify(gestelt_controller) by extension 'ros'
[0.704s] DEBUG:colcon.colcon_core.package_identification:Package 'gestelt_controller' with type 'ros.ament_cmake' and name 'gestelt_controller'
[0.704s] Level 1:colcon.colcon_core.package_identification:_identify(gestelt_core) by extensions ['ignore', 'ignore_ament_install']
[0.705s] Level 1:colcon.colcon_core.package_identification:_identify(gestelt_core) by extension 'ignore'
[0.705s] Level 1:colcon.colcon_core.package_identification:_identify(gestelt_core) by extension 'ignore_ament_install'
[0.705s] Level 1:colcon.colcon_core.package_identification:_identify(gestelt_core) by extensions ['colcon_pkg']
[0.705s] Level 1:colcon.colcon_core.package_identification:_identify(gestelt_core) by extension 'colcon_pkg'
[0.705s] Level 1:colcon.colcon_core.package_identification:_identify(gestelt_core) by extensions ['colcon_meta']
[0.705s] Level 1:colcon.colcon_core.package_identification:_identify(gestelt_core) by extension 'colcon_meta'
[0.705s] Level 1:colcon.colcon_core.package_identification:_identify(gestelt_core) by extensions ['ros']
[0.705s] Level 1:colcon.colcon_core.package_identification:_identify(gestelt_core) by extension 'ros'
[0.707s] DEBUG:colcon.colcon_core.package_identification:Package 'gestelt_core' with type 'ros.ament_cmake' and name 'gestelt_core'
[0.707s] Level 1:colcon.colcon_core.package_identification:_identify(gestelt_integration) by extensions ['ignore', 'ignore_ament_install']
[0.708s] Level 1:colcon.colcon_core.package_identification:_identify(gestelt_integration) by extension 'ignore'
[0.708s] Level 1:colcon.colcon_core.package_identification:_identify(gestelt_integration) by extension 'ignore_ament_install'
[0.708s] Level 1:colcon.colcon_core.package_identification:_identify(gestelt_integration) by extensions ['colcon_pkg']
[0.708s] Level 1:colcon.colcon_core.package_identification:_identify(gestelt_integration) by extension 'colcon_pkg'
[0.708s] Level 1:colcon.colcon_core.package_identification:_identify(gestelt_integration) by extensions ['colcon_meta']
[0.708s] Level 1:colcon.colcon_core.package_identification:_identify(gestelt_integration) by extension 'colcon_meta'
[0.708s] Level 1:colcon.colcon_core.package_identification:_identify(gestelt_integration) by extensions ['ros']
[0.708s] Level 1:colcon.colcon_core.package_identification:_identify(gestelt_integration) by extension 'ros'
[0.709s] Level 1:colcon.colcon_core.package_identification:_identify(gestelt_integration) by extensions ['cmake', 'python']
[0.709s] Level 1:colcon.colcon_core.package_identification:_identify(gestelt_integration) by extension 'cmake'
[0.709s] Level 1:colcon.colcon_core.package_identification:_identify(gestelt_integration) by extension 'python'
[0.709s] Level 1:colcon.colcon_core.package_identification:_identify(gestelt_integration) by extensions ['python_setup_py']
[0.709s] Level 1:colcon.colcon_core.package_identification:_identify(gestelt_integration) by extension 'python_setup_py'
[0.709s] Level 1:colcon.colcon_core.package_identification:_identify(gestelt_integration/avetics) by extensions ['ignore', 'ignore_ament_install']
[0.709s] Level 1:colcon.colcon_core.package_identification:_identify(gestelt_integration/avetics) by extension 'ignore'
[0.709s] Level 1:colcon.colcon_core.package_identification:_identify(gestelt_integration/avetics) by extension 'ignore_ament_install'
[0.710s] Level 1:colcon.colcon_core.package_identification:_identify(gestelt_integration/avetics) by extensions ['colcon_pkg']
[0.710s] Level 1:colcon.colcon_core.package_identification:_identify(gestelt_integration/avetics) by extension 'colcon_pkg'
[0.710s] Level 1:colcon.colcon_core.package_identification:_identify(gestelt_integration/avetics) by extensions ['colcon_meta']
[0.710s] Level 1:colcon.colcon_core.package_identification:_identify(gestelt_integration/avetics) by extension 'colcon_meta'
[0.710s] Level 1:colcon.colcon_core.package_identification:_identify(gestelt_integration/avetics) by extensions ['ros']
[0.710s] Level 1:colcon.colcon_core.package_identification:_identify(gestelt_integration/avetics) by extension 'ros'
[0.710s] Level 1:colcon.colcon_core.package_identification:_identify(gestelt_integration/avetics) by extensions ['cmake', 'python']
[0.710s] Level 1:colcon.colcon_core.package_identification:_identify(gestelt_integration/avetics) by extension 'cmake'
[0.710s] Level 1:colcon.colcon_core.package_identification:_identify(gestelt_integration/avetics) by extension 'python'
[0.710s] Level 1:colcon.colcon_core.package_identification:_identify(gestelt_integration/avetics) by extensions ['python_setup_py']
[0.710s] Level 1:colcon.colcon_core.package_identification:_identify(gestelt_integration/avetics) by extension 'python_setup_py'
[0.711s] Level 1:colcon.colcon_core.package_identification:_identify(gestelt_integration/avetics/images) by extensions ['ignore', 'ignore_ament_install']
[0.711s] Level 1:colcon.colcon_core.package_identification:_identify(gestelt_integration/avetics/images) by extension 'ignore'
[0.711s] Level 1:colcon.colcon_core.package_identification:_identify(gestelt_integration/avetics/images) by extension 'ignore_ament_install'
[0.711s] Level 1:colcon.colcon_core.package_identification:_identify(gestelt_integration/avetics/images) by extensions ['colcon_pkg']
[0.711s] Level 1:colcon.colcon_core.package_identification:_identify(gestelt_integration/avetics/images) by extension 'colcon_pkg'
[0.711s] Level 1:colcon.colcon_core.package_identification:_identify(gestelt_integration/avetics/images) by extensions ['colcon_meta']
[0.711s] Level 1:colcon.colcon_core.package_identification:_identify(gestelt_integration/avetics/images) by extension 'colcon_meta'
[0.711s] Level 1:colcon.colcon_core.package_identification:_identify(gestelt_integration/avetics/images) by extensions ['ros']
[0.711s] Level 1:colcon.colcon_core.package_identification:_identify(gestelt_integration/avetics/images) by extension 'ros'
[0.712s] Level 1:colcon.colcon_core.package_identification:_identify(gestelt_integration/avetics/images) by extensions ['cmake', 'python']
[0.712s] Level 1:colcon.colcon_core.package_identification:_identify(gestelt_integration/avetics/images) by extension 'cmake'
[0.712s] Level 1:colcon.colcon_core.package_identification:_identify(gestelt_integration/avetics/images) by extension 'python'
[0.712s] Level 1:colcon.colcon_core.package_identification:_identify(gestelt_integration/avetics/images) by extensions ['python_setup_py']
[0.712s] Level 1:colcon.colcon_core.package_identification:_identify(gestelt_integration/avetics/images) by extension 'python_setup_py'
[0.712s] Level 1:colcon.colcon_core.package_identification:_identify(gestelt_integration/avetics/packages) by extensions ['ignore', 'ignore_ament_install']
[0.712s] Level 1:colcon.colcon_core.package_identification:_identify(gestelt_integration/avetics/packages) by extension 'ignore'
[0.712s] Level 1:colcon.colcon_core.package_identification:_identify(gestelt_integration/avetics/packages) by extension 'ignore_ament_install'
[0.713s] Level 1:colcon.colcon_core.package_identification:_identify(gestelt_integration/avetics/packages) by extensions ['colcon_pkg']
[0.713s] Level 1:colcon.colcon_core.package_identification:_identify(gestelt_integration/avetics/packages) by extension 'colcon_pkg'
[0.713s] Level 1:colcon.colcon_core.package_identification:_identify(gestelt_integration/avetics/packages) by extensions ['colcon_meta']
[0.713s] Level 1:colcon.colcon_core.package_identification:_identify(gestelt_integration/avetics/packages) by extension 'colcon_meta'
[0.713s] Level 1:colcon.colcon_core.package_identification:_identify(gestelt_integration/avetics/packages) by extensions ['ros']
[0.713s] Level 1:colcon.colcon_core.package_identification:_identify(gestelt_integration/avetics/packages) by extension 'ros'
[0.713s] Level 1:colcon.colcon_core.package_identification:_identify(gestelt_integration/avetics/packages) by extensions ['cmake', 'python']
[0.713s] Level 1:colcon.colcon_core.package_identification:_identify(gestelt_integration/avetics/packages) by extension 'cmake'
[0.713s] Level 1:colcon.colcon_core.package_identification:_identify(gestelt_integration/avetics/packages) by extension 'python'
[0.713s] Level 1:colcon.colcon_core.package_identification:_identify(gestelt_integration/avetics/packages) by extensions ['python_setup_py']
[0.713s] Level 1:colcon.colcon_core.package_identification:_identify(gestelt_integration/avetics/packages) by extension 'python_setup_py'
[0.714s] Level 1:colcon.colcon_core.package_identification:_identify(gestelt_integration/avetics/packages/depth2pcl) by extensions ['ignore', 'ignore_ament_install']
[0.714s] Level 1:colcon.colcon_core.package_identification:_identify(gestelt_integration/avetics/packages/depth2pcl) by extension 'ignore'
[0.714s] Level 1:colcon.colcon_core.package_identification:_identify(gestelt_integration/avetics/packages/depth2pcl) by extension 'ignore_ament_install'
[0.714s] Level 1:colcon.colcon_core.package_identification:_identify(gestelt_integration/avetics/packages/depth2pcl) by extensions ['colcon_pkg']
[0.714s] Level 1:colcon.colcon_core.package_identification:_identify(gestelt_integration/avetics/packages/depth2pcl) by extension 'colcon_pkg'
[0.714s] Level 1:colcon.colcon_core.package_identification:_identify(gestelt_integration/avetics/packages/depth2pcl) by extensions ['colcon_meta']
[0.714s] Level 1:colcon.colcon_core.package_identification:_identify(gestelt_integration/avetics/packages/depth2pcl) by extension 'colcon_meta'
[0.714s] Level 1:colcon.colcon_core.package_identification:_identify(gestelt_integration/avetics/packages/depth2pcl) by extensions ['ros']
[0.714s] Level 1:colcon.colcon_core.package_identification:_identify(gestelt_integration/avetics/packages/depth2pcl) by extension 'ros'
[0.716s] DEBUG:colcon.colcon_core.package_identification:Package 'gestelt_integration/avetics/packages/depth2pcl' with type 'ros.ament_cmake' and name 'depth2pcl'
[0.716s] Level 1:colcon.colcon_core.package_identification:_identify(gestelt_integration/avetics/packages/ray_vilota_bridge) by extensions ['ignore', 'ignore_ament_install']
[0.716s] Level 1:colcon.colcon_core.package_identification:_identify(gestelt_integration/avetics/packages/ray_vilota_bridge) by extension 'ignore'
[0.716s] Level 1:colcon.colcon_core.package_identification:_identify(gestelt_integration/avetics/packages/ray_vilota_bridge) by extension 'ignore_ament_install'
[0.716s] Level 1:colcon.colcon_core.package_identification:_identify(gestelt_integration/avetics/packages/ray_vilota_bridge) by extensions ['colcon_pkg']
[0.716s] Level 1:colcon.colcon_core.package_identification:_identify(gestelt_integration/avetics/packages/ray_vilota_bridge) by extension 'colcon_pkg'
[0.716s] Level 1:colcon.colcon_core.package_identification:_identify(gestelt_integration/avetics/packages/ray_vilota_bridge) by extensions ['colcon_meta']
[0.717s] Level 1:colcon.colcon_core.package_identification:_identify(gestelt_integration/avetics/packages/ray_vilota_bridge) by extension 'colcon_meta'
[0.717s] Level 1:colcon.colcon_core.package_identification:_identify(gestelt_integration/avetics/packages/ray_vilota_bridge) by extensions ['ros']
[0.717s] Level 1:colcon.colcon_core.package_identification:_identify(gestelt_integration/avetics/packages/ray_vilota_bridge) by extension 'ros'
[0.718s] DEBUG:colcon.colcon_core.package_identification:Package 'gestelt_integration/avetics/packages/ray_vilota_bridge' with type 'ros.ament_python' and name 'vilota_bridge'
[0.718s] Level 1:colcon.colcon_core.package_identification:_identify(gestelt_integration/avetics/startup_scripts) by extensions ['ignore', 'ignore_ament_install']
[0.718s] Level 1:colcon.colcon_core.package_identification:_identify(gestelt_integration/avetics/startup_scripts) by extension 'ignore'
[0.718s] Level 1:colcon.colcon_core.package_identification:_identify(gestelt_integration/avetics/startup_scripts) by extension 'ignore_ament_install'
[0.718s] Level 1:colcon.colcon_core.package_identification:_identify(gestelt_integration/avetics/startup_scripts) by extensions ['colcon_pkg']
[0.718s] Level 1:colcon.colcon_core.package_identification:_identify(gestelt_integration/avetics/startup_scripts) by extension 'colcon_pkg'
[0.718s] Level 1:colcon.colcon_core.package_identification:_identify(gestelt_integration/avetics/startup_scripts) by extensions ['colcon_meta']
[0.719s] Level 1:colcon.colcon_core.package_identification:_identify(gestelt_integration/avetics/startup_scripts) by extension 'colcon_meta'
[0.719s] Level 1:colcon.colcon_core.package_identification:_identify(gestelt_integration/avetics/startup_scripts) by extensions ['ros']
[0.719s] Level 1:colcon.colcon_core.package_identification:_identify(gestelt_integration/avetics/startup_scripts) by extension 'ros'
[0.719s] Level 1:colcon.colcon_core.package_identification:_identify(gestelt_integration/avetics/startup_scripts) by extensions ['cmake', 'python']
[0.719s] Level 1:colcon.colcon_core.package_identification:_identify(gestelt_integration/avetics/startup_scripts) by extension 'cmake'
[0.719s] Level 1:colcon.colcon_core.package_identification:_identify(gestelt_integration/avetics/startup_scripts) by extension 'python'
[0.719s] Level 1:colcon.colcon_core.package_identification:_identify(gestelt_integration/avetics/startup_scripts) by extensions ['python_setup_py']
[0.719s] Level 1:colcon.colcon_core.package_identification:_identify(gestelt_integration/avetics/startup_scripts) by extension 'python_setup_py'
[0.719s] Level 1:colcon.colcon_core.package_identification:_identify(gestelt_integration/docker) by extensions ['ignore', 'ignore_ament_install']
[0.720s] Level 1:colcon.colcon_core.package_identification:_identify(gestelt_integration/docker) by extension 'ignore'
[0.720s] Level 1:colcon.colcon_core.package_identification:_identify(gestelt_integration/docker) by extension 'ignore_ament_install'
[0.720s] Level 1:colcon.colcon_core.package_identification:_identify(gestelt_integration/docker) by extensions ['colcon_pkg']
[0.720s] Level 1:colcon.colcon_core.package_identification:_identify(gestelt_integration/docker) by extension 'colcon_pkg'
[0.720s] Level 1:colcon.colcon_core.package_identification:_identify(gestelt_integration/docker) by extensions ['colcon_meta']
[0.720s] Level 1:colcon.colcon_core.package_identification:_identify(gestelt_integration/docker) by extension 'colcon_meta'
[0.720s] Level 1:colcon.colcon_core.package_identification:_identify(gestelt_integration/docker) by extensions ['ros']
[0.720s] Level 1:colcon.colcon_core.package_identification:_identify(gestelt_integration/docker) by extension 'ros'
[0.720s] Level 1:colcon.colcon_core.package_identification:_identify(gestelt_integration/docker) by extensions ['cmake', 'python']
[0.721s] Level 1:colcon.colcon_core.package_identification:_identify(gestelt_integration/docker) by extension 'cmake'
[0.721s] Level 1:colcon.colcon_core.package_identification:_identify(gestelt_integration/docker) by extension 'python'
[0.721s] Level 1:colcon.colcon_core.package_identification:_identify(gestelt_integration/docker) by extensions ['python_setup_py']
[0.721s] Level 1:colcon.colcon_core.package_identification:_identify(gestelt_integration/docker) by extension 'python_setup_py'
[0.721s] Level 1:colcon.colcon_core.package_identification:_identify(gestelt_integration/docker/gestelt_base) by extensions ['ignore', 'ignore_ament_install']
[0.721s] Level 1:colcon.colcon_core.package_identification:_identify(gestelt_integration/docker/gestelt_base) by extension 'ignore'
[0.721s] Level 1:colcon.colcon_core.package_identification:_identify(gestelt_integration/docker/gestelt_base) by extension 'ignore_ament_install'
[0.721s] Level 1:colcon.colcon_core.package_identification:_identify(gestelt_integration/docker/gestelt_base) by extensions ['colcon_pkg']
[0.721s] Level 1:colcon.colcon_core.package_identification:_identify(gestelt_integration/docker/gestelt_base) by extension 'colcon_pkg'
[0.722s] Level 1:colcon.colcon_core.package_identification:_identify(gestelt_integration/docker/gestelt_base) by extensions ['colcon_meta']
[0.722s] Level 1:colcon.colcon_core.package_identification:_identify(gestelt_integration/docker/gestelt_base) by extension 'colcon_meta'
[0.722s] Level 1:colcon.colcon_core.package_identification:_identify(gestelt_integration/docker/gestelt_base) by extensions ['ros']
[0.722s] Level 1:colcon.colcon_core.package_identification:_identify(gestelt_integration/docker/gestelt_base) by extension 'ros'
[0.722s] Level 1:colcon.colcon_core.package_identification:_identify(gestelt_integration/docker/gestelt_base) by extensions ['cmake', 'python']
[0.722s] Level 1:colcon.colcon_core.package_identification:_identify(gestelt_integration/docker/gestelt_base) by extension 'cmake'
[0.722s] Level 1:colcon.colcon_core.package_identification:_identify(gestelt_integration/docker/gestelt_base) by extension 'python'
[0.722s] Level 1:colcon.colcon_core.package_identification:_identify(gestelt_integration/docker/gestelt_base) by extensions ['python_setup_py']
[0.722s] Level 1:colcon.colcon_core.package_identification:_identify(gestelt_integration/docker/gestelt_base) by extension 'python_setup_py'
[0.722s] Level 1:colcon.colcon_core.package_identification:_identify(gestelt_integration/docker/gestelt_overlay) by extensions ['ignore', 'ignore_ament_install']
[0.723s] Level 1:colcon.colcon_core.package_identification:_identify(gestelt_integration/docker/gestelt_overlay) by extension 'ignore'
[0.723s] Level 1:colcon.colcon_core.package_identification:_identify(gestelt_integration/docker/gestelt_overlay) by extension 'ignore_ament_install'
[0.723s] Level 1:colcon.colcon_core.package_identification:_identify(gestelt_integration/docker/gestelt_overlay) by extensions ['colcon_pkg']
[0.723s] Level 1:colcon.colcon_core.package_identification:_identify(gestelt_integration/docker/gestelt_overlay) by extension 'colcon_pkg'
[0.723s] Level 1:colcon.colcon_core.package_identification:_identify(gestelt_integration/docker/gestelt_overlay) by extensions ['colcon_meta']
[0.723s] Level 1:colcon.colcon_core.package_identification:_identify(gestelt_integration/docker/gestelt_overlay) by extension 'colcon_meta'
[0.723s] Level 1:colcon.colcon_core.package_identification:_identify(gestelt_integration/docker/gestelt_overlay) by extensions ['ros']
[0.723s] Level 1:colcon.colcon_core.package_identification:_identify(gestelt_integration/docker/gestelt_overlay) by extension 'ros'
[0.723s] Level 1:colcon.colcon_core.package_identification:_identify(gestelt_integration/docker/gestelt_overlay) by extensions ['cmake', 'python']
[0.724s] Level 1:colcon.colcon_core.package_identification:_identify(gestelt_integration/docker/gestelt_overlay) by extension 'cmake'
[0.724s] Level 1:colcon.colcon_core.package_identification:_identify(gestelt_integration/docker/gestelt_overlay) by extension 'python'
[0.724s] Level 1:colcon.colcon_core.package_identification:_identify(gestelt_integration/docker/gestelt_overlay) by extensions ['python_setup_py']
[0.724s] Level 1:colcon.colcon_core.package_identification:_identify(gestelt_integration/docker/gestelt_overlay) by extension 'python_setup_py'
[0.724s] Level 1:colcon.colcon_core.package_identification:_identify(gestelt_integration/docker/gestelt_update) by extensions ['ignore', 'ignore_ament_install']
[0.724s] Level 1:colcon.colcon_core.package_identification:_identify(gestelt_integration/docker/gestelt_update) by extension 'ignore'
[0.724s] Level 1:colcon.colcon_core.package_identification:_identify(gestelt_integration/docker/gestelt_update) by extension 'ignore_ament_install'
[0.724s] Level 1:colcon.colcon_core.package_identification:_identify(gestelt_integration/docker/gestelt_update) by extensions ['colcon_pkg']
[0.724s] Level 1:colcon.colcon_core.package_identification:_identify(gestelt_integration/docker/gestelt_update) by extension 'colcon_pkg'
[0.725s] Level 1:colcon.colcon_core.package_identification:_identify(gestelt_integration/docker/gestelt_update) by extensions ['colcon_meta']
[0.725s] Level 1:colcon.colcon_core.package_identification:_identify(gestelt_integration/docker/gestelt_update) by extension 'colcon_meta'
[0.725s] Level 1:colcon.colcon_core.package_identification:_identify(gestelt_integration/docker/gestelt_update) by extensions ['ros']
[0.725s] Level 1:colcon.colcon_core.package_identification:_identify(gestelt_integration/docker/gestelt_update) by extension 'ros'
[0.725s] Level 1:colcon.colcon_core.package_identification:_identify(gestelt_integration/docker/gestelt_update) by extensions ['cmake', 'python']
[0.725s] Level 1:colcon.colcon_core.package_identification:_identify(gestelt_integration/docker/gestelt_update) by extension 'cmake'
[0.725s] Level 1:colcon.colcon_core.package_identification:_identify(gestelt_integration/docker/gestelt_update) by extension 'python'
[0.725s] Level 1:colcon.colcon_core.package_identification:_identify(gestelt_integration/docker/gestelt_update) by extensions ['python_setup_py']
[0.725s] Level 1:colcon.colcon_core.package_identification:_identify(gestelt_integration/docker/gestelt_update) by extension 'python_setup_py'
[0.725s] Level 1:colcon.colcon_core.package_identification:_identify(gestelt_integration/docker/gestelt_update_w_entry) by extensions ['ignore', 'ignore_ament_install']
[0.726s] Level 1:colcon.colcon_core.package_identification:_identify(gestelt_integration/docker/gestelt_update_w_entry) by extension 'ignore'
[0.726s] Level 1:colcon.colcon_core.package_identification:_identify(gestelt_integration/docker/gestelt_update_w_entry) by extension 'ignore_ament_install'
[0.726s] Level 1:colcon.colcon_core.package_identification:_identify(gestelt_integration/docker/gestelt_update_w_entry) by extensions ['colcon_pkg']
[0.726s] Level 1:colcon.colcon_core.package_identification:_identify(gestelt_integration/docker/gestelt_update_w_entry) by extension 'colcon_pkg'
[0.726s] Level 1:colcon.colcon_core.package_identification:_identify(gestelt_integration/docker/gestelt_update_w_entry) by extensions ['colcon_meta']
[0.726s] Level 1:colcon.colcon_core.package_identification:_identify(gestelt_integration/docker/gestelt_update_w_entry) by extension 'colcon_meta'
[0.726s] Level 1:colcon.colcon_core.package_identification:_identify(gestelt_integration/docker/gestelt_update_w_entry) by extensions ['ros']
[0.726s] Level 1:colcon.colcon_core.package_identification:_identify(gestelt_integration/docker/gestelt_update_w_entry) by extension 'ros'
[0.726s] Level 1:colcon.colcon_core.package_identification:_identify(gestelt_integration/docker/gestelt_update_w_entry) by extensions ['cmake', 'python']
[0.726s] Level 1:colcon.colcon_core.package_identification:_identify(gestelt_integration/docker/gestelt_update_w_entry) by extension 'cmake'
[0.727s] Level 1:colcon.colcon_core.package_identification:_identify(gestelt_integration/docker/gestelt_update_w_entry) by extension 'python'
[0.727s] Level 1:colcon.colcon_core.package_identification:_identify(gestelt_integration/docker/gestelt_update_w_entry) by extensions ['python_setup_py']
[0.727s] Level 1:colcon.colcon_core.package_identification:_identify(gestelt_integration/docker/gestelt_update_w_entry) by extension 'python_setup_py'
[0.727s] Level 1:colcon.colcon_core.package_identification:_identify(gestelt_integration/visbot) by extensions ['ignore', 'ignore_ament_install']
[0.727s] Level 1:colcon.colcon_core.package_identification:_identify(gestelt_integration/visbot) by extension 'ignore'
[0.727s] Level 1:colcon.colcon_core.package_identification:_identify(gestelt_integration/visbot) by extension 'ignore_ament_install'
[0.727s] Level 1:colcon.colcon_core.package_identification:_identify(gestelt_integration/visbot) by extensions ['colcon_pkg']
[0.727s] Level 1:colcon.colcon_core.package_identification:_identify(gestelt_integration/visbot) by extension 'colcon_pkg'
[0.728s] Level 1:colcon.colcon_core.package_identification:_identify(gestelt_integration/visbot) by extensions ['colcon_meta']
[0.728s] Level 1:colcon.colcon_core.package_identification:_identify(gestelt_integration/visbot) by extension 'colcon_meta'
[0.728s] Level 1:colcon.colcon_core.package_identification:_identify(gestelt_integration/visbot) by extensions ['ros']
[0.728s] Level 1:colcon.colcon_core.package_identification:_identify(gestelt_integration/visbot) by extension 'ros'
[0.728s] Level 1:colcon.colcon_core.package_identification:_identify(gestelt_integration/visbot) by extensions ['cmake', 'python']
[0.728s] Level 1:colcon.colcon_core.package_identification:_identify(gestelt_integration/visbot) by extension 'cmake'
[0.728s] Level 1:colcon.colcon_core.package_identification:_identify(gestelt_integration/visbot) by extension 'python'
[0.728s] Level 1:colcon.colcon_core.package_identification:_identify(gestelt_integration/visbot) by extensions ['python_setup_py']
[0.728s] Level 1:colcon.colcon_core.package_identification:_identify(gestelt_integration/visbot) by extension 'python_setup_py'
[0.728s] Level 1:colcon.colcon_core.package_identification:_identify(gestelt_integration/zenoh) by extensions ['ignore', 'ignore_ament_install']
[0.729s] Level 1:colcon.colcon_core.package_identification:_identify(gestelt_integration/zenoh) by extension 'ignore'
[0.729s] Level 1:colcon.colcon_core.package_identification:_identify(gestelt_integration/zenoh) by extension 'ignore_ament_install'
[0.729s] Level 1:colcon.colcon_core.package_identification:_identify(gestelt_integration/zenoh) by extensions ['colcon_pkg']
[0.729s] Level 1:colcon.colcon_core.package_identification:_identify(gestelt_integration/zenoh) by extension 'colcon_pkg'
[0.729s] Level 1:colcon.colcon_core.package_identification:_identify(gestelt_integration/zenoh) by extensions ['colcon_meta']
[0.729s] Level 1:colcon.colcon_core.package_identification:_identify(gestelt_integration/zenoh) by extension 'colcon_meta'
[0.729s] Level 1:colcon.colcon_core.package_identification:_identify(gestelt_integration/zenoh) by extensions ['ros']
[0.729s] Level 1:colcon.colcon_core.package_identification:_identify(gestelt_integration/zenoh) by extension 'ros'
[0.729s] Level 1:colcon.colcon_core.package_identification:_identify(gestelt_integration/zenoh) by extensions ['cmake', 'python']
[0.729s] Level 1:colcon.colcon_core.package_identification:_identify(gestelt_integration/zenoh) by extension 'cmake'
[0.730s] Level 1:colcon.colcon_core.package_identification:_identify(gestelt_integration/zenoh) by extension 'python'
[0.730s] Level 1:colcon.colcon_core.package_identification:_identify(gestelt_integration/zenoh) by extensions ['python_setup_py']
[0.730s] Level 1:colcon.colcon_core.package_identification:_identify(gestelt_integration/zenoh) by extension 'python_setup_py'
[0.730s] Level 1:colcon.colcon_core.package_identification:_identify(gestelt_planner) by extensions ['ignore', 'ignore_ament_install']
[0.730s] Level 1:colcon.colcon_core.package_identification:_identify(gestelt_planner) by extension 'ignore'
[0.730s] Level 1:colcon.colcon_core.package_identification:_identify(gestelt_planner) by extension 'ignore_ament_install'
[0.730s] Level 1:colcon.colcon_core.package_identification:_identify(gestelt_planner) by extensions ['colcon_pkg']
[0.730s] Level 1:colcon.colcon_core.package_identification:_identify(gestelt_planner) by extension 'colcon_pkg'
[0.730s] Level 1:colcon.colcon_core.package_identification:_identify(gestelt_planner) by extensions ['colcon_meta']
[0.731s] Level 1:colcon.colcon_core.package_identification:_identify(gestelt_planner) by extension 'colcon_meta'
[0.731s] Level 1:colcon.colcon_core.package_identification:_identify(gestelt_planner) by extensions ['ros']
[0.731s] Level 1:colcon.colcon_core.package_identification:_identify(gestelt_planner) by extension 'ros'
[0.733s] DEBUG:colcon.colcon_core.package_identification:Package 'gestelt_planner' with type 'ros.ament_cmake' and name 'gestelt_planner'
[0.733s] Level 1:colcon.colcon_core.package_identification:_identify(install) by extensions ['ignore', 'ignore_ament_install']
[0.734s] Level 1:colcon.colcon_core.package_identification:_identify(install) by extension 'ignore'
[0.734s] Level 1:colcon.colcon_core.package_identification:_identify(install) ignored
[0.734s] Level 1:colcon.colcon_core.package_identification:_identify(interfaces) by extensions ['ignore', 'ignore_ament_install']
[0.734s] Level 1:colcon.colcon_core.package_identification:_identify(interfaces) by extension 'ignore'
[0.734s] Level 1:colcon.colcon_core.package_identification:_identify(interfaces) by extension 'ignore_ament_install'
[0.734s] Level 1:colcon.colcon_core.package_identification:_identify(interfaces) by extensions ['colcon_pkg']
[0.734s] Level 1:colcon.colcon_core.package_identification:_identify(interfaces) by extension 'colcon_pkg'
[0.735s] Level 1:colcon.colcon_core.package_identification:_identify(interfaces) by extensions ['colcon_meta']
[0.735s] Level 1:colcon.colcon_core.package_identification:_identify(interfaces) by extension 'colcon_meta'
[0.735s] Level 1:colcon.colcon_core.package_identification:_identify(interfaces) by extensions ['ros']
[0.735s] Level 1:colcon.colcon_core.package_identification:_identify(interfaces) by extension 'ros'
[0.735s] Level 1:colcon.colcon_core.package_identification:_identify(interfaces) by extensions ['cmake', 'python']
[0.735s] Level 1:colcon.colcon_core.package_identification:_identify(interfaces) by extension 'cmake'
[0.735s] Level 1:colcon.colcon_core.package_identification:_identify(interfaces) by extension 'python'
[0.735s] Level 1:colcon.colcon_core.package_identification:_identify(interfaces) by extensions ['python_setup_py']
[0.735s] Level 1:colcon.colcon_core.package_identification:_identify(interfaces) by extension 'python_setup_py'
[0.736s] Level 1:colcon.colcon_core.package_identification:_identify(interfaces/gestelt_interfaces) by extensions ['ignore', 'ignore_ament_install']
[0.736s] Level 1:colcon.colcon_core.package_identification:_identify(interfaces/gestelt_interfaces) by extension 'ignore'
[0.736s] Level 1:colcon.colcon_core.package_identification:_identify(interfaces/gestelt_interfaces) by extension 'ignore_ament_install'
[0.736s] Level 1:colcon.colcon_core.package_identification:_identify(interfaces/gestelt_interfaces) by extensions ['colcon_pkg']
[0.736s] Level 1:colcon.colcon_core.package_identification:_identify(interfaces/gestelt_interfaces) by extension 'colcon_pkg'
[0.736s] Level 1:colcon.colcon_core.package_identification:_identify(interfaces/gestelt_interfaces) by extensions ['colcon_meta']
[0.736s] Level 1:colcon.colcon_core.package_identification:_identify(interfaces/gestelt_interfaces) by extension 'colcon_meta'
[0.736s] Level 1:colcon.colcon_core.package_identification:_identify(interfaces/gestelt_interfaces) by extensions ['ros']
[0.736s] Level 1:colcon.colcon_core.package_identification:_identify(interfaces/gestelt_interfaces) by extension 'ros'
[0.738s] DEBUG:colcon.colcon_core.package_identification:Package 'interfaces/gestelt_interfaces' with type 'ros.ament_cmake' and name 'gestelt_interfaces'
[0.738s] Level 1:colcon.colcon_core.package_identification:_identify(linear_mpc_controller) by extensions ['ignore', 'ignore_ament_install']
[0.738s] Level 1:colcon.colcon_core.package_identification:_identify(linear_mpc_controller) by extension 'ignore'
[0.738s] Level 1:colcon.colcon_core.package_identification:_identify(linear_mpc_controller) by extension 'ignore_ament_install'
[0.738s] Level 1:colcon.colcon_core.package_identification:_identify(linear_mpc_controller) by extensions ['colcon_pkg']
[0.738s] Level 1:colcon.colcon_core.package_identification:_identify(linear_mpc_controller) by extension 'colcon_pkg'
[0.738s] Level 1:colcon.colcon_core.package_identification:_identify(linear_mpc_controller) by extensions ['colcon_meta']
[0.739s] Level 1:colcon.colcon_core.package_identification:_identify(linear_mpc_controller) by extension 'colcon_meta'
[0.739s] Level 1:colcon.colcon_core.package_identification:_identify(linear_mpc_controller) by extensions ['ros']
[0.739s] Level 1:colcon.colcon_core.package_identification:_identify(linear_mpc_controller) by extension 'ros'
[0.743s] DEBUG:colcon.colcon_core.package_identification:Package 'linear_mpc_controller' with type 'ros.ament_cmake' and name 'linear_mpc_controller'
[0.743s] Level 1:colcon.colcon_core.package_identification:_identify(log) by extensions ['ignore', 'ignore_ament_install']
[0.744s] Level 1:colcon.colcon_core.package_identification:_identify(log) by extension 'ignore'
[0.744s] Level 1:colcon.colcon_core.package_identification:_identify(log) ignored
[0.744s] Level 1:colcon.colcon_core.package_identification:_identify(occ_map) by extensions ['ignore', 'ignore_ament_install']
[0.744s] Level 1:colcon.colcon_core.package_identification:_identify(occ_map) by extension 'ignore'
[0.744s] Level 1:colcon.colcon_core.package_identification:_identify(occ_map) by extension 'ignore_ament_install'
[0.744s] Level 1:colcon.colcon_core.package_identification:_identify(occ_map) by extensions ['colcon_pkg']
[0.744s] Level 1:colcon.colcon_core.package_identification:_identify(occ_map) by extension 'colcon_pkg'
[0.745s] Level 1:colcon.colcon_core.package_identification:_identify(occ_map) by extensions ['colcon_meta']
[0.745s] Level 1:colcon.colcon_core.package_identification:_identify(occ_map) by extension 'colcon_meta'
[0.745s] Level 1:colcon.colcon_core.package_identification:_identify(occ_map) by extensions ['ros']
[0.745s] Level 1:colcon.colcon_core.package_identification:_identify(occ_map) by extension 'ros'
[0.747s] DEBUG:colcon.colcon_core.package_identification:Package 'occ_map' with type 'ros.ament_cmake' and name 'occ_map'
[0.747s] Level 1:colcon.colcon_core.package_identification:_identify(swarm_tools) by extensions ['ignore', 'ignore_ament_install']
[0.748s] Level 1:colcon.colcon_core.package_identification:_identify(swarm_tools) by extension 'ignore'
[0.748s] Level 1:colcon.colcon_core.package_identification:_identify(swarm_tools) by extension 'ignore_ament_install'
[0.748s] Level 1:colcon.colcon_core.package_identification:_identify(swarm_tools) by extensions ['colcon_pkg']
[0.748s] Level 1:colcon.colcon_core.package_identification:_identify(swarm_tools) by extension 'colcon_pkg'
[0.748s] Level 1:colcon.colcon_core.package_identification:_identify(swarm_tools) by extensions ['colcon_meta']
[0.748s] Level 1:colcon.colcon_core.package_identification:_identify(swarm_tools) by extension 'colcon_meta'
[0.748s] Level 1:colcon.colcon_core.package_identification:_identify(swarm_tools) by extensions ['ros']
[0.748s] Level 1:colcon.colcon_core.package_identification:_identify(swarm_tools) by extension 'ros'
[0.748s] Level 1:colcon.colcon_core.package_identification:_identify(swarm_tools) by extensions ['cmake', 'python']
[0.749s] Level 1:colcon.colcon_core.package_identification:_identify(swarm_tools) by extension 'cmake'
[0.749s] Level 1:colcon.colcon_core.package_identification:_identify(swarm_tools) by extension 'python'
[0.749s] Level 1:colcon.colcon_core.package_identification:_identify(swarm_tools) by extensions ['python_setup_py']
[0.749s] Level 1:colcon.colcon_core.package_identification:_identify(swarm_tools) by extension 'python_setup_py'
[0.749s] Level 1:colcon.colcon_core.package_identification:_identify(swarm_tools/fake_drone) by extensions ['ignore', 'ignore_ament_install']
[0.749s] Level 1:colcon.colcon_core.package_identification:_identify(swarm_tools/fake_drone) by extension 'ignore'
[0.749s] Level 1:colcon.colcon_core.package_identification:_identify(swarm_tools/fake_drone) ignored
[0.749s] Level 1:colcon.colcon_core.package_identification:_identify(swarm_tools/fake_map) by extensions ['ignore', 'ignore_ament_install']
[0.750s] Level 1:colcon.colcon_core.package_identification:_identify(swarm_tools/fake_map) by extension 'ignore'
[0.750s] Level 1:colcon.colcon_core.package_identification:_identify(swarm_tools/fake_map) by extension 'ignore_ament_install'
[0.750s] Level 1:colcon.colcon_core.package_identification:_identify(swarm_tools/fake_map) by extensions ['colcon_pkg']
[0.750s] Level 1:colcon.colcon_core.package_identification:_identify(swarm_tools/fake_map) by extension 'colcon_pkg'
[0.750s] Level 1:colcon.colcon_core.package_identification:_identify(swarm_tools/fake_map) by extensions ['colcon_meta']
[0.750s] Level 1:colcon.colcon_core.package_identification:_identify(swarm_tools/fake_map) by extension 'colcon_meta'
[0.750s] Level 1:colcon.colcon_core.package_identification:_identify(swarm_tools/fake_map) by extensions ['ros']
[0.750s] Level 1:colcon.colcon_core.package_identification:_identify(swarm_tools/fake_map) by extension 'ros'
[0.751s] DEBUG:colcon.colcon_core.package_identification:Package 'swarm_tools/fake_map' with type 'ros.ament_cmake' and name 'fake_map'
[0.752s] Level 1:colcon.colcon_core.package_identification:_identify(swarm_tools/fake_sensor) by extensions ['ignore', 'ignore_ament_install']
[0.752s] Level 1:colcon.colcon_core.package_identification:_identify(swarm_tools/fake_sensor) by extension 'ignore'
[0.752s] Level 1:colcon.colcon_core.package_identification:_identify(swarm_tools/fake_sensor) by extension 'ignore_ament_install'
[0.752s] Level 1:colcon.colcon_core.package_identification:_identify(swarm_tools/fake_sensor) by extensions ['colcon_pkg']
[0.752s] Level 1:colcon.colcon_core.package_identification:_identify(swarm_tools/fake_sensor) by extension 'colcon_pkg'
[0.752s] Level 1:colcon.colcon_core.package_identification:_identify(swarm_tools/fake_sensor) by extensions ['colcon_meta']
[0.752s] Level 1:colcon.colcon_core.package_identification:_identify(swarm_tools/fake_sensor) by extension 'colcon_meta'
[0.753s] Level 1:colcon.colcon_core.package_identification:_identify(swarm_tools/fake_sensor) by extensions ['ros']
[0.753s] Level 1:colcon.colcon_core.package_identification:_identify(swarm_tools/fake_sensor) by extension 'ros'
[0.754s] DEBUG:colcon.colcon_core.package_identification:Package 'swarm_tools/fake_sensor' with type 'ros.ament_cmake' and name 'fake_sensor'
[0.754s] Level 1:colcon.colcon_core.package_identification:_identify(swarm_tools/pcd_map_generator) by extensions ['ignore', 'ignore_ament_install']
[0.755s] Level 1:colcon.colcon_core.package_identification:_identify(swarm_tools/pcd_map_generator) by extension 'ignore'
[0.755s] Level 1:colcon.colcon_core.package_identification:_identify(swarm_tools/pcd_map_generator) ignored
[0.755s] Level 1:colcon.colcon_core.package_identification:_identify(swarm_tools/swarm_collision_checker) by extensions ['ignore', 'ignore_ament_install']
[0.755s] Level 1:colcon.colcon_core.package_identification:_identify(swarm_tools/swarm_collision_checker) by extension 'ignore'
[0.755s] Level 1:colcon.colcon_core.package_identification:_identify(swarm_tools/swarm_collision_checker) ignored
[0.755s] Level 1:colcon.colcon_core.package_identification:_identify(third_party) by extensions ['ignore', 'ignore_ament_install']
[0.756s] Level 1:colcon.colcon_core.package_identification:_identify(third_party) by extension 'ignore'
[0.756s] Level 1:colcon.colcon_core.package_identification:_identify(third_party) by extension 'ignore_ament_install'
[0.756s] Level 1:colcon.colcon_core.package_identification:_identify(third_party) by extensions ['colcon_pkg']
[0.756s] Level 1:colcon.colcon_core.package_identification:_identify(third_party) by extension 'colcon_pkg'
[0.756s] Level 1:colcon.colcon_core.package_identification:_identify(third_party) by extensions ['colcon_meta']
[0.756s] Level 1:colcon.colcon_core.package_identification:_identify(third_party) by extension 'colcon_meta'
[0.756s] Level 1:colcon.colcon_core.package_identification:_identify(third_party) by extensions ['ros']
[0.756s] Level 1:colcon.colcon_core.package_identification:_identify(third_party) by extension 'ros'
[0.756s] Level 1:colcon.colcon_core.package_identification:_identify(third_party) by extensions ['cmake', 'python']
[0.757s] Level 1:colcon.colcon_core.package_identification:_identify(third_party) by extension 'cmake'
[0.757s] Level 1:colcon.colcon_core.package_identification:_identify(third_party) by extension 'python'
[0.757s] Level 1:colcon.colcon_core.package_identification:_identify(third_party) by extensions ['python_setup_py']
[0.757s] Level 1:colcon.colcon_core.package_identification:_identify(third_party) by extension 'python_setup_py'
[0.757s] Level 1:colcon.colcon_core.package_identification:_identify(third_party/bonxai) by extensions ['ignore', 'ignore_ament_install']
[0.757s] Level 1:colcon.colcon_core.package_identification:_identify(third_party/bonxai) by extension 'ignore'
[0.757s] Level 1:colcon.colcon_core.package_identification:_identify(third_party/bonxai) by extension 'ignore_ament_install'
[0.757s] Level 1:colcon.colcon_core.package_identification:_identify(third_party/bonxai) by extensions ['colcon_pkg']
[0.758s] Level 1:colcon.colcon_core.package_identification:_identify(third_party/bonxai) by extension 'colcon_pkg'
[0.758s] Level 1:colcon.colcon_core.package_identification:_identify(third_party/bonxai) by extensions ['colcon_meta']
[0.758s] Level 1:colcon.colcon_core.package_identification:_identify(third_party/bonxai) by extension 'colcon_meta'
[0.758s] Level 1:colcon.colcon_core.package_identification:_identify(third_party/bonxai) by extensions ['ros']
[0.758s] Level 1:colcon.colcon_core.package_identification:_identify(third_party/bonxai) by extension 'ros'
[0.759s] DEBUG:colcon.colcon_core.package_identification:Package 'third_party/bonxai' with type 'ros.ament_cmake' and name 'bonxai'
[0.759s] Level 1:colcon.colcon_core.package_identification:_identify(third_party/decomp_ros) by extensions ['ignore', 'ignore_ament_install']
[0.759s] Level 1:colcon.colcon_core.package_identification:_identify(third_party/decomp_ros) by extension 'ignore'
[0.759s] Level 1:colcon.colcon_core.package_identification:_identify(third_party/decomp_ros) by extension 'ignore_ament_install'
[0.759s] Level 1:colcon.colcon_core.package_identification:_identify(third_party/decomp_ros) by extensions ['colcon_pkg']
[0.760s] Level 1:colcon.colcon_core.package_identification:_identify(third_party/decomp_ros) by extension 'colcon_pkg'
[0.760s] Level 1:colcon.colcon_core.package_identification:_identify(third_party/decomp_ros) by extensions ['colcon_meta']
[0.760s] Level 1:colcon.colcon_core.package_identification:_identify(third_party/decomp_ros) by extension 'colcon_meta'
[0.760s] Level 1:colcon.colcon_core.package_identification:_identify(third_party/decomp_ros) by extensions ['ros']
[0.760s] Level 1:colcon.colcon_core.package_identification:_identify(third_party/decomp_ros) by extension 'ros'
[0.760s] Level 1:colcon.colcon_core.package_identification:_identify(third_party/decomp_ros) by extensions ['cmake', 'python']
[0.760s] Level 1:colcon.colcon_core.package_identification:_identify(third_party/decomp_ros) by extension 'cmake'
[0.760s] Level 1:colcon.colcon_core.package_identification:_identify(third_party/decomp_ros) by extension 'python'
[0.760s] Level 1:colcon.colcon_core.package_identification:_identify(third_party/decomp_ros) by extensions ['python_setup_py']
[0.760s] Level 1:colcon.colcon_core.package_identification:_identify(third_party/decomp_ros) by extension 'python_setup_py'
[0.761s] Level 1:colcon.colcon_core.package_identification:_identify(third_party/decomp_ros/decomp_ros_msgs) by extensions ['ignore', 'ignore_ament_install']
[0.761s] Level 1:colcon.colcon_core.package_identification:_identify(third_party/decomp_ros/decomp_ros_msgs) by extension 'ignore'
[0.761s] Level 1:colcon.colcon_core.package_identification:_identify(third_party/decomp_ros/decomp_ros_msgs) by extension 'ignore_ament_install'
[0.761s] Level 1:colcon.colcon_core.package_identification:_identify(third_party/decomp_ros/decomp_ros_msgs) by extensions ['colcon_pkg']
[0.761s] Level 1:colcon.colcon_core.package_identification:_identify(third_party/decomp_ros/decomp_ros_msgs) by extension 'colcon_pkg'
[0.761s] Level 1:colcon.colcon_core.package_identification:_identify(third_party/decomp_ros/decomp_ros_msgs) by extensions ['colcon_meta']
[0.761s] Level 1:colcon.colcon_core.package_identification:_identify(third_party/decomp_ros/decomp_ros_msgs) by extension 'colcon_meta'
[0.761s] Level 1:colcon.colcon_core.package_identification:_identify(third_party/decomp_ros/decomp_ros_msgs) by extensions ['ros']
[0.761s] Level 1:colcon.colcon_core.package_identification:_identify(third_party/decomp_ros/decomp_ros_msgs) by extension 'ros'
[0.763s] DEBUG:colcon.colcon_core.package_identification:Package 'third_party/decomp_ros/decomp_ros_msgs' with type 'ros.ament_cmake' and name 'decomp_ros_msgs'
[0.763s] Level 1:colcon.colcon_core.package_identification:_identify(third_party/decomp_ros/decomp_ros_utils) by extensions ['ignore', 'ignore_ament_install']
[0.763s] Level 1:colcon.colcon_core.package_identification:_identify(third_party/decomp_ros/decomp_ros_utils) by extension 'ignore'
[0.763s] Level 1:colcon.colcon_core.package_identification:_identify(third_party/decomp_ros/decomp_ros_utils) by extension 'ignore_ament_install'
[0.764s] Level 1:colcon.colcon_core.package_identification:_identify(third_party/decomp_ros/decomp_ros_utils) by extensions ['colcon_pkg']
[0.764s] Level 1:colcon.colcon_core.package_identification:_identify(third_party/decomp_ros/decomp_ros_utils) by extension 'colcon_pkg'
[0.764s] Level 1:colcon.colcon_core.package_identification:_identify(third_party/decomp_ros/decomp_ros_utils) by extensions ['colcon_meta']
[0.764s] Level 1:colcon.colcon_core.package_identification:_identify(third_party/decomp_ros/decomp_ros_utils) by extension 'colcon_meta'
[0.764s] Level 1:colcon.colcon_core.package_identification:_identify(third_party/decomp_ros/decomp_ros_utils) by extensions ['ros']
[0.764s] Level 1:colcon.colcon_core.package_identification:_identify(third_party/decomp_ros/decomp_ros_utils) by extension 'ros'
[0.766s] DEBUG:colcon.colcon_core.package_identification:Package 'third_party/decomp_ros/decomp_ros_utils' with type 'ros.ament_cmake' and name 'decomp_ros_utils'
[0.766s] Level 1:colcon.colcon_core.package_identification:_identify(third_party/decomp_ros/decomp_util) by extensions ['ignore', 'ignore_ament_install']
[0.766s] Level 1:colcon.colcon_core.package_identification:_identify(third_party/decomp_ros/decomp_util) by extension 'ignore'
[0.767s] Level 1:colcon.colcon_core.package_identification:_identify(third_party/decomp_ros/decomp_util) by extension 'ignore_ament_install'
[0.767s] Level 1:colcon.colcon_core.package_identification:_identify(third_party/decomp_ros/decomp_util) by extensions ['colcon_pkg']
[0.767s] Level 1:colcon.colcon_core.package_identification:_identify(third_party/decomp_ros/decomp_util) by extension 'colcon_pkg'
[0.767s] Level 1:colcon.colcon_core.package_identification:_identify(third_party/decomp_ros/decomp_util) by extensions ['colcon_meta']
[0.767s] Level 1:colcon.colcon_core.package_identification:_identify(third_party/decomp_ros/decomp_util) by extension 'colcon_meta'
[0.767s] Level 1:colcon.colcon_core.package_identification:_identify(third_party/decomp_ros/decomp_util) by extensions ['ros']
[0.767s] Level 1:colcon.colcon_core.package_identification:_identify(third_party/decomp_ros/decomp_util) by extension 'ros'
[0.768s] DEBUG:colcon.colcon_core.package_identification:Package 'third_party/decomp_ros/decomp_util' with type 'ros.ament_cmake' and name 'decomp_util'
[0.768s] Level 1:colcon.colcon_core.package_identification:_identify(third_party/ikd_tree) by extensions ['ignore', 'ignore_ament_install']
[0.768s] Level 1:colcon.colcon_core.package_identification:_identify(third_party/ikd_tree) by extension 'ignore'
[0.769s] Level 1:colcon.colcon_core.package_identification:_identify(third_party/ikd_tree) by extension 'ignore_ament_install'
[0.769s] Level 1:colcon.colcon_core.package_identification:_identify(third_party/ikd_tree) by extensions ['colcon_pkg']
[0.769s] Level 1:colcon.colcon_core.package_identification:_identify(third_party/ikd_tree) by extension 'colcon_pkg'
[0.769s] Level 1:colcon.colcon_core.package_identification:_identify(third_party/ikd_tree) by extensions ['colcon_meta']
[0.769s] Level 1:colcon.colcon_core.package_identification:_identify(third_party/ikd_tree) by extension 'colcon_meta'
[0.769s] Level 1:colcon.colcon_core.package_identification:_identify(third_party/ikd_tree) by extensions ['ros']
[0.769s] Level 1:colcon.colcon_core.package_identification:_identify(third_party/ikd_tree) by extension 'ros'
[0.770s] DEBUG:colcon.colcon_core.package_identification:Package 'third_party/ikd_tree' with type 'ros.ament_cmake' and name 'ikd_tree'
[0.770s] Level 1:colcon.colcon_core.package_identification:_identify(trajectory_server) by extensions ['ignore', 'ignore_ament_install']
[0.770s] Level 1:colcon.colcon_core.package_identification:_identify(trajectory_server) by extension 'ignore'
[0.771s] Level 1:colcon.colcon_core.package_identification:_identify(trajectory_server) by extension 'ignore_ament_install'
[0.771s] Level 1:colcon.colcon_core.package_identification:_identify(trajectory_server) by extensions ['colcon_pkg']
[0.771s] Level 1:colcon.colcon_core.package_identification:_identify(trajectory_server) by extension 'colcon_pkg'
[0.771s] Level 1:colcon.colcon_core.package_identification:_identify(trajectory_server) by extensions ['colcon_meta']
[0.771s] Level 1:colcon.colcon_core.package_identification:_identify(trajectory_server) by extension 'colcon_meta'
[0.771s] Level 1:colcon.colcon_core.package_identification:_identify(trajectory_server) by extensions ['ros']
[0.771s] Level 1:colcon.colcon_core.package_identification:_identify(trajectory_server) by extension 'ros'
[0.773s] DEBUG:colcon.colcon_core.package_identification:Package 'trajectory_server' with type 'ros.ament_cmake' and name 'trajectory_server'
[0.773s] Level 1:colcon.colcon_core.package_identification:_identify(utils) by extensions ['ignore', 'ignore_ament_install']
[0.773s] Level 1:colcon.colcon_core.package_identification:_identify(utils) by extension 'ignore'
[0.773s] Level 1:colcon.colcon_core.package_identification:_identify(utils) by extension 'ignore_ament_install'
[0.774s] Level 1:colcon.colcon_core.package_identification:_identify(utils) by extensions ['colcon_pkg']
[0.774s] Level 1:colcon.colcon_core.package_identification:_identify(utils) by extension 'colcon_pkg'
[0.774s] Level 1:colcon.colcon_core.package_identification:_identify(utils) by extensions ['colcon_meta']
[0.774s] Level 1:colcon.colcon_core.package_identification:_identify(utils) by extension 'colcon_meta'
[0.774s] Level 1:colcon.colcon_core.package_identification:_identify(utils) by extensions ['ros']
[0.774s] Level 1:colcon.colcon_core.package_identification:_identify(utils) by extension 'ros'
[0.774s] Level 1:colcon.colcon_core.package_identification:_identify(utils) by extensions ['cmake', 'python']
[0.774s] Level 1:colcon.colcon_core.package_identification:_identify(utils) by extension 'cmake'
[0.774s] Level 1:colcon.colcon_core.package_identification:_identify(utils) by extension 'python'
[0.775s] Level 1:colcon.colcon_core.package_identification:_identify(utils) by extensions ['python_setup_py']
[0.775s] Level 1:colcon.colcon_core.package_identification:_identify(utils) by extension 'python_setup_py'
[0.775s] Level 1:colcon.colcon_core.package_identification:_identify(utils/logger_wrapper) by extensions ['ignore', 'ignore_ament_install']
[0.775s] Level 1:colcon.colcon_core.package_identification:_identify(utils/logger_wrapper) by extension 'ignore'
[0.775s] Level 1:colcon.colcon_core.package_identification:_identify(utils/logger_wrapper) by extension 'ignore_ament_install'
[0.775s] Level 1:colcon.colcon_core.package_identification:_identify(utils/logger_wrapper) by extensions ['colcon_pkg']
[0.775s] Level 1:colcon.colcon_core.package_identification:_identify(utils/logger_wrapper) by extension 'colcon_pkg'
[0.775s] Level 1:colcon.colcon_core.package_identification:_identify(utils/logger_wrapper) by extensions ['colcon_meta']
[0.775s] Level 1:colcon.colcon_core.package_identification:_identify(utils/logger_wrapper) by extension 'colcon_meta'
[0.776s] Level 1:colcon.colcon_core.package_identification:_identify(utils/logger_wrapper) by extensions ['ros']
[0.776s] Level 1:colcon.colcon_core.package_identification:_identify(utils/logger_wrapper) by extension 'ros'
[0.777s] DEBUG:colcon.colcon_core.package_identification:Package 'utils/logger_wrapper' with type 'ros.ament_cmake' and name 'logger_wrapper'
[0.777s] Level 1:colcon.colcon_core.package_identification:_identify(utils/viz_helper) by extensions ['ignore', 'ignore_ament_install']
[0.777s] Level 1:colcon.colcon_core.package_identification:_identify(utils/viz_helper) by extension 'ignore'
[0.777s] Level 1:colcon.colcon_core.package_identification:_identify(utils/viz_helper) by extension 'ignore_ament_install'
[0.777s] Level 1:colcon.colcon_core.package_identification:_identify(utils/viz_helper) by extensions ['colcon_pkg']
[0.777s] Level 1:colcon.colcon_core.package_identification:_identify(utils/viz_helper) by extension 'colcon_pkg'
[0.777s] Level 1:colcon.colcon_core.package_identification:_identify(utils/viz_helper) by extensions ['colcon_meta']
[0.778s] Level 1:colcon.colcon_core.package_identification:_identify(utils/viz_helper) by extension 'colcon_meta'
[0.778s] Level 1:colcon.colcon_core.package_identification:_identify(utils/viz_helper) by extensions ['ros']
[0.778s] Level 1:colcon.colcon_core.package_identification:_identify(utils/viz_helper) by extension 'ros'
[0.779s] DEBUG:colcon.colcon_core.package_identification:Package 'utils/viz_helper' with type 'ros.ament_cmake' and name 'viz_helper'
[0.779s] Level 1:colcon.colcon_core.package_discovery:discover_packages(recursive) using defaults
[0.779s] Level 1:colcon.colcon_core.package_discovery:discover_packages(ignore) discover
[0.779s] Level 1:colcon.colcon_core.package_discovery:discover_packages(ignore) using defaults
[0.780s] Level 1:colcon.colcon_core.package_discovery:discover_packages(path) discover
[0.780s] Level 1:colcon.colcon_core.package_discovery:discover_packages(path) using defaults
[0.830s] INFO:colcon.colcon_core.package_selection:Skipping package 'viz_helper' in 'utils/viz_helper'
[0.830s] INFO:colcon.colcon_core.package_selection:Skipping package 'vilota_bridge' in 'gestelt_integration/avetics/packages/ray_vilota_bridge'
[0.830s] INFO:colcon.colcon_core.package_selection:Skipping package 'depth2pcl' in 'gestelt_integration/avetics/packages/depth2pcl'
[0.831s] Level 1:colcon.colcon_core.package_discovery:discover_packages(prefix_path) check parameters
[0.831s] Level 1:colcon.colcon_core.package_discovery:discover_packages(prefix_path) discover
[0.837s] DEBUG:colcon.colcon_installed_package_information.package_discovery:Found 3 installed packages in /home/nvidia/tl_vision2/install
[0.839s] DEBUG:colcon.colcon_installed_package_information.package_discovery:Found 18 installed packages in /home/nvidia/gestelt_ws/install
[0.840s] DEBUG:colcon.colcon_installed_package_information.package_discovery:Found 2 installed packages in /home/nvidia/bridge_ws/install
[0.843s] DEBUG:colcon.colcon_installed_package_information.package_discovery:Found 322 installed packages in /opt/ros/humble
[0.847s] Level 1:colcon.colcon_core.package_discovery:discover_packages(prefix_path) using defaults
[0.939s] Level 5:colcon.colcon_core.verb:set package 'bonxai' build argument 'cmake_args' from command line to 'None'
[0.940s] Level 5:colcon.colcon_core.verb:set package 'bonxai' build argument 'cmake_target' from command line to 'None'
[0.940s] Level 5:colcon.colcon_core.verb:set package 'bonxai' build argument 'cmake_target_skip_unavailable' from command line to 'False'
[0.940s] Level 5:colcon.colcon_core.verb:set package 'bonxai' build argument 'cmake_clean_cache' from command line to 'False'
[0.940s] Level 5:colcon.colcon_core.verb:set package 'bonxai' build argument 'cmake_clean_first' from command line to 'False'
[0.940s] Level 5:colcon.colcon_core.verb:set package 'bonxai' build argument 'cmake_force_configure' from command line to 'False'
[0.940s] Level 5:colcon.colcon_core.verb:set package 'bonxai' build argument 'ament_cmake_args' from command line to 'None'
[0.940s] Level 5:colcon.colcon_core.verb:set package 'bonxai' build argument 'catkin_cmake_args' from command line to 'None'
[0.940s] Level 5:colcon.colcon_core.verb:set package 'bonxai' build argument 'catkin_skip_building_tests' from command line to 'False'
[0.940s] DEBUG:colcon.colcon_core.verb:Building package 'bonxai' with the following arguments: {'ament_cmake_args': None, 'build_base': '/home/nvidia/gestelt_ws/src/gestelt2/build/bonxai', 'catkin_cmake_args': None, 'catkin_skip_building_tests': False, 'cmake_args': None, 'cmake_clean_cache': False, 'cmake_clean_first': False, 'cmake_force_configure': False, 'cmake_target': None, 'cmake_target_skip_unavailable': False, 'install_base': '/home/nvidia/gestelt_ws/src/gestelt2/install/bonxai', 'merge_install': False, 'path': '/home/nvidia/gestelt_ws/src/gestelt2/third_party/bonxai', 'symlink_install': True, 'test_result_base': None}
[0.941s] Level 5:colcon.colcon_core.verb:set package 'decomp_ros_msgs' build argument 'cmake_args' from command line to 'None'
[0.941s] Level 5:colcon.colcon_core.verb:set package 'decomp_ros_msgs' build argument 'cmake_target' from command line to 'None'
[0.941s] Level 5:colcon.colcon_core.verb:set package 'decomp_ros_msgs' build argument 'cmake_target_skip_unavailable' from command line to 'False'
[0.941s] Level 5:colcon.colcon_core.verb:set package 'decomp_ros_msgs' build argument 'cmake_clean_cache' from command line to 'False'
[0.941s] Level 5:colcon.colcon_core.verb:set package 'decomp_ros_msgs' build argument 'cmake_clean_first' from command line to 'False'
[0.941s] Level 5:colcon.colcon_core.verb:set package 'decomp_ros_msgs' build argument 'cmake_force_configure' from command line to 'False'
[0.941s] Level 5:colcon.colcon_core.verb:set package 'decomp_ros_msgs' build argument 'ament_cmake_args' from command line to 'None'
[0.941s] Level 5:colcon.colcon_core.verb:set package 'decomp_ros_msgs' build argument 'catkin_cmake_args' from command line to 'None'
[0.941s] Level 5:colcon.colcon_core.verb:set package 'decomp_ros_msgs' build argument 'catkin_skip_building_tests' from command line to 'False'
[0.941s] DEBUG:colcon.colcon_core.verb:Building package 'decomp_ros_msgs' with the following arguments: {'ament_cmake_args': None, 'build_base': '/home/nvidia/gestelt_ws/src/gestelt2/build/decomp_ros_msgs', 'catkin_cmake_args': None, 'catkin_skip_building_tests': False, 'cmake_args': None, 'cmake_clean_cache': False, 'cmake_clean_first': False, 'cmake_force_configure': False, 'cmake_target': None, 'cmake_target_skip_unavailable': False, 'install_base': '/home/nvidia/gestelt_ws/src/gestelt2/install/decomp_ros_msgs', 'merge_install': False, 'path': '/home/nvidia/gestelt_ws/src/gestelt2/third_party/decomp_ros/decomp_ros_msgs', 'symlink_install': True, 'test_result_base': None}
[0.942s] Level 5:colcon.colcon_core.verb:set package 'decomp_util' build argument 'cmake_args' from command line to 'None'
[0.942s] Level 5:colcon.colcon_core.verb:set package 'decomp_util' build argument 'cmake_target' from command line to 'None'
[0.942s] Level 5:colcon.colcon_core.verb:set package 'decomp_util' build argument 'cmake_target_skip_unavailable' from command line to 'False'
[0.942s] Level 5:colcon.colcon_core.verb:set package 'decomp_util' build argument 'cmake_clean_cache' from command line to 'False'
[0.942s] Level 5:colcon.colcon_core.verb:set package 'decomp_util' build argument 'cmake_clean_first' from command line to 'False'
[0.942s] Level 5:colcon.colcon_core.verb:set package 'decomp_util' build argument 'cmake_force_configure' from command line to 'False'
[0.942s] Level 5:colcon.colcon_core.verb:set package 'decomp_util' build argument 'ament_cmake_args' from command line to 'None'
[0.943s] Level 5:colcon.colcon_core.verb:set package 'decomp_util' build argument 'catkin_cmake_args' from command line to 'None'
[0.943s] Level 5:colcon.colcon_core.verb:set package 'decomp_util' build argument 'catkin_skip_building_tests' from command line to 'False'
[0.943s] DEBUG:colcon.colcon_core.verb:Building package 'decomp_util' with the following arguments: {'ament_cmake_args': None, 'build_base': '/home/nvidia/gestelt_ws/src/gestelt2/build/decomp_util', 'catkin_cmake_args': None, 'catkin_skip_building_tests': False, 'cmake_args': None, 'cmake_clean_cache': False, 'cmake_clean_first': False, 'cmake_force_configure': False, 'cmake_target': None, 'cmake_target_skip_unavailable': False, 'install_base': '/home/nvidia/gestelt_ws/src/gestelt2/install/decomp_util', 'merge_install': False, 'path': '/home/nvidia/gestelt_ws/src/gestelt2/third_party/decomp_ros/decomp_util', 'symlink_install': True, 'test_result_base': None}
[0.943s] Level 5:colcon.colcon_core.verb:set package 'fake_map' build argument 'cmake_args' from command line to 'None'
[0.943s] Level 5:colcon.colcon_core.verb:set package 'fake_map' build argument 'cmake_target' from command line to 'None'
[0.943s] Level 5:colcon.colcon_core.verb:set package 'fake_map' build argument 'cmake_target_skip_unavailable' from command line to 'False'
[0.944s] Level 5:colcon.colcon_core.verb:set package 'fake_map' build argument 'cmake_clean_cache' from command line to 'False'
[0.944s] Level 5:colcon.colcon_core.verb:set package 'fake_map' build argument 'cmake_clean_first' from command line to 'False'
[0.944s] Level 5:colcon.colcon_core.verb:set package 'fake_map' build argument 'cmake_force_configure' from command line to 'False'
[0.944s] Level 5:colcon.colcon_core.verb:set package 'fake_map' build argument 'ament_cmake_args' from command line to 'None'
[0.944s] Level 5:colcon.colcon_core.verb:set package 'fake_map' build argument 'catkin_cmake_args' from command line to 'None'
[0.944s] Level 5:colcon.colcon_core.verb:set package 'fake_map' build argument 'catkin_skip_building_tests' from command line to 'False'
[0.944s] DEBUG:colcon.colcon_core.verb:Building package 'fake_map' with the following arguments: {'ament_cmake_args': None, 'build_base': '/home/nvidia/gestelt_ws/src/gestelt2/build/fake_map', 'catkin_cmake_args': None, 'catkin_skip_building_tests': False, 'cmake_args': None, 'cmake_clean_cache': False, 'cmake_clean_first': False, 'cmake_force_configure': False, 'cmake_target': None, 'cmake_target_skip_unavailable': False, 'install_base': '/home/nvidia/gestelt_ws/src/gestelt2/install/fake_map', 'merge_install': False, 'path': '/home/nvidia/gestelt_ws/src/gestelt2/swarm_tools/fake_map', 'symlink_install': True, 'test_result_base': None}
[0.945s] Level 5:colcon.colcon_core.verb:set package 'fake_sensor' build argument 'cmake_args' from command line to 'None'
[0.945s] Level 5:colcon.colcon_core.verb:set package 'fake_sensor' build argument 'cmake_target' from command line to 'None'
[0.945s] Level 5:colcon.colcon_core.verb:set package 'fake_sensor' build argument 'cmake_target_skip_unavailable' from command line to 'False'
[0.945s] Level 5:colcon.colcon_core.verb:set package 'fake_sensor' build argument 'cmake_clean_cache' from command line to 'False'
[0.945s] Level 5:colcon.colcon_core.verb:set package 'fake_sensor' build argument 'cmake_clean_first' from command line to 'False'
[0.945s] Level 5:colcon.colcon_core.verb:set package 'fake_sensor' build argument 'cmake_force_configure' from command line to 'False'
[0.945s] Level 5:colcon.colcon_core.verb:set package 'fake_sensor' build argument 'ament_cmake_args' from command line to 'None'
[0.945s] Level 5:colcon.colcon_core.verb:set package 'fake_sensor' build argument 'catkin_cmake_args' from command line to 'None'
[0.945s] Level 5:colcon.colcon_core.verb:set package 'fake_sensor' build argument 'catkin_skip_building_tests' from command line to 'False'
[0.945s] DEBUG:colcon.colcon_core.verb:Building package 'fake_sensor' with the following arguments: {'ament_cmake_args': None, 'build_base': '/home/nvidia/gestelt_ws/src/gestelt2/build/fake_sensor', 'catkin_cmake_args': None, 'catkin_skip_building_tests': False, 'cmake_args': None, 'cmake_clean_cache': False, 'cmake_clean_first': False, 'cmake_force_configure': False, 'cmake_target': None, 'cmake_target_skip_unavailable': False, 'install_base': '/home/nvidia/gestelt_ws/src/gestelt2/install/fake_sensor', 'merge_install': False, 'path': '/home/nvidia/gestelt_ws/src/gestelt2/swarm_tools/fake_sensor', 'symlink_install': True, 'test_result_base': None}
[0.946s] Level 5:colcon.colcon_core.verb:set package 'gestelt_commander' build argument 'cmake_args' from command line to 'None'
[0.946s] Level 5:colcon.colcon_core.verb:set package 'gestelt_commander' build argument 'cmake_target' from command line to 'None'
[0.946s] Level 5:colcon.colcon_core.verb:set package 'gestelt_commander' build argument 'cmake_target_skip_unavailable' from command line to 'False'
[0.946s] Level 5:colcon.colcon_core.verb:set package 'gestelt_commander' build argument 'cmake_clean_cache' from command line to 'False'
[0.946s] Level 5:colcon.colcon_core.verb:set package 'gestelt_commander' build argument 'cmake_clean_first' from command line to 'False'
[0.946s] Level 5:colcon.colcon_core.verb:set package 'gestelt_commander' build argument 'cmake_force_configure' from command line to 'False'
[0.946s] Level 5:colcon.colcon_core.verb:set package 'gestelt_commander' build argument 'ament_cmake_args' from command line to 'None'
[0.946s] Level 5:colcon.colcon_core.verb:set package 'gestelt_commander' build argument 'catkin_cmake_args' from command line to 'None'
[0.946s] Level 5:colcon.colcon_core.verb:set package 'gestelt_commander' build argument 'catkin_skip_building_tests' from command line to 'False'
[0.946s] DEBUG:colcon.colcon_core.verb:Building package 'gestelt_commander' with the following arguments: {'ament_cmake_args': None, 'build_base': '/home/nvidia/gestelt_ws/src/gestelt2/build/gestelt_commander', 'catkin_cmake_args': None, 'catkin_skip_building_tests': False, 'cmake_args': None, 'cmake_clean_cache': False, 'cmake_clean_first': False, 'cmake_force_configure': False, 'cmake_target': None, 'cmake_target_skip_unavailable': False, 'install_base': '/home/nvidia/gestelt_ws/src/gestelt2/install/gestelt_commander', 'merge_install': False, 'path': '/home/nvidia/gestelt_ws/src/gestelt2/gestelt_commander', 'symlink_install': True, 'test_result_base': None}
[0.947s] Level 5:colcon.colcon_core.verb:set package 'gestelt_interfaces' build argument 'cmake_args' from command line to 'None'
[0.947s] Level 5:colcon.colcon_core.verb:set package 'gestelt_interfaces' build argument 'cmake_target' from command line to 'None'
[0.947s] Level 5:colcon.colcon_core.verb:set package 'gestelt_interfaces' build argument 'cmake_target_skip_unavailable' from command line to 'False'
[0.947s] Level 5:colcon.colcon_core.verb:set package 'gestelt_interfaces' build argument 'cmake_clean_cache' from command line to 'False'
[0.947s] Level 5:colcon.colcon_core.verb:set package 'gestelt_interfaces' build argument 'cmake_clean_first' from command line to 'False'
[0.947s] Level 5:colcon.colcon_core.verb:set package 'gestelt_interfaces' build argument 'cmake_force_configure' from command line to 'False'
[0.947s] Level 5:colcon.colcon_core.verb:set package 'gestelt_interfaces' build argument 'ament_cmake_args' from command line to 'None'
[0.947s] Level 5:colcon.colcon_core.verb:set package 'gestelt_interfaces' build argument 'catkin_cmake_args' from command line to 'None'
[0.947s] Level 5:colcon.colcon_core.verb:set package 'gestelt_interfaces' build argument 'catkin_skip_building_tests' from command line to 'False'
[0.948s] DEBUG:colcon.colcon_core.verb:Building package 'gestelt_interfaces' with the following arguments: {'ament_cmake_args': None, 'build_base': '/home/nvidia/gestelt_ws/src/gestelt2/build/gestelt_interfaces', 'catkin_cmake_args': None, 'catkin_skip_building_tests': False, 'cmake_args': None, 'cmake_clean_cache': False, 'cmake_clean_first': False, 'cmake_force_configure': False, 'cmake_target': None, 'cmake_target_skip_unavailable': False, 'install_base': '/home/nvidia/gestelt_ws/src/gestelt2/install/gestelt_interfaces', 'merge_install': False, 'path': '/home/nvidia/gestelt_ws/src/gestelt2/interfaces/gestelt_interfaces', 'symlink_install': True, 'test_result_base': None}
[0.948s] Level 5:colcon.colcon_core.verb:set package 'ikd_tree' build argument 'cmake_args' from command line to 'None'
[0.948s] Level 5:colcon.colcon_core.verb:set package 'ikd_tree' build argument 'cmake_target' from command line to 'None'
[0.948s] Level 5:colcon.colcon_core.verb:set package 'ikd_tree' build argument 'cmake_target_skip_unavailable' from command line to 'False'
[0.948s] Level 5:colcon.colcon_core.verb:set package 'ikd_tree' build argument 'cmake_clean_cache' from command line to 'False'
[0.948s] Level 5:colcon.colcon_core.verb:set package 'ikd_tree' build argument 'cmake_clean_first' from command line to 'False'
[0.948s] Level 5:colcon.colcon_core.verb:set package 'ikd_tree' build argument 'cmake_force_configure' from command line to 'False'
[0.949s] Level 5:colcon.colcon_core.verb:set package 'ikd_tree' build argument 'ament_cmake_args' from command line to 'None'
[0.949s] Level 5:colcon.colcon_core.verb:set package 'ikd_tree' build argument 'catkin_cmake_args' from command line to 'None'
[0.949s] Level 5:colcon.colcon_core.verb:set package 'ikd_tree' build argument 'catkin_skip_building_tests' from command line to 'False'
[0.949s] DEBUG:colcon.colcon_core.verb:Building package 'ikd_tree' with the following arguments: {'ament_cmake_args': None, 'build_base': '/home/nvidia/gestelt_ws/src/gestelt2/build/ikd_tree', 'catkin_cmake_args': None, 'catkin_skip_building_tests': False, 'cmake_args': None, 'cmake_clean_cache': False, 'cmake_clean_first': False, 'cmake_force_configure': False, 'cmake_target': None, 'cmake_target_skip_unavailable': False, 'install_base': '/home/nvidia/gestelt_ws/src/gestelt2/install/ikd_tree', 'merge_install': False, 'path': '/home/nvidia/gestelt_ws/src/gestelt2/third_party/ikd_tree', 'symlink_install': True, 'test_result_base': None}
[0.949s] Level 5:colcon.colcon_core.verb:set package 'logger_wrapper' build argument 'cmake_args' from command line to 'None'
[0.949s] Level 5:colcon.colcon_core.verb:set package 'logger_wrapper' build argument 'cmake_target' from command line to 'None'
[0.949s] Level 5:colcon.colcon_core.verb:set package 'logger_wrapper' build argument 'cmake_target_skip_unavailable' from command line to 'False'
[0.950s] Level 5:colcon.colcon_core.verb:set package 'logger_wrapper' build argument 'cmake_clean_cache' from command line to 'False'
[0.950s] Level 5:colcon.colcon_core.verb:set package 'logger_wrapper' build argument 'cmake_clean_first' from command line to 'False'
[0.950s] Level 5:colcon.colcon_core.verb:set package 'logger_wrapper' build argument 'cmake_force_configure' from command line to 'False'
[0.950s] Level 5:colcon.colcon_core.verb:set package 'logger_wrapper' build argument 'ament_cmake_args' from command line to 'None'
[0.950s] Level 5:colcon.colcon_core.verb:set package 'logger_wrapper' build argument 'catkin_cmake_args' from command line to 'None'
[0.950s] Level 5:colcon.colcon_core.verb:set package 'logger_wrapper' build argument 'catkin_skip_building_tests' from command line to 'False'
[0.950s] DEBUG:colcon.colcon_core.verb:Building package 'logger_wrapper' with the following arguments: {'ament_cmake_args': None, 'build_base': '/home/nvidia/gestelt_ws/src/gestelt2/build/logger_wrapper', 'catkin_cmake_args': None, 'catkin_skip_building_tests': False, 'cmake_args': None, 'cmake_clean_cache': False, 'cmake_clean_first': False, 'cmake_force_configure': False, 'cmake_target': None, 'cmake_target_skip_unavailable': False, 'install_base': '/home/nvidia/gestelt_ws/src/gestelt2/install/logger_wrapper', 'merge_install': False, 'path': '/home/nvidia/gestelt_ws/src/gestelt2/utils/logger_wrapper', 'symlink_install': True, 'test_result_base': None}
[0.951s] Level 5:colcon.colcon_core.verb:set package 'decomp_ros_utils' build argument 'cmake_args' from command line to 'None'
[0.951s] Level 5:colcon.colcon_core.verb:set package 'decomp_ros_utils' build argument 'cmake_target' from command line to 'None'
[0.951s] Level 5:colcon.colcon_core.verb:set package 'decomp_ros_utils' build argument 'cmake_target_skip_unavailable' from command line to 'False'
[0.951s] Level 5:colcon.colcon_core.verb:set package 'decomp_ros_utils' build argument 'cmake_clean_cache' from command line to 'False'
[0.951s] Level 5:colcon.colcon_core.verb:set package 'decomp_ros_utils' build argument 'cmake_clean_first' from command line to 'False'
[0.951s] Level 5:colcon.colcon_core.verb:set package 'decomp_ros_utils' build argument 'cmake_force_configure' from command line to 'False'
[0.951s] Level 5:colcon.colcon_core.verb:set package 'decomp_ros_utils' build argument 'ament_cmake_args' from command line to 'None'
[0.951s] Level 5:colcon.colcon_core.verb:set package 'decomp_ros_utils' build argument 'catkin_cmake_args' from command line to 'None'
[0.951s] Level 5:colcon.colcon_core.verb:set package 'decomp_ros_utils' build argument 'catkin_skip_building_tests' from command line to 'False'
[0.951s] DEBUG:colcon.colcon_core.verb:Building package 'decomp_ros_utils' with the following arguments: {'ament_cmake_args': None, 'build_base': '/home/nvidia/gestelt_ws/src/gestelt2/build/decomp_ros_utils', 'catkin_cmake_args': None, 'catkin_skip_building_tests': False, 'cmake_args': None, 'cmake_clean_cache': False, 'cmake_clean_first': False, 'cmake_force_configure': False, 'cmake_target': None, 'cmake_target_skip_unavailable': False, 'install_base': '/home/nvidia/gestelt_ws/src/gestelt2/install/decomp_ros_utils', 'merge_install': False, 'path': '/home/nvidia/gestelt_ws/src/gestelt2/third_party/decomp_ros/decomp_ros_utils', 'symlink_install': True, 'test_result_base': None}
[0.952s] Level 5:colcon.colcon_core.verb:set package 'occ_map' build argument 'cmake_args' from command line to 'None'
[0.952s] Level 5:colcon.colcon_core.verb:set package 'occ_map' build argument 'cmake_target' from command line to 'None'
[0.952s] Level 5:colcon.colcon_core.verb:set package 'occ_map' build argument 'cmake_target_skip_unavailable' from command line to 'False'
[0.952s] Level 5:colcon.colcon_core.verb:set package 'occ_map' build argument 'cmake_clean_cache' from command line to 'False'
[0.952s] Level 5:colcon.colcon_core.verb:set package 'occ_map' build argument 'cmake_clean_first' from command line to 'False'
[0.952s] Level 5:colcon.colcon_core.verb:set package 'occ_map' build argument 'cmake_force_configure' from command line to 'False'
[0.952s] Level 5:colcon.colcon_core.verb:set package 'occ_map' build argument 'ament_cmake_args' from command line to 'None'
[0.952s] Level 5:colcon.colcon_core.verb:set package 'occ_map' build argument 'catkin_cmake_args' from command line to 'None'
[0.952s] Level 5:colcon.colcon_core.verb:set package 'occ_map' build argument 'catkin_skip_building_tests' from command line to 'False'
[0.952s] DEBUG:colcon.colcon_core.verb:Building package 'occ_map' with the following arguments: {'ament_cmake_args': None, 'build_base': '/home/nvidia/gestelt_ws/src/gestelt2/build/occ_map', 'catkin_cmake_args': None, 'catkin_skip_building_tests': False, 'cmake_args': None, 'cmake_clean_cache': False, 'cmake_clean_first': False, 'cmake_force_configure': False, 'cmake_target': None, 'cmake_target_skip_unavailable': False, 'install_base': '/home/nvidia/gestelt_ws/src/gestelt2/install/occ_map', 'merge_install': False, 'path': '/home/nvidia/gestelt_ws/src/gestelt2/occ_map', 'symlink_install': True, 'test_result_base': None}
[0.953s] Level 5:colcon.colcon_core.verb:set package 'trajectory_server' build argument 'cmake_args' from command line to 'None'
[0.953s] Level 5:colcon.colcon_core.verb:set package 'trajectory_server' build argument 'cmake_target' from command line to 'None'
[0.953s] Level 5:colcon.colcon_core.verb:set package 'trajectory_server' build argument 'cmake_target_skip_unavailable' from command line to 'False'
[0.953s] Level 5:colcon.colcon_core.verb:set package 'trajectory_server' build argument 'cmake_clean_cache' from command line to 'False'
[0.953s] Level 5:colcon.colcon_core.verb:set package 'trajectory_server' build argument 'cmake_clean_first' from command line to 'False'
[0.953s] Level 5:colcon.colcon_core.verb:set package 'trajectory_server' build argument 'cmake_force_configure' from command line to 'False'
[0.953s] Level 5:colcon.colcon_core.verb:set package 'trajectory_server' build argument 'ament_cmake_args' from command line to 'None'
[0.953s] Level 5:colcon.colcon_core.verb:set package 'trajectory_server' build argument 'catkin_cmake_args' from command line to 'None'
[0.953s] Level 5:colcon.colcon_core.verb:set package 'trajectory_server' build argument 'catkin_skip_building_tests' from command line to 'False'
[0.953s] DEBUG:colcon.colcon_core.verb:Building package 'trajectory_server' with the following arguments: {'ament_cmake_args': None, 'build_base': '/home/nvidia/gestelt_ws/src/gestelt2/build/trajectory_server', 'catkin_cmake_args': None, 'catkin_skip_building_tests': False, 'cmake_args': None, 'cmake_clean_cache': False, 'cmake_clean_first': False, 'cmake_force_configure': False, 'cmake_target': None, 'cmake_target_skip_unavailable': False, 'install_base': '/home/nvidia/gestelt_ws/src/gestelt2/install/trajectory_server', 'merge_install': False, 'path': '/home/nvidia/gestelt_ws/src/gestelt2/trajectory_server', 'symlink_install': True, 'test_result_base': None}
[0.954s] Level 5:colcon.colcon_core.verb:set package 'gestelt_core' build argument 'cmake_args' from command line to 'None'
[0.954s] Level 5:colcon.colcon_core.verb:set package 'gestelt_core' build argument 'cmake_target' from command line to 'None'
[0.954s] Level 5:colcon.colcon_core.verb:set package 'gestelt_core' build argument 'cmake_target_skip_unavailable' from command line to 'False'
[0.954s] Level 5:colcon.colcon_core.verb:set package 'gestelt_core' build argument 'cmake_clean_cache' from command line to 'False'
[0.954s] Level 5:colcon.colcon_core.verb:set package 'gestelt_core' build argument 'cmake_clean_first' from command line to 'False'
[0.954s] Level 5:colcon.colcon_core.verb:set package 'gestelt_core' build argument 'cmake_force_configure' from command line to 'False'
[0.954s] Level 5:colcon.colcon_core.verb:set package 'gestelt_core' build argument 'ament_cmake_args' from command line to 'None'
[0.954s] Level 5:colcon.colcon_core.verb:set package 'gestelt_core' build argument 'catkin_cmake_args' from command line to 'None'
[0.955s] Level 5:colcon.colcon_core.verb:set package 'gestelt_core' build argument 'catkin_skip_building_tests' from command line to 'False'
[0.955s] DEBUG:colcon.colcon_core.verb:Building package 'gestelt_core' with the following arguments: {'ament_cmake_args': None, 'build_base': '/home/nvidia/gestelt_ws/src/gestelt2/build/gestelt_core', 'catkin_cmake_args': None, 'catkin_skip_building_tests': False, 'cmake_args': None, 'cmake_clean_cache': False, 'cmake_clean_first': False, 'cmake_force_configure': False, 'cmake_target': None, 'cmake_target_skip_unavailable': False, 'install_base': '/home/nvidia/gestelt_ws/src/gestelt2/install/gestelt_core', 'merge_install': False, 'path': '/home/nvidia/gestelt_ws/src/gestelt2/gestelt_core', 'symlink_install': True, 'test_result_base': None}
[0.955s] Level 5:colcon.colcon_core.verb:set package 'astar_planner' build argument 'cmake_args' from command line to 'None'
[0.955s] Level 5:colcon.colcon_core.verb:set package 'astar_planner' build argument 'cmake_target' from command line to 'None'
[0.955s] Level 5:colcon.colcon_core.verb:set package 'astar_planner' build argument 'cmake_target_skip_unavailable' from command line to 'False'
[0.955s] Level 5:colcon.colcon_core.verb:set package 'astar_planner' build argument 'cmake_clean_cache' from command line to 'False'
[0.956s] Level 5:colcon.colcon_core.verb:set package 'astar_planner' build argument 'cmake_clean_first' from command line to 'False'
[0.956s] Level 5:colcon.colcon_core.verb:set package 'astar_planner' build argument 'cmake_force_configure' from command line to 'False'
[0.956s] Level 5:colcon.colcon_core.verb:set package 'astar_planner' build argument 'ament_cmake_args' from command line to 'None'
[0.956s] Level 5:colcon.colcon_core.verb:set package 'astar_planner' build argument 'catkin_cmake_args' from command line to 'None'
[0.956s] Level 5:colcon.colcon_core.verb:set package 'astar_planner' build argument 'catkin_skip_building_tests' from command line to 'False'
[0.956s] DEBUG:colcon.colcon_core.verb:Building package 'astar_planner' with the following arguments: {'ament_cmake_args': None, 'build_base': '/home/nvidia/gestelt_ws/src/gestelt2/build/astar_planner', 'catkin_cmake_args': None, 'catkin_skip_building_tests': False, 'cmake_args': None, 'cmake_clean_cache': False, 'cmake_clean_first': False, 'cmake_force_configure': False, 'cmake_target': None, 'cmake_target_skip_unavailable': False, 'install_base': '/home/nvidia/gestelt_ws/src/gestelt2/install/astar_planner', 'merge_install': False, 'path': '/home/nvidia/gestelt_ws/src/gestelt2/astar_planner', 'symlink_install': True, 'test_result_base': None}
[0.956s] Level 5:colcon.colcon_core.verb:set package 'gestelt_controller' build argument 'cmake_args' from command line to 'None'
[0.957s] Level 5:colcon.colcon_core.verb:set package 'gestelt_controller' build argument 'cmake_target' from command line to 'None'
[0.957s] Level 5:colcon.colcon_core.verb:set package 'gestelt_controller' build argument 'cmake_target_skip_unavailable' from command line to 'False'
[0.957s] Level 5:colcon.colcon_core.verb:set package 'gestelt_controller' build argument 'cmake_clean_cache' from command line to 'False'
[0.957s] Level 5:colcon.colcon_core.verb:set package 'gestelt_controller' build argument 'cmake_clean_first' from command line to 'False'
[0.957s] Level 5:colcon.colcon_core.verb:set package 'gestelt_controller' build argument 'cmake_force_configure' from command line to 'False'
[0.957s] Level 5:colcon.colcon_core.verb:set package 'gestelt_controller' build argument 'ament_cmake_args' from command line to 'None'
[0.957s] Level 5:colcon.colcon_core.verb:set package 'gestelt_controller' build argument 'catkin_cmake_args' from command line to 'None'
[0.957s] Level 5:colcon.colcon_core.verb:set package 'gestelt_controller' build argument 'catkin_skip_building_tests' from command line to 'False'
[0.957s] DEBUG:colcon.colcon_core.verb:Building package 'gestelt_controller' with the following arguments: {'ament_cmake_args': None, 'build_base': '/home/nvidia/gestelt_ws/src/gestelt2/build/gestelt_controller', 'catkin_cmake_args': None, 'catkin_skip_building_tests': False, 'cmake_args': None, 'cmake_clean_cache': False, 'cmake_clean_first': False, 'cmake_force_configure': False, 'cmake_target': None, 'cmake_target_skip_unavailable': False, 'install_base': '/home/nvidia/gestelt_ws/src/gestelt2/install/gestelt_controller', 'merge_install': False, 'path': '/home/nvidia/gestelt_ws/src/gestelt2/gestelt_controller', 'symlink_install': True, 'test_result_base': None}
[0.958s] Level 5:colcon.colcon_core.verb:set package 'gestelt_planner' build argument 'cmake_args' from command line to 'None'
[0.958s] Level 5:colcon.colcon_core.verb:set package 'gestelt_planner' build argument 'cmake_target' from command line to 'None'
[0.958s] Level 5:colcon.colcon_core.verb:set package 'gestelt_planner' build argument 'cmake_target_skip_unavailable' from command line to 'False'
[0.958s] Level 5:colcon.colcon_core.verb:set package 'gestelt_planner' build argument 'cmake_clean_cache' from command line to 'False'
[0.958s] Level 5:colcon.colcon_core.verb:set package 'gestelt_planner' build argument 'cmake_clean_first' from command line to 'False'
[0.958s] Level 5:colcon.colcon_core.verb:set package 'gestelt_planner' build argument 'cmake_force_configure' from command line to 'False'
[0.958s] Level 5:colcon.colcon_core.verb:set package 'gestelt_planner' build argument 'ament_cmake_args' from command line to 'None'
[0.958s] Level 5:colcon.colcon_core.verb:set package 'gestelt_planner' build argument 'catkin_cmake_args' from command line to 'None'
[0.958s] Level 5:colcon.colcon_core.verb:set package 'gestelt_planner' build argument 'catkin_skip_building_tests' from command line to 'False'
[0.958s] DEBUG:colcon.colcon_core.verb:Building package 'gestelt_planner' with the following arguments: {'ament_cmake_args': None, 'build_base': '/home/nvidia/gestelt_ws/src/gestelt2/build/gestelt_planner', 'catkin_cmake_args': None, 'catkin_skip_building_tests': False, 'cmake_args': None, 'cmake_clean_cache': False, 'cmake_clean_first': False, 'cmake_force_configure': False, 'cmake_target': None, 'cmake_target_skip_unavailable': False, 'install_base': '/home/nvidia/gestelt_ws/src/gestelt2/install/gestelt_planner', 'merge_install': False, 'path': '/home/nvidia/gestelt_ws/src/gestelt2/gestelt_planner', 'symlink_install': True, 'test_result_base': None}
[0.959s] Level 5:colcon.colcon_core.verb:set package 'linear_mpc_controller' build argument 'cmake_args' from command line to 'None'
[0.959s] Level 5:colcon.colcon_core.verb:set package 'linear_mpc_controller' build argument 'cmake_target' from command line to 'None'
[0.959s] Level 5:colcon.colcon_core.verb:set package 'linear_mpc_controller' build argument 'cmake_target_skip_unavailable' from command line to 'False'
[0.959s] Level 5:colcon.colcon_core.verb:set package 'linear_mpc_controller' build argument 'cmake_clean_cache' from command line to 'False'
[0.959s] Level 5:colcon.colcon_core.verb:set package 'linear_mpc_controller' build argument 'cmake_clean_first' from command line to 'False'
[0.959s] Level 5:colcon.colcon_core.verb:set package 'linear_mpc_controller' build argument 'cmake_force_configure' from command line to 'False'
[0.959s] Level 5:colcon.colcon_core.verb:set package 'linear_mpc_controller' build argument 'ament_cmake_args' from command line to 'None'
[0.959s] Level 5:colcon.colcon_core.verb:set package 'linear_mpc_controller' build argument 'catkin_cmake_args' from command line to 'None'
[0.959s] Level 5:colcon.colcon_core.verb:set package 'linear_mpc_controller' build argument 'catkin_skip_building_tests' from command line to 'False'
[0.959s] DEBUG:colcon.colcon_core.verb:Building package 'linear_mpc_controller' with the following arguments: {'ament_cmake_args': None, 'build_base': '/home/nvidia/gestelt_ws/src/gestelt2/build/linear_mpc_controller', 'catkin_cmake_args': None, 'catkin_skip_building_tests': False, 'cmake_args': None, 'cmake_clean_cache': False, 'cmake_clean_first': False, 'cmake_force_configure': False, 'cmake_target': None, 'cmake_target_skip_unavailable': False, 'install_base': '/home/nvidia/gestelt_ws/src/gestelt2/install/linear_mpc_controller', 'merge_install': False, 'path': '/home/nvidia/gestelt_ws/src/gestelt2/linear_mpc_controller', 'symlink_install': True, 'test_result_base': None}
[0.960s] Level 5:colcon.colcon_core.verb:set package 'gestelt_bringup' build argument 'cmake_args' from command line to 'None'
[0.960s] Level 5:colcon.colcon_core.verb:set package 'gestelt_bringup' build argument 'cmake_target' from command line to 'None'
[0.960s] Level 5:colcon.colcon_core.verb:set package 'gestelt_bringup' build argument 'cmake_target_skip_unavailable' from command line to 'False'
[0.960s] Level 5:colcon.colcon_core.verb:set package 'gestelt_bringup' build argument 'cmake_clean_cache' from command line to 'False'
[0.960s] Level 5:colcon.colcon_core.verb:set package 'gestelt_bringup' build argument 'cmake_clean_first' from command line to 'False'
[0.960s] Level 5:colcon.colcon_core.verb:set package 'gestelt_bringup' build argument 'cmake_force_configure' from command line to 'False'
[0.960s] Level 5:colcon.colcon_core.verb:set package 'gestelt_bringup' build argument 'ament_cmake_args' from command line to 'None'
[0.960s] Level 5:colcon.colcon_core.verb:set package 'gestelt_bringup' build argument 'catkin_cmake_args' from command line to 'None'
[0.961s] Level 5:colcon.colcon_core.verb:set package 'gestelt_bringup' build argument 'catkin_skip_building_tests' from command line to 'False'
[0.961s] DEBUG:colcon.colcon_core.verb:Building package 'gestelt_bringup' with the following arguments: {'ament_cmake_args': None, 'build_base': '/home/nvidia/gestelt_ws/src/gestelt2/build/gestelt_bringup', 'catkin_cmake_args': None, 'catkin_skip_building_tests': False, 'cmake_args': None, 'cmake_clean_cache': False, 'cmake_clean_first': False, 'cmake_force_configure': False, 'cmake_target': None, 'cmake_target_skip_unavailable': False, 'install_base': '/home/nvidia/gestelt_ws/src/gestelt2/install/gestelt_bringup', 'merge_install': False, 'path': '/home/nvidia/gestelt_ws/src/gestelt2/gestelt_bringup', 'symlink_install': True, 'test_result_base': None}
[0.961s] INFO:colcon.colcon_core.executor:Executing jobs using 'parallel' executor
[0.964s] DEBUG:colcon.colcon_parallel_executor.executor.parallel:run_until_complete
[0.965s] INFO:colcon.colcon_ros.task.ament_cmake.build:Building ROS package in '/home/nvidia/gestelt_ws/src/gestelt2/utils/logger_wrapper' with build type 'ament_cmake'
[0.965s] INFO:colcon.colcon_cmake.task.cmake.build:Building CMake package in '/home/nvidia/gestelt_ws/src/gestelt2/utils/logger_wrapper'
[0.971s] INFO:colcon.colcon_core.plugin_system:Skipping extension 'colcon_core.shell.bat': Not used on non-Windows systems
[0.972s] INFO:colcon.colcon_core.shell:Skip shell extension 'powershell' for command environment: Not usable outside of PowerShell
[0.972s] DEBUG:colcon.colcon_core.shell:Skip shell extension 'dsv' for command environment
[0.983s] INFO:colcon.colcon_ros.task.ament_cmake.build:Building ROS package in '/home/nvidia/gestelt_ws/src/gestelt2/third_party/bonxai' with build type 'ament_cmake'
[0.984s] INFO:colcon.colcon_cmake.task.cmake.build:Building CMake package in '/home/nvidia/gestelt_ws/src/gestelt2/third_party/bonxai'
[0.984s] INFO:colcon.colcon_core.shell:Skip shell extension 'powershell' for command environment: Not usable outside of PowerShell
[0.984s] DEBUG:colcon.colcon_core.shell:Skip shell extension 'dsv' for command environment
[0.996s] INFO:colcon.colcon_ros.task.ament_cmake.build:Building ROS package in '/home/nvidia/gestelt_ws/src/gestelt2/third_party/ikd_tree' with build type 'ament_cmake'
[0.996s] INFO:colcon.colcon_cmake.task.cmake.build:Building CMake package in '/home/nvidia/gestelt_ws/src/gestelt2/third_party/ikd_tree'
[0.997s] INFO:colcon.colcon_core.shell:Skip shell extension 'powershell' for command environment: Not usable outside of PowerShell
[0.998s] DEBUG:colcon.colcon_core.shell:Skip shell extension 'dsv' for command environment
[1.008s] INFO:colcon.colcon_ros.task.ament_cmake.build:Building ROS package in '/home/nvidia/gestelt_ws/src/gestelt2/third_party/decomp_ros/decomp_ros_msgs' with build type 'ament_cmake'
[1.009s] INFO:colcon.colcon_cmake.task.cmake.build:Building CMake package in '/home/nvidia/gestelt_ws/src/gestelt2/third_party/decomp_ros/decomp_ros_msgs'
[1.010s] INFO:colcon.colcon_core.shell:Skip shell extension 'powershell' for command environment: Not usable outside of PowerShell
[1.010s] DEBUG:colcon.colcon_core.shell:Skip shell extension 'dsv' for command environment
[1.021s] INFO:colcon.colcon_ros.task.ament_cmake.build:Building ROS package in '/home/nvidia/gestelt_ws/src/gestelt2/third_party/decomp_ros/decomp_util' with build type 'ament_cmake'
[1.022s] INFO:colcon.colcon_cmake.task.cmake.build:Building CMake package in '/home/nvidia/gestelt_ws/src/gestelt2/third_party/decomp_ros/decomp_util'
[1.022s] INFO:colcon.colcon_core.shell:Skip shell extension 'powershell' for command environment: Not usable outside of PowerShell
[1.022s] DEBUG:colcon.colcon_core.shell:Skip shell extension 'dsv' for command environment
[1.036s] INFO:colcon.colcon_ros.task.ament_cmake.build:Building ROS package in '/home/nvidia/gestelt_ws/src/gestelt2/interfaces/gestelt_interfaces' with build type 'ament_cmake'
[1.037s] INFO:colcon.colcon_cmake.task.cmake.build:Building CMake package in '/home/nvidia/gestelt_ws/src/gestelt2/interfaces/gestelt_interfaces'
[1.037s] INFO:colcon.colcon_core.shell:Skip shell extension 'powershell' for command environment: Not usable outside of PowerShell
[1.037s] DEBUG:colcon.colcon_core.shell:Skip shell extension 'dsv' for command environment
[1.050s] INFO:colcon.colcon_ros.task.ament_cmake.build:Building ROS package in '/home/nvidia/gestelt_ws/src/gestelt2/swarm_tools/fake_map' with build type 'ament_cmake'
[1.050s] INFO:colcon.colcon_cmake.task.cmake.build:Building CMake package in '/home/nvidia/gestelt_ws/src/gestelt2/swarm_tools/fake_map'
[1.050s] INFO:colcon.colcon_core.shell:Skip shell extension 'powershell' for command environment: Not usable outside of PowerShell
[1.051s] DEBUG:colcon.colcon_core.shell:Skip shell extension 'dsv' for command environment
[1.062s] INFO:colcon.colcon_ros.task.ament_cmake.build:Building ROS package in '/home/nvidia/gestelt_ws/src/gestelt2/swarm_tools/fake_sensor' with build type 'ament_cmake'
[1.063s] INFO:colcon.colcon_cmake.task.cmake.build:Building CMake package in '/home/nvidia/gestelt_ws/src/gestelt2/swarm_tools/fake_sensor'
[1.064s] INFO:colcon.colcon_core.shell:Skip shell extension 'powershell' for command environment: Not usable outside of PowerShell
[1.064s] DEBUG:colcon.colcon_core.shell:Skip shell extension 'dsv' for command environment
[1.085s] DEBUG:colcon.colcon_core.event_handler.log_command:Invoking command in '/home/nvidia/gestelt_ws/src/gestelt2/build/logger_wrapper': CMAKE_PREFIX_PATH=${CMAKE_PREFIX_PATH}:/home/nvidia/gestelt_ws/install/gestelt_commander:/home/nvidia/tl_vision2/install/vision:/home/nvidia/bridge_ws/install/vilota_bridge:/opt/ros/humble /usr/bin/cmake --build /home/nvidia/gestelt_ws/src/gestelt2/build/logger_wrapper -- -j8 -l8
[1.094s] DEBUG:colcon.colcon_core.event_handler.log_command:Invoking command in '/home/nvidia/gestelt_ws/src/gestelt2/build/bonxai': CMAKE_PREFIX_PATH=${CMAKE_PREFIX_PATH}:/home/nvidia/gestelt_ws/install/gestelt_commander:/home/nvidia/tl_vision2/install/vision:/home/nvidia/bridge_ws/install/vilota_bridge:/opt/ros/humble /usr/bin/cmake --build /home/nvidia/gestelt_ws/src/gestelt2/build/bonxai -- -j8 -l8
[1.099s] DEBUG:colcon.colcon_core.event_handler.log_command:Invoking command in '/home/nvidia/gestelt_ws/src/gestelt2/build/ikd_tree': CMAKE_PREFIX_PATH=${CMAKE_PREFIX_PATH}:/home/nvidia/gestelt_ws/install/gestelt_commander:/home/nvidia/tl_vision2/install/vision:/home/nvidia/bridge_ws/install/vilota_bridge:/opt/ros/humble /usr/bin/cmake --build /home/nvidia/gestelt_ws/src/gestelt2/build/ikd_tree -- -j8 -l8
[1.106s] DEBUG:colcon.colcon_core.event_handler.log_command:Invoking command in '/home/nvidia/gestelt_ws/src/gestelt2/build/decomp_ros_msgs': CMAKE_PREFIX_PATH=${CMAKE_PREFIX_PATH}:/home/nvidia/gestelt_ws/install/gestelt_commander:/home/nvidia/tl_vision2/install/vision:/home/nvidia/bridge_ws/install/vilota_bridge:/opt/ros/humble /usr/bin/cmake --build /home/nvidia/gestelt_ws/src/gestelt2/build/decomp_ros_msgs -- -j8 -l8
[1.113s] DEBUG:colcon.colcon_core.event_handler.log_command:Invoking command in '/home/nvidia/gestelt_ws/src/gestelt2/build/decomp_util': CMAKE_PREFIX_PATH=${CMAKE_PREFIX_PATH}:/home/nvidia/gestelt_ws/install/gestelt_commander:/home/nvidia/tl_vision2/install/vision:/home/nvidia/bridge_ws/install/vilota_bridge:/opt/ros/humble /usr/bin/cmake --build /home/nvidia/gestelt_ws/src/gestelt2/build/decomp_util -- -j8 -l8
[1.118s] DEBUG:colcon.colcon_core.event_handler.log_command:Invoking command in '/home/nvidia/gestelt_ws/src/gestelt2/build/gestelt_interfaces': CMAKE_PREFIX_PATH=${CMAKE_PREFIX_PATH}:/home/nvidia/gestelt_ws/install/gestelt_commander:/home/nvidia/tl_vision2/install/vision:/home/nvidia/bridge_ws/install/vilota_bridge:/opt/ros/humble /usr/bin/cmake --build /home/nvidia/gestelt_ws/src/gestelt2/build/gestelt_interfaces -- -j8 -l8
[1.125s] DEBUG:colcon.colcon_core.event_handler.log_command:Invoking command in '/home/nvidia/gestelt_ws/src/gestelt2/build/fake_map': CMAKE_PREFIX_PATH=${CMAKE_PREFIX_PATH}:/home/nvidia/gestelt_ws/install/gestelt_commander:/home/nvidia/tl_vision2/install/vision:/home/nvidia/bridge_ws/install/vilota_bridge:/opt/ros/humble /usr/bin/cmake --build /home/nvidia/gestelt_ws/src/gestelt2/build/fake_map -- -j8 -l8
[1.148s] DEBUG:colcon.colcon_core.event_handler.log_command:Invoking command in '/home/nvidia/gestelt_ws/src/gestelt2/build/fake_sensor': CMAKE_PREFIX_PATH=${CMAKE_PREFIX_PATH}:/home/nvidia/gestelt_ws/install/gestelt_commander:/home/nvidia/tl_vision2/install/vision:/home/nvidia/bridge_ws/install/vilota_bridge:/opt/ros/humble /usr/bin/cmake --build /home/nvidia/gestelt_ws/src/gestelt2/build/fake_sensor -- -j8 -l8
[1.262s] DEBUG:colcon.colcon_core.event_handler.log_command:Invoked command in '/home/nvidia/gestelt_ws/src/gestelt2/build/logger_wrapper' returned '0': CMAKE_PREFIX_PATH=${CMAKE_PREFIX_PATH}:/home/nvidia/gestelt_ws/install/gestelt_commander:/home/nvidia/tl_vision2/install/vision:/home/nvidia/bridge_ws/install/vilota_bridge:/opt/ros/humble /usr/bin/cmake --build /home/nvidia/gestelt_ws/src/gestelt2/build/logger_wrapper -- -j8 -l8
[1.284s] DEBUG:colcon.colcon_core.event_handler.log_command:Invoking command in '/home/nvidia/gestelt_ws/src/gestelt2/build/logger_wrapper': CMAKE_PREFIX_PATH=${CMAKE_PREFIX_PATH}:/home/nvidia/gestelt_ws/install/gestelt_commander:/home/nvidia/tl_vision2/install/vision:/home/nvidia/bridge_ws/install/vilota_bridge:/opt/ros/humble /usr/bin/cmake --install /home/nvidia/gestelt_ws/src/gestelt2/build/logger_wrapper
[1.312s] DEBUG:colcon.colcon_core.event_handler.log_command:Invoked command in '/home/nvidia/gestelt_ws/src/gestelt2/build/ikd_tree' returned '0': CMAKE_PREFIX_PATH=${CMAKE_PREFIX_PATH}:/home/nvidia/gestelt_ws/install/gestelt_commander:/home/nvidia/tl_vision2/install/vision:/home/nvidia/bridge_ws/install/vilota_bridge:/opt/ros/humble /usr/bin/cmake --build /home/nvidia/gestelt_ws/src/gestelt2/build/ikd_tree -- -j8 -l8
[1.313s] DEBUG:colcon.colcon_core.event_handler.log_command:Invoking command in '/home/nvidia/gestelt_ws/src/gestelt2/build/ikd_tree': CMAKE_PREFIX_PATH=${CMAKE_PREFIX_PATH}:/home/nvidia/gestelt_ws/install/gestelt_commander:/home/nvidia/tl_vision2/install/vision:/home/nvidia/bridge_ws/install/vilota_bridge:/opt/ros/humble /usr/bin/cmake --install /home/nvidia/gestelt_ws/src/gestelt2/build/ikd_tree
[1.339s] DEBUG:colcon.colcon_core.event_handler.log_command:Invoked command in '/home/nvidia/gestelt_ws/src/gestelt2/build/bonxai' returned '0': CMAKE_PREFIX_PATH=${CMAKE_PREFIX_PATH}:/home/nvidia/gestelt_ws/install/gestelt_commander:/home/nvidia/tl_vision2/install/vision:/home/nvidia/bridge_ws/install/vilota_bridge:/opt/ros/humble /usr/bin/cmake --build /home/nvidia/gestelt_ws/src/gestelt2/build/bonxai -- -j8 -l8
[1.340s] DEBUG:colcon.colcon_core.event_handler.log_command:Invoking command in '/home/nvidia/gestelt_ws/src/gestelt2/build/bonxai': CMAKE_PREFIX_PATH=${CMAKE_PREFIX_PATH}:/home/nvidia/gestelt_ws/install/gestelt_commander:/home/nvidia/tl_vision2/install/vision:/home/nvidia/bridge_ws/install/vilota_bridge:/opt/ros/humble /usr/bin/cmake --install /home/nvidia/gestelt_ws/src/gestelt2/build/bonxai
[1.346s] DEBUG:colcon.colcon_core.event_handler.log_command:Invoked command in '/home/nvidia/gestelt_ws/src/gestelt2/build/decomp_util' returned '0': CMAKE_PREFIX_PATH=${CMAKE_PREFIX_PATH}:/home/nvidia/gestelt_ws/install/gestelt_commander:/home/nvidia/tl_vision2/install/vision:/home/nvidia/bridge_ws/install/vilota_bridge:/opt/ros/humble /usr/bin/cmake --build /home/nvidia/gestelt_ws/src/gestelt2/build/decomp_util -- -j8 -l8
[1.351s] DEBUG:colcon.colcon_core.event_handler.log_command:Invoking command in '/home/nvidia/gestelt_ws/src/gestelt2/build/decomp_util': CMAKE_PREFIX_PATH=${CMAKE_PREFIX_PATH}:/home/nvidia/gestelt_ws/install/gestelt_commander:/home/nvidia/tl_vision2/install/vision:/home/nvidia/bridge_ws/install/vilota_bridge:/opt/ros/humble /usr/bin/cmake --install /home/nvidia/gestelt_ws/src/gestelt2/build/decomp_util
[1.399s] Level 1:colcon.colcon_core.environment:create_environment_scripts_only(logger_wrapper)
[1.408s] DEBUG:colcon.colcon_core.event_handler.log_command:Invoked command in '/home/nvidia/gestelt_ws/src/gestelt2/build/logger_wrapper' returned '0': CMAKE_PREFIX_PATH=${CMAKE_PREFIX_PATH}:/home/nvidia/gestelt_ws/install/gestelt_commander:/home/nvidia/tl_vision2/install/vision:/home/nvidia/bridge_ws/install/vilota_bridge:/opt/ros/humble /usr/bin/cmake --install /home/nvidia/gestelt_ws/src/gestelt2/build/logger_wrapper
[1.415s] Level 1:colcon.colcon_core.environment:checking '/home/nvidia/gestelt_ws/src/gestelt2/install/logger_wrapper' for CMake module files
[1.419s] Level 1:colcon.colcon_core.environment:checking '/home/nvidia/gestelt_ws/src/gestelt2/install/logger_wrapper' for CMake config files
[1.421s] Level 1:colcon.colcon_core.shell:create_environment_hook('logger_wrapper', 'cmake_prefix_path')
[1.421s] INFO:colcon.colcon_core.shell:Creating environment hook '/home/nvidia/gestelt_ws/src/gestelt2/install/logger_wrapper/share/logger_wrapper/hook/cmake_prefix_path.ps1'
[1.424s] INFO:colcon.colcon_core.shell:Creating environment descriptor '/home/nvidia/gestelt_ws/src/gestelt2/install/logger_wrapper/share/logger_wrapper/hook/cmake_prefix_path.dsv'
[1.425s] INFO:colcon.colcon_core.shell:Creating environment hook '/home/nvidia/gestelt_ws/src/gestelt2/install/logger_wrapper/share/logger_wrapper/hook/cmake_prefix_path.sh'
[1.431s] Level 1:colcon.colcon_core.environment:checking '/home/nvidia/gestelt_ws/src/gestelt2/install/logger_wrapper/lib'
[1.431s] Level 1:colcon.colcon_core.shell:create_environment_hook('logger_wrapper', 'ld_library_path_lib')
[1.432s] INFO:colcon.colcon_core.shell:Creating environment hook '/home/nvidia/gestelt_ws/src/gestelt2/install/logger_wrapper/share/logger_wrapper/hook/ld_library_path_lib.ps1'
[1.434s] INFO:colcon.colcon_core.shell:Creating environment descriptor '/home/nvidia/gestelt_ws/src/gestelt2/install/logger_wrapper/share/logger_wrapper/hook/ld_library_path_lib.dsv'
[1.436s] INFO:colcon.colcon_core.shell:Creating environment hook '/home/nvidia/gestelt_ws/src/gestelt2/install/logger_wrapper/share/logger_wrapper/hook/ld_library_path_lib.sh'
[1.438s] Level 1:colcon.colcon_core.environment:checking '/home/nvidia/gestelt_ws/src/gestelt2/install/logger_wrapper/bin'
[1.438s] Level 1:colcon.colcon_core.environment:checking '/home/nvidia/gestelt_ws/src/gestelt2/install/logger_wrapper/lib/pkgconfig/logger_wrapper.pc'
[1.439s] Level 1:colcon.colcon_core.environment:checking '/home/nvidia/gestelt_ws/src/gestelt2/install/logger_wrapper/lib/python3.10/site-packages'
[1.439s] Level 1:colcon.colcon_core.environment:checking '/home/nvidia/gestelt_ws/src/gestelt2/install/logger_wrapper/bin'
[1.440s] INFO:colcon.colcon_core.shell:Creating package script '/home/nvidia/gestelt_ws/src/gestelt2/install/logger_wrapper/share/logger_wrapper/package.ps1'
[1.446s] INFO:colcon.colcon_core.shell:Creating package descriptor '/home/nvidia/gestelt_ws/src/gestelt2/install/logger_wrapper/share/logger_wrapper/package.dsv'
[1.448s] INFO:colcon.colcon_core.shell:Creating package script '/home/nvidia/gestelt_ws/src/gestelt2/install/logger_wrapper/share/logger_wrapper/package.sh'
[1.450s] INFO:colcon.colcon_core.shell:Creating package script '/home/nvidia/gestelt_ws/src/gestelt2/install/logger_wrapper/share/logger_wrapper/package.bash'
[1.453s] INFO:colcon.colcon_core.shell:Creating package script '/home/nvidia/gestelt_ws/src/gestelt2/install/logger_wrapper/share/logger_wrapper/package.zsh'
[1.455s] Level 1:colcon.colcon_core.environment:create_file_with_runtime_dependencies(/home/nvidia/gestelt_ws/src/gestelt2/install/logger_wrapper/share/colcon-core/packages/logger_wrapper)
[1.457s] Level 1:colcon.colcon_core.environment:create_environment_scripts_only(logger_wrapper)
[1.458s] Level 1:colcon.colcon_core.environment:checking '/home/nvidia/gestelt_ws/src/gestelt2/install/logger_wrapper' for CMake module files
[1.460s] Level 1:colcon.colcon_core.environment:checking '/home/nvidia/gestelt_ws/src/gestelt2/install/logger_wrapper' for CMake config files
[1.461s] Level 1:colcon.colcon_core.shell:create_environment_hook('logger_wrapper', 'cmake_prefix_path')
[1.462s] INFO:colcon.colcon_core.shell:Creating environment hook '/home/nvidia/gestelt_ws/src/gestelt2/install/logger_wrapper/share/logger_wrapper/hook/cmake_prefix_path.ps1'
[1.463s] INFO:colcon.colcon_core.shell:Creating environment descriptor '/home/nvidia/gestelt_ws/src/gestelt2/install/logger_wrapper/share/logger_wrapper/hook/cmake_prefix_path.dsv'
[1.464s] INFO:colcon.colcon_core.shell:Creating environment hook '/home/nvidia/gestelt_ws/src/gestelt2/install/logger_wrapper/share/logger_wrapper/hook/cmake_prefix_path.sh'
[1.466s] Level 1:colcon.colcon_core.environment:checking '/home/nvidia/gestelt_ws/src/gestelt2/install/logger_wrapper/lib'
[1.468s] Level 1:colcon.colcon_core.shell:create_environment_hook('logger_wrapper', 'ld_library_path_lib')
[1.468s] INFO:colcon.colcon_core.shell:Creating environment hook '/home/nvidia/gestelt_ws/src/gestelt2/install/logger_wrapper/share/logger_wrapper/hook/ld_library_path_lib.ps1'
[1.470s] INFO:colcon.colcon_core.shell:Creating environment descriptor '/home/nvidia/gestelt_ws/src/gestelt2/install/logger_wrapper/share/logger_wrapper/hook/ld_library_path_lib.dsv'
[1.470s] INFO:colcon.colcon_core.shell:Creating environment hook '/home/nvidia/gestelt_ws/src/gestelt2/install/logger_wrapper/share/logger_wrapper/hook/ld_library_path_lib.sh'
[1.472s] Level 1:colcon.colcon_core.environment:checking '/home/nvidia/gestelt_ws/src/gestelt2/install/logger_wrapper/bin'
[1.472s] Level 1:colcon.colcon_core.environment:checking '/home/nvidia/gestelt_ws/src/gestelt2/install/logger_wrapper/lib/pkgconfig/logger_wrapper.pc'
[1.472s] Level 1:colcon.colcon_core.environment:checking '/home/nvidia/gestelt_ws/src/gestelt2/install/logger_wrapper/lib/python3.10/site-packages'
[1.473s] Level 1:colcon.colcon_core.environment:checking '/home/nvidia/gestelt_ws/src/gestelt2/install/logger_wrapper/bin'
[1.474s] INFO:colcon.colcon_core.shell:Creating package script '/home/nvidia/gestelt_ws/src/gestelt2/install/logger_wrapper/share/logger_wrapper/package.ps1'
[1.476s] INFO:colcon.colcon_core.shell:Creating package descriptor '/home/nvidia/gestelt_ws/src/gestelt2/install/logger_wrapper/share/logger_wrapper/package.dsv'
[1.478s] INFO:colcon.colcon_core.shell:Creating package script '/home/nvidia/gestelt_ws/src/gestelt2/install/logger_wrapper/share/logger_wrapper/package.sh'
[1.479s] INFO:colcon.colcon_core.shell:Creating package script '/home/nvidia/gestelt_ws/src/gestelt2/install/logger_wrapper/share/logger_wrapper/package.bash'
[1.481s] INFO:colcon.colcon_core.shell:Creating package script '/home/nvidia/gestelt_ws/src/gestelt2/install/logger_wrapper/share/logger_wrapper/package.zsh'
[1.482s] Level 1:colcon.colcon_core.environment:create_file_with_runtime_dependencies(/home/nvidia/gestelt_ws/src/gestelt2/install/logger_wrapper/share/colcon-core/packages/logger_wrapper)
[1.484s] INFO:colcon.colcon_ros.task.ament_python.build:Building ROS package in '/home/nvidia/gestelt_ws/src/gestelt2/gestelt_commander' with build type 'ament_python'
[1.485s] Level 1:colcon.colcon_core.shell:create_environment_hook('gestelt_commander', 'ament_prefix_path')
[1.486s] INFO:colcon.colcon_core.shell:Creating environment hook '/home/nvidia/gestelt_ws/src/gestelt2/install/gestelt_commander/share/gestelt_commander/hook/ament_prefix_path.ps1'
[1.488s] INFO:colcon.colcon_core.shell:Creating environment descriptor '/home/nvidia/gestelt_ws/src/gestelt2/install/gestelt_commander/share/gestelt_commander/hook/ament_prefix_path.dsv'
[1.489s] INFO:colcon.colcon_core.shell:Creating environment hook '/home/nvidia/gestelt_ws/src/gestelt2/install/gestelt_commander/share/gestelt_commander/hook/ament_prefix_path.sh'
[1.491s] INFO:colcon.colcon_core.shell:Skip shell extension 'powershell' for command environment: Not usable outside of PowerShell
[1.494s] DEBUG:colcon.colcon_core.shell:Skip shell extension 'dsv' for command environment
[1.513s] Level 1:colcon.colcon_core.environment:create_environment_scripts_only(ikd_tree)
[1.514s] Level 1:colcon.colcon_core.environment:checking '/home/nvidia/gestelt_ws/src/gestelt2/install/ikd_tree' for CMake module files
[1.516s] Level 1:colcon.colcon_core.environment:checking '/home/nvidia/gestelt_ws/src/gestelt2/install/ikd_tree' for CMake config files
[1.516s] Level 1:colcon.colcon_core.shell:create_environment_hook('ikd_tree', 'cmake_prefix_path')
[1.517s] INFO:colcon.colcon_core.shell:Creating environment hook '/home/nvidia/gestelt_ws/src/gestelt2/install/ikd_tree/share/ikd_tree/hook/cmake_prefix_path.ps1'
[1.519s] INFO:colcon.colcon_core.shell:Creating environment descriptor '/home/nvidia/gestelt_ws/src/gestelt2/install/ikd_tree/share/ikd_tree/hook/cmake_prefix_path.dsv'
[1.523s] INFO:colcon.colcon_core.shell:Creating environment hook '/home/nvidia/gestelt_ws/src/gestelt2/install/ikd_tree/share/ikd_tree/hook/cmake_prefix_path.sh'
[1.526s] Level 1:colcon.colcon_core.environment:checking '/home/nvidia/gestelt_ws/src/gestelt2/install/ikd_tree/lib'
[1.526s] Level 1:colcon.colcon_core.shell:create_environment_hook('ikd_tree', 'ld_library_path_lib')
[1.527s] INFO:colcon.colcon_core.shell:Creating environment hook '/home/nvidia/gestelt_ws/src/gestelt2/install/ikd_tree/share/ikd_tree/hook/ld_library_path_lib.ps1'
[1.528s] DEBUG:colcon.colcon_core.event_handler.log_command:Invoked command in '/home/nvidia/gestelt_ws/src/gestelt2/build/ikd_tree' returned '0': CMAKE_PREFIX_PATH=${CMAKE_PREFIX_PATH}:/home/nvidia/gestelt_ws/install/gestelt_commander:/home/nvidia/tl_vision2/install/vision:/home/nvidia/bridge_ws/install/vilota_bridge:/opt/ros/humble /usr/bin/cmake --install /home/nvidia/gestelt_ws/src/gestelt2/build/ikd_tree
[1.529s] INFO:colcon.colcon_core.shell:Creating environment descriptor '/home/nvidia/gestelt_ws/src/gestelt2/install/ikd_tree/share/ikd_tree/hook/ld_library_path_lib.dsv'
[1.530s] INFO:colcon.colcon_core.shell:Creating environment hook '/home/nvidia/gestelt_ws/src/gestelt2/install/ikd_tree/share/ikd_tree/hook/ld_library_path_lib.sh'
[1.531s] Level 1:colcon.colcon_core.environment:checking '/home/nvidia/gestelt_ws/src/gestelt2/install/ikd_tree/bin'
[1.531s] Level 1:colcon.colcon_core.environment:checking '/home/nvidia/gestelt_ws/src/gestelt2/install/ikd_tree/lib/pkgconfig/ikd_tree.pc'
[1.532s] Level 1:colcon.colcon_core.environment:checking '/home/nvidia/gestelt_ws/src/gestelt2/install/ikd_tree/lib/python3.10/site-packages'
[1.532s] Level 1:colcon.colcon_core.environment:checking '/home/nvidia/gestelt_ws/src/gestelt2/install/ikd_tree/bin'
[1.533s] INFO:colcon.colcon_core.shell:Creating package script '/home/nvidia/gestelt_ws/src/gestelt2/install/ikd_tree/share/ikd_tree/package.ps1'
[1.534s] INFO:colcon.colcon_core.shell:Creating package descriptor '/home/nvidia/gestelt_ws/src/gestelt2/install/ikd_tree/share/ikd_tree/package.dsv'
[1.535s] INFO:colcon.colcon_core.shell:Creating package script '/home/nvidia/gestelt_ws/src/gestelt2/install/ikd_tree/share/ikd_tree/package.sh'
[1.536s] INFO:colcon.colcon_core.shell:Creating package script '/home/nvidia/gestelt_ws/src/gestelt2/install/ikd_tree/share/ikd_tree/package.bash'
[1.537s] INFO:colcon.colcon_core.shell:Creating package script '/home/nvidia/gestelt_ws/src/gestelt2/install/ikd_tree/share/ikd_tree/package.zsh'
[1.538s] Level 1:colcon.colcon_core.environment:create_file_with_runtime_dependencies(/home/nvidia/gestelt_ws/src/gestelt2/install/ikd_tree/share/colcon-core/packages/ikd_tree)
[1.540s] Level 1:colcon.colcon_core.environment:create_environment_scripts_only(ikd_tree)
[1.541s] Level 1:colcon.colcon_core.environment:checking '/home/nvidia/gestelt_ws/src/gestelt2/install/ikd_tree' for CMake module files
[1.542s] Level 1:colcon.colcon_core.environment:checking '/home/nvidia/gestelt_ws/src/gestelt2/install/ikd_tree' for CMake config files
[1.543s] Level 1:colcon.colcon_core.shell:create_environment_hook('ikd_tree', 'cmake_prefix_path')
[1.543s] INFO:colcon.colcon_core.shell:Creating environment hook '/home/nvidia/gestelt_ws/src/gestelt2/install/ikd_tree/share/ikd_tree/hook/cmake_prefix_path.ps1'
[1.544s] INFO:colcon.colcon_core.shell:Creating environment descriptor '/home/nvidia/gestelt_ws/src/gestelt2/install/ikd_tree/share/ikd_tree/hook/cmake_prefix_path.dsv'
[1.545s] INFO:colcon.colcon_core.shell:Creating environment hook '/home/nvidia/gestelt_ws/src/gestelt2/install/ikd_tree/share/ikd_tree/hook/cmake_prefix_path.sh'
[1.546s] Level 1:colcon.colcon_core.environment:checking '/home/nvidia/gestelt_ws/src/gestelt2/install/ikd_tree/lib'
[1.547s] Level 1:colcon.colcon_core.shell:create_environment_hook('ikd_tree', 'ld_library_path_lib')
[1.547s] INFO:colcon.colcon_core.shell:Creating environment hook '/home/nvidia/gestelt_ws/src/gestelt2/install/ikd_tree/share/ikd_tree/hook/ld_library_path_lib.ps1'
[1.548s] INFO:colcon.colcon_core.shell:Creating environment descriptor '/home/nvidia/gestelt_ws/src/gestelt2/install/ikd_tree/share/ikd_tree/hook/ld_library_path_lib.dsv'
[1.549s] INFO:colcon.colcon_core.shell:Creating environment hook '/home/nvidia/gestelt_ws/src/gestelt2/install/ikd_tree/share/ikd_tree/hook/ld_library_path_lib.sh'
[1.550s] Level 1:colcon.colcon_core.environment:checking '/home/nvidia/gestelt_ws/src/gestelt2/install/ikd_tree/bin'
[1.550s] Level 1:colcon.colcon_core.environment:checking '/home/nvidia/gestelt_ws/src/gestelt2/install/ikd_tree/lib/pkgconfig/ikd_tree.pc'
[1.550s] Level 1:colcon.colcon_core.environment:checking '/home/nvidia/gestelt_ws/src/gestelt2/install/ikd_tree/lib/python3.10/site-packages'
[1.551s] Level 1:colcon.colcon_core.environment:checking '/home/nvidia/gestelt_ws/src/gestelt2/install/ikd_tree/bin'
[1.552s] INFO:colcon.colcon_core.shell:Creating package script '/home/nvidia/gestelt_ws/src/gestelt2/install/ikd_tree/share/ikd_tree/package.ps1'
[1.553s] INFO:colcon.colcon_core.shell:Creating package descriptor '/home/nvidia/gestelt_ws/src/gestelt2/install/ikd_tree/share/ikd_tree/package.dsv'
[1.554s] INFO:colcon.colcon_core.shell:Creating package script '/home/nvidia/gestelt_ws/src/gestelt2/install/ikd_tree/share/ikd_tree/package.sh'
[1.557s] INFO:colcon.colcon_core.shell:Creating package script '/home/nvidia/gestelt_ws/src/gestelt2/install/ikd_tree/share/ikd_tree/package.bash'
[1.558s] INFO:colcon.colcon_core.shell:Creating package script '/home/nvidia/gestelt_ws/src/gestelt2/install/ikd_tree/share/ikd_tree/package.zsh'
[1.559s] Level 1:colcon.colcon_core.environment:create_file_with_runtime_dependencies(/home/nvidia/gestelt_ws/src/gestelt2/install/ikd_tree/share/colcon-core/packages/ikd_tree)
[1.562s] DEBUG:colcon.colcon_core.event_handler.log_command:Invoked command in '/home/nvidia/gestelt_ws/src/gestelt2/build/fake_map' returned '0': CMAKE_PREFIX_PATH=${CMAKE_PREFIX_PATH}:/home/nvidia/gestelt_ws/install/gestelt_commander:/home/nvidia/tl_vision2/install/vision:/home/nvidia/bridge_ws/install/vilota_bridge:/opt/ros/humble /usr/bin/cmake --build /home/nvidia/gestelt_ws/src/gestelt2/build/fake_map -- -j8 -l8
[1.566s] DEBUG:colcon.colcon_core.event_handler.log_command:Invoking command in '/home/nvidia/gestelt_ws/src/gestelt2/build/fake_map': CMAKE_PREFIX_PATH=${CMAKE_PREFIX_PATH}:/home/nvidia/gestelt_ws/install/gestelt_commander:/home/nvidia/tl_vision2/install/vision:/home/nvidia/bridge_ws/install/vilota_bridge:/opt/ros/humble /usr/bin/cmake --install /home/nvidia/gestelt_ws/src/gestelt2/build/fake_map
[1.568s] Level 1:colcon.colcon_core.environment:create_environment_scripts_only(decomp_util)
[1.569s] DEBUG:colcon.colcon_core.event_handler.log_command:Invoked command in '/home/nvidia/gestelt_ws/src/gestelt2/build/decomp_util' returned '0': CMAKE_PREFIX_PATH=${CMAKE_PREFIX_PATH}:/home/nvidia/gestelt_ws/install/gestelt_commander:/home/nvidia/tl_vision2/install/vision:/home/nvidia/bridge_ws/install/vilota_bridge:/opt/ros/humble /usr/bin/cmake --install /home/nvidia/gestelt_ws/src/gestelt2/build/decomp_util
[1.569s] Level 1:colcon.colcon_core.environment:checking '/home/nvidia/gestelt_ws/src/gestelt2/install/decomp_util' for CMake module files
[1.571s] Level 1:colcon.colcon_core.environment:checking '/home/nvidia/gestelt_ws/src/gestelt2/install/decomp_util' for CMake config files
[1.574s] Level 1:colcon.colcon_core.shell:create_environment_hook('decomp_util', 'cmake_prefix_path')
[1.577s] INFO:colcon.colcon_core.shell:Creating environment hook '/home/nvidia/gestelt_ws/src/gestelt2/install/decomp_util/share/decomp_util/hook/cmake_prefix_path.ps1'
[1.579s] INFO:colcon.colcon_core.shell:Creating environment descriptor '/home/nvidia/gestelt_ws/src/gestelt2/install/decomp_util/share/decomp_util/hook/cmake_prefix_path.dsv'
[1.580s] INFO:colcon.colcon_core.shell:Creating environment hook '/home/nvidia/gestelt_ws/src/gestelt2/install/decomp_util/share/decomp_util/hook/cmake_prefix_path.sh'
[1.582s] Level 1:colcon.colcon_core.environment:checking '/home/nvidia/gestelt_ws/src/gestelt2/install/decomp_util/lib'
[1.582s] Level 1:colcon.colcon_core.environment:checking '/home/nvidia/gestelt_ws/src/gestelt2/install/decomp_util/bin'
[1.582s] Level 1:colcon.colcon_core.environment:checking '/home/nvidia/gestelt_ws/src/gestelt2/install/decomp_util/lib/pkgconfig/decomp_util.pc'
[1.583s] Level 1:colcon.colcon_core.environment:checking '/home/nvidia/gestelt_ws/src/gestelt2/install/decomp_util/lib/python3.10/site-packages'
[1.583s] Level 1:colcon.colcon_core.environment:checking '/home/nvidia/gestelt_ws/src/gestelt2/install/decomp_util/bin'
[1.584s] INFO:colcon.colcon_core.shell:Creating package script '/home/nvidia/gestelt_ws/src/gestelt2/install/decomp_util/share/decomp_util/package.ps1'
[1.585s] INFO:colcon.colcon_core.shell:Creating package descriptor '/home/nvidia/gestelt_ws/src/gestelt2/install/decomp_util/share/decomp_util/package.dsv'
[1.586s] INFO:colcon.colcon_core.shell:Creating package script '/home/nvidia/gestelt_ws/src/gestelt2/install/decomp_util/share/decomp_util/package.sh'
[1.587s] INFO:colcon.colcon_core.shell:Creating package script '/home/nvidia/gestelt_ws/src/gestelt2/install/decomp_util/share/decomp_util/package.bash'
[1.588s] INFO:colcon.colcon_core.shell:Creating package script '/home/nvidia/gestelt_ws/src/gestelt2/install/decomp_util/share/decomp_util/package.zsh'
[1.589s] Level 1:colcon.colcon_core.environment:create_file_with_runtime_dependencies(/home/nvidia/gestelt_ws/src/gestelt2/install/decomp_util/share/colcon-core/packages/decomp_util)
[1.590s] Level 1:colcon.colcon_core.environment:create_environment_scripts_only(decomp_util)
[1.591s] Level 1:colcon.colcon_core.environment:checking '/home/nvidia/gestelt_ws/src/gestelt2/install/decomp_util' for CMake module files
[1.592s] Level 1:colcon.colcon_core.environment:checking '/home/nvidia/gestelt_ws/src/gestelt2/install/decomp_util' for CMake config files
[1.594s] Level 1:colcon.colcon_core.shell:create_environment_hook('decomp_util', 'cmake_prefix_path')
[1.594s] INFO:colcon.colcon_core.shell:Creating environment hook '/home/nvidia/gestelt_ws/src/gestelt2/install/decomp_util/share/decomp_util/hook/cmake_prefix_path.ps1'
[1.596s] INFO:colcon.colcon_core.shell:Creating environment descriptor '/home/nvidia/gestelt_ws/src/gestelt2/install/decomp_util/share/decomp_util/hook/cmake_prefix_path.dsv'
[1.597s] INFO:colcon.colcon_core.shell:Creating environment hook '/home/nvidia/gestelt_ws/src/gestelt2/install/decomp_util/share/decomp_util/hook/cmake_prefix_path.sh'
[1.598s] Level 1:colcon.colcon_core.environment:checking '/home/nvidia/gestelt_ws/src/gestelt2/install/decomp_util/lib'
[1.598s] Level 1:colcon.colcon_core.environment:checking '/home/nvidia/gestelt_ws/src/gestelt2/install/decomp_util/bin'
[1.598s] Level 1:colcon.colcon_core.environment:checking '/home/nvidia/gestelt_ws/src/gestelt2/install/decomp_util/lib/pkgconfig/decomp_util.pc'
[1.599s] Level 1:colcon.colcon_core.environment:checking '/home/nvidia/gestelt_ws/src/gestelt2/install/decomp_util/lib/python3.10/site-packages'
[1.599s] Level 1:colcon.colcon_core.environment:checking '/home/nvidia/gestelt_ws/src/gestelt2/install/decomp_util/bin'
[1.600s] INFO:colcon.colcon_core.shell:Creating package script '/home/nvidia/gestelt_ws/src/gestelt2/install/decomp_util/share/decomp_util/package.ps1'
[1.602s] INFO:colcon.colcon_core.shell:Creating package descriptor '/home/nvidia/gestelt_ws/src/gestelt2/install/decomp_util/share/decomp_util/package.dsv'
[1.603s] INFO:colcon.colcon_core.shell:Creating package script '/home/nvidia/gestelt_ws/src/gestelt2/install/decomp_util/share/decomp_util/package.sh'
[1.604s] INFO:colcon.colcon_core.shell:Creating package script '/home/nvidia/gestelt_ws/src/gestelt2/install/decomp_util/share/decomp_util/package.bash'
[1.605s] INFO:colcon.colcon_core.shell:Creating package script '/home/nvidia/gestelt_ws/src/gestelt2/install/decomp_util/share/decomp_util/package.zsh'
[1.606s] Level 1:colcon.colcon_core.environment:create_file_with_runtime_dependencies(/home/nvidia/gestelt_ws/src/gestelt2/install/decomp_util/share/colcon-core/packages/decomp_util)
[1.608s] Level 1:colcon.colcon_core.environment:create_environment_scripts_only(bonxai)
[1.609s] Level 1:colcon.colcon_core.environment:checking '/home/nvidia/gestelt_ws/src/gestelt2/install/bonxai' for CMake module files
[1.609s] DEBUG:colcon.colcon_core.event_handler.log_command:Invoked command in '/home/nvidia/gestelt_ws/src/gestelt2/build/bonxai' returned '0': CMAKE_PREFIX_PATH=${CMAKE_PREFIX_PATH}:/home/nvidia/gestelt_ws/install/gestelt_commander:/home/nvidia/tl_vision2/install/vision:/home/nvidia/bridge_ws/install/vilota_bridge:/opt/ros/humble /usr/bin/cmake --install /home/nvidia/gestelt_ws/src/gestelt2/build/bonxai
[1.612s] Level 1:colcon.colcon_core.environment:checking '/home/nvidia/gestelt_ws/src/gestelt2/install/bonxai' for CMake config files
[1.613s] Level 1:colcon.colcon_core.shell:create_environment_hook('bonxai', 'cmake_prefix_path')
[1.614s] INFO:colcon.colcon_core.shell:Creating environment hook '/home/nvidia/gestelt_ws/src/gestelt2/install/bonxai/share/bonxai/hook/cmake_prefix_path.ps1'
[1.615s] INFO:colcon.colcon_core.shell:Creating environment descriptor '/home/nvidia/gestelt_ws/src/gestelt2/install/bonxai/share/bonxai/hook/cmake_prefix_path.dsv'
[1.616s] INFO:colcon.colcon_core.shell:Creating environment hook '/home/nvidia/gestelt_ws/src/gestelt2/install/bonxai/share/bonxai/hook/cmake_prefix_path.sh'
[1.617s] Level 1:colcon.colcon_core.environment:checking '/home/nvidia/gestelt_ws/src/gestelt2/install/bonxai/lib'
[1.618s] Level 1:colcon.colcon_core.shell:create_environment_hook('bonxai', 'ld_library_path_lib')
[1.619s] INFO:colcon.colcon_core.shell:Creating environment hook '/home/nvidia/gestelt_ws/src/gestelt2/install/bonxai/share/bonxai/hook/ld_library_path_lib.ps1'
[1.621s] INFO:colcon.colcon_core.shell:Creating environment descriptor '/home/nvidia/gestelt_ws/src/gestelt2/install/bonxai/share/bonxai/hook/ld_library_path_lib.dsv'
[1.621s] INFO:colcon.colcon_core.shell:Creating environment hook '/home/nvidia/gestelt_ws/src/gestelt2/install/bonxai/share/bonxai/hook/ld_library_path_lib.sh'
[1.622s] Level 1:colcon.colcon_core.environment:checking '/home/nvidia/gestelt_ws/src/gestelt2/install/bonxai/bin'
[1.623s] Level 1:colcon.colcon_core.environment:checking '/home/nvidia/gestelt_ws/src/gestelt2/install/bonxai/lib/pkgconfig/bonxai.pc'
[1.624s] Level 1:colcon.colcon_core.environment:checking '/home/nvidia/gestelt_ws/src/gestelt2/install/bonxai/lib/python3.10/site-packages'
[1.624s] Level 1:colcon.colcon_core.environment:checking '/home/nvidia/gestelt_ws/src/gestelt2/install/bonxai/bin'
[1.625s] INFO:colcon.colcon_core.shell:Creating package script '/home/nvidia/gestelt_ws/src/gestelt2/install/bonxai/share/bonxai/package.ps1'
[1.627s] INFO:colcon.colcon_core.shell:Creating package descriptor '/home/nvidia/gestelt_ws/src/gestelt2/install/bonxai/share/bonxai/package.dsv'
[1.629s] INFO:colcon.colcon_core.shell:Creating package script '/home/nvidia/gestelt_ws/src/gestelt2/install/bonxai/share/bonxai/package.sh'
[1.630s] INFO:colcon.colcon_core.shell:Creating package script '/home/nvidia/gestelt_ws/src/gestelt2/install/bonxai/share/bonxai/package.bash'
[1.631s] INFO:colcon.colcon_core.shell:Creating package script '/home/nvidia/gestelt_ws/src/gestelt2/install/bonxai/share/bonxai/package.zsh'
[1.632s] Level 1:colcon.colcon_core.environment:create_file_with_runtime_dependencies(/home/nvidia/gestelt_ws/src/gestelt2/install/bonxai/share/colcon-core/packages/bonxai)
[1.635s] Level 1:colcon.colcon_core.environment:create_environment_scripts_only(bonxai)
[1.636s] Level 1:colcon.colcon_core.environment:checking '/home/nvidia/gestelt_ws/src/gestelt2/install/bonxai' for CMake module files
[1.637s] Level 1:colcon.colcon_core.environment:checking '/home/nvidia/gestelt_ws/src/gestelt2/install/bonxai' for CMake config files
[1.638s] Level 1:colcon.colcon_core.shell:create_environment_hook('bonxai', 'cmake_prefix_path')
[1.638s] INFO:colcon.colcon_core.shell:Creating environment hook '/home/nvidia/gestelt_ws/src/gestelt2/install/bonxai/share/bonxai/hook/cmake_prefix_path.ps1'
[1.639s] INFO:colcon.colcon_core.shell:Creating environment descriptor '/home/nvidia/gestelt_ws/src/gestelt2/install/bonxai/share/bonxai/hook/cmake_prefix_path.dsv'
[1.641s] INFO:colcon.colcon_core.shell:Creating environment hook '/home/nvidia/gestelt_ws/src/gestelt2/install/bonxai/share/bonxai/hook/cmake_prefix_path.sh'
[1.644s] Level 1:colcon.colcon_core.environment:checking '/home/nvidia/gestelt_ws/src/gestelt2/install/bonxai/lib'
[1.645s] Level 1:colcon.colcon_core.shell:create_environment_hook('bonxai', 'ld_library_path_lib')
[1.645s] INFO:colcon.colcon_core.shell:Creating environment hook '/home/nvidia/gestelt_ws/src/gestelt2/install/bonxai/share/bonxai/hook/ld_library_path_lib.ps1'
[1.646s] INFO:colcon.colcon_core.shell:Creating environment descriptor '/home/nvidia/gestelt_ws/src/gestelt2/install/bonxai/share/bonxai/hook/ld_library_path_lib.dsv'
[1.647s] INFO:colcon.colcon_core.shell:Creating environment hook '/home/nvidia/gestelt_ws/src/gestelt2/install/bonxai/share/bonxai/hook/ld_library_path_lib.sh'
[1.648s] Level 1:colcon.colcon_core.environment:checking '/home/nvidia/gestelt_ws/src/gestelt2/install/bonxai/bin'
[1.648s] Level 1:colcon.colcon_core.environment:checking '/home/nvidia/gestelt_ws/src/gestelt2/install/bonxai/lib/pkgconfig/bonxai.pc'
[1.649s] Level 1:colcon.colcon_core.environment:checking '/home/nvidia/gestelt_ws/src/gestelt2/install/bonxai/lib/python3.10/site-packages'
[1.649s] Level 1:colcon.colcon_core.environment:checking '/home/nvidia/gestelt_ws/src/gestelt2/install/bonxai/bin'
[1.650s] INFO:colcon.colcon_core.shell:Creating package script '/home/nvidia/gestelt_ws/src/gestelt2/install/bonxai/share/bonxai/package.ps1'
[1.653s] INFO:colcon.colcon_core.shell:Creating package descriptor '/home/nvidia/gestelt_ws/src/gestelt2/install/bonxai/share/bonxai/package.dsv'
[1.654s] INFO:colcon.colcon_core.shell:Creating package script '/home/nvidia/gestelt_ws/src/gestelt2/install/bonxai/share/bonxai/package.sh'
[1.655s] INFO:colcon.colcon_core.shell:Creating package script '/home/nvidia/gestelt_ws/src/gestelt2/install/bonxai/share/bonxai/package.bash'
[1.656s] INFO:colcon.colcon_core.shell:Creating package script '/home/nvidia/gestelt_ws/src/gestelt2/install/bonxai/share/bonxai/package.zsh'
[1.658s] Level 1:colcon.colcon_core.environment:create_file_with_runtime_dependencies(/home/nvidia/gestelt_ws/src/gestelt2/install/bonxai/share/colcon-core/packages/bonxai)
[1.661s] INFO:colcon.colcon_ros.task.ament_cmake.build:Building ROS package in '/home/nvidia/gestelt_ws/src/gestelt2/occ_map' with build type 'ament_cmake'
[1.665s] INFO:colcon.colcon_cmake.task.cmake.build:Building CMake package in '/home/nvidia/gestelt_ws/src/gestelt2/occ_map'
[1.666s] INFO:colcon.colcon_core.shell:Skip shell extension 'powershell' for command environment: Not usable outside of PowerShell
[1.666s] DEBUG:colcon.colcon_core.shell:Skip shell extension 'dsv' for command environment
[2.368s] INFO:colcon.colcon_core.task.python.build:Building Python package in '/home/nvidia/gestelt_ws/src/gestelt2/gestelt_commander'
[2.369s] INFO:colcon.colcon_core.shell:Skip shell extension 'powershell' for command environment: Not usable outside of PowerShell
[2.370s] DEBUG:colcon.colcon_core.shell:Skip shell extension 'dsv' for command environment
[2.388s] DEBUG:colcon.colcon_core.event_handler.log_command:Invoked command in '/home/nvidia/gestelt_ws/src/gestelt2/build/fake_sensor' returned '0': CMAKE_PREFIX_PATH=${CMAKE_PREFIX_PATH}:/home/nvidia/gestelt_ws/install/gestelt_commander:/home/nvidia/tl_vision2/install/vision:/home/nvidia/bridge_ws/install/vilota_bridge:/opt/ros/humble /usr/bin/cmake --build /home/nvidia/gestelt_ws/src/gestelt2/build/fake_sensor -- -j8 -l8
[2.393s] DEBUG:colcon.colcon_core.event_handler.log_command:Invoking command in '/home/nvidia/gestelt_ws/src/gestelt2/build/fake_sensor': CMAKE_PREFIX_PATH=${CMAKE_PREFIX_PATH}:/home/nvidia/gestelt_ws/install/gestelt_commander:/home/nvidia/tl_vision2/install/vision:/home/nvidia/bridge_ws/install/vilota_bridge:/opt/ros/humble /usr/bin/cmake --install /home/nvidia/gestelt_ws/src/gestelt2/build/fake_sensor
[2.396s] Level 1:colcon.colcon_core.environment:create_environment_scripts_only(fake_map)
[2.398s] Level 1:colcon.colcon_core.environment:checking '/home/nvidia/gestelt_ws/src/gestelt2/install/fake_map' for CMake module files
[2.399s] DEBUG:colcon.colcon_core.event_handler.log_command:Invoked command in '/home/nvidia/gestelt_ws/src/gestelt2/build/fake_map' returned '0': CMAKE_PREFIX_PATH=${CMAKE_PREFIX_PATH}:/home/nvidia/gestelt_ws/install/gestelt_commander:/home/nvidia/tl_vision2/install/vision:/home/nvidia/bridge_ws/install/vilota_bridge:/opt/ros/humble /usr/bin/cmake --install /home/nvidia/gestelt_ws/src/gestelt2/build/fake_map
[2.400s] Level 1:colcon.colcon_core.environment:checking '/home/nvidia/gestelt_ws/src/gestelt2/install/fake_map' for CMake config files
[2.400s] Level 1:colcon.colcon_core.shell:create_environment_hook('fake_map', 'cmake_prefix_path')
[2.401s] INFO:colcon.colcon_core.shell:Creating environment hook '/home/nvidia/gestelt_ws/src/gestelt2/install/fake_map/share/fake_map/hook/cmake_prefix_path.ps1'
[2.402s] INFO:colcon.colcon_core.shell:Creating environment descriptor '/home/nvidia/gestelt_ws/src/gestelt2/install/fake_map/share/fake_map/hook/cmake_prefix_path.dsv'
[2.403s] INFO:colcon.colcon_core.shell:Creating environment hook '/home/nvidia/gestelt_ws/src/gestelt2/install/fake_map/share/fake_map/hook/cmake_prefix_path.sh'
[2.404s] Level 1:colcon.colcon_core.environment:checking '/home/nvidia/gestelt_ws/src/gestelt2/install/fake_map/lib'
[2.405s] Level 1:colcon.colcon_core.environment:checking '/home/nvidia/gestelt_ws/src/gestelt2/install/fake_map/bin'
[2.405s] Level 1:colcon.colcon_core.environment:checking '/home/nvidia/gestelt_ws/src/gestelt2/install/fake_map/lib/pkgconfig/fake_map.pc'
[2.405s] Level 1:colcon.colcon_core.environment:checking '/home/nvidia/gestelt_ws/src/gestelt2/install/fake_map/lib/python3.10/site-packages'
[2.406s] Level 1:colcon.colcon_core.environment:checking '/home/nvidia/gestelt_ws/src/gestelt2/install/fake_map/bin'
[2.406s] INFO:colcon.colcon_core.shell:Creating package script '/home/nvidia/gestelt_ws/src/gestelt2/install/fake_map/share/fake_map/package.ps1'
[2.407s] INFO:colcon.colcon_core.shell:Creating package descriptor '/home/nvidia/gestelt_ws/src/gestelt2/install/fake_map/share/fake_map/package.dsv'
[2.408s] INFO:colcon.colcon_core.shell:Creating package script '/home/nvidia/gestelt_ws/src/gestelt2/install/fake_map/share/fake_map/package.sh'
[2.409s] INFO:colcon.colcon_core.shell:Creating package script '/home/nvidia/gestelt_ws/src/gestelt2/install/fake_map/share/fake_map/package.bash'
[2.410s] INFO:colcon.colcon_core.shell:Creating package script '/home/nvidia/gestelt_ws/src/gestelt2/install/fake_map/share/fake_map/package.zsh'
[2.412s] Level 1:colcon.colcon_core.environment:create_file_with_runtime_dependencies(/home/nvidia/gestelt_ws/src/gestelt2/install/fake_map/share/colcon-core/packages/fake_map)
[2.415s] Level 1:colcon.colcon_core.environment:create_environment_scripts_only(fake_map)
[2.416s] Level 1:colcon.colcon_core.environment:checking '/home/nvidia/gestelt_ws/src/gestelt2/install/fake_map' for CMake module files
[2.419s] Level 1:colcon.colcon_core.environment:checking '/home/nvidia/gestelt_ws/src/gestelt2/install/fake_map' for CMake config files
[2.420s] Level 1:colcon.colcon_core.shell:create_environment_hook('fake_map', 'cmake_prefix_path')
[2.421s] INFO:colcon.colcon_core.shell:Creating environment hook '/home/nvidia/gestelt_ws/src/gestelt2/install/fake_map/share/fake_map/hook/cmake_prefix_path.ps1'
[2.422s] INFO:colcon.colcon_core.shell:Creating environment descriptor '/home/nvidia/gestelt_ws/src/gestelt2/install/fake_map/share/fake_map/hook/cmake_prefix_path.dsv'
[2.423s] INFO:colcon.colcon_core.shell:Creating environment hook '/home/nvidia/gestelt_ws/src/gestelt2/install/fake_map/share/fake_map/hook/cmake_prefix_path.sh'
[2.424s] Level 1:colcon.colcon_core.environment:checking '/home/nvidia/gestelt_ws/src/gestelt2/install/fake_map/lib'
[2.424s] Level 1:colcon.colcon_core.environment:checking '/home/nvidia/gestelt_ws/src/gestelt2/install/fake_map/bin'
[2.425s] Level 1:colcon.colcon_core.environment:checking '/home/nvidia/gestelt_ws/src/gestelt2/install/fake_map/lib/pkgconfig/fake_map.pc'
[2.425s] Level 1:colcon.colcon_core.environment:checking '/home/nvidia/gestelt_ws/src/gestelt2/install/fake_map/lib/python3.10/site-packages'
[2.426s] Level 1:colcon.colcon_core.environment:checking '/home/nvidia/gestelt_ws/src/gestelt2/install/fake_map/bin'
[2.427s] INFO:colcon.colcon_core.shell:Creating package script '/home/nvidia/gestelt_ws/src/gestelt2/install/fake_map/share/fake_map/package.ps1'
[2.428s] INFO:colcon.colcon_core.shell:Creating package descriptor '/home/nvidia/gestelt_ws/src/gestelt2/install/fake_map/share/fake_map/package.dsv'
[2.430s] INFO:colcon.colcon_core.shell:Creating package script '/home/nvidia/gestelt_ws/src/gestelt2/install/fake_map/share/fake_map/package.sh'
[2.431s] INFO:colcon.colcon_core.shell:Creating package script '/home/nvidia/gestelt_ws/src/gestelt2/install/fake_map/share/fake_map/package.bash'
[2.432s] INFO:colcon.colcon_core.shell:Creating package script '/home/nvidia/gestelt_ws/src/gestelt2/install/fake_map/share/fake_map/package.zsh'
[2.433s] Level 1:colcon.colcon_core.environment:create_file_with_runtime_dependencies(/home/nvidia/gestelt_ws/src/gestelt2/install/fake_map/share/colcon-core/packages/fake_map)
[2.439s] DEBUG:colcon.colcon_core.event_handler.log_command:Invoked command in '/home/nvidia/gestelt_ws/src/gestelt2/build/decomp_ros_msgs' returned '0': CMAKE_PREFIX_PATH=${CMAKE_PREFIX_PATH}:/home/nvidia/gestelt_ws/install/gestelt_commander:/home/nvidia/tl_vision2/install/vision:/home/nvidia/bridge_ws/install/vilota_bridge:/opt/ros/humble /usr/bin/cmake --build /home/nvidia/gestelt_ws/src/gestelt2/build/decomp_ros_msgs -- -j8 -l8
[2.441s] DEBUG:colcon.colcon_core.event_handler.log_command:Invoking command in '/home/nvidia/gestelt_ws/src/gestelt2/build/decomp_ros_msgs': CMAKE_PREFIX_PATH=${CMAKE_PREFIX_PATH}:/home/nvidia/gestelt_ws/install/gestelt_commander:/home/nvidia/tl_vision2/install/vision:/home/nvidia/bridge_ws/install/vilota_bridge:/opt/ros/humble /usr/bin/cmake --install /home/nvidia/gestelt_ws/src/gestelt2/build/decomp_ros_msgs
[2.442s] DEBUG:colcon.colcon_core.event_handler.log_command:Invoked command in '/home/nvidia/gestelt_ws/src/gestelt2/build/gestelt_interfaces' returned '0': CMAKE_PREFIX_PATH=${CMAKE_PREFIX_PATH}:/home/nvidia/gestelt_ws/install/gestelt_commander:/home/nvidia/tl_vision2/install/vision:/home/nvidia/bridge_ws/install/vilota_bridge:/opt/ros/humble /usr/bin/cmake --build /home/nvidia/gestelt_ws/src/gestelt2/build/gestelt_interfaces -- -j8 -l8
[2.447s] DEBUG:colcon.colcon_core.event_handler.log_command:Invoking command in '/home/nvidia/gestelt_ws/src/gestelt2/build/gestelt_interfaces': CMAKE_PREFIX_PATH=${CMAKE_PREFIX_PATH}:/home/nvidia/gestelt_ws/install/gestelt_commander:/home/nvidia/tl_vision2/install/vision:/home/nvidia/bridge_ws/install/vilota_bridge:/opt/ros/humble /usr/bin/cmake --install /home/nvidia/gestelt_ws/src/gestelt2/build/gestelt_interfaces
[2.464s] DEBUG:colcon.colcon_core.event_handler.log_command:Invoking command in '/home/nvidia/gestelt_ws/src/gestelt2/build/occ_map': AMENT_PREFIX_PATH=/home/nvidia/gestelt_ws/src/gestelt2/install/logger_wrapper:/home/nvidia/gestelt_ws/src/gestelt2/install/ikd_tree:/home/nvidia/gestelt_ws/src/gestelt2/install/bonxai:${AMENT_PREFIX_PATH} CMAKE_PREFIX_PATH=/home/nvidia/gestelt_ws/src/gestelt2/install/logger_wrapper:/home/nvidia/gestelt_ws/src/gestelt2/install/ikd_tree:/home/nvidia/gestelt_ws/src/gestelt2/install/bonxai:/home/nvidia/gestelt_ws/install/gestelt_bringup:/home/nvidia/gestelt_ws/install/trajectory_server:/home/nvidia/gestelt_ws/install/linear_mpc_controller:/home/nvidia/gestelt_ws/install/gestelt_planner:/home/nvidia/gestelt_ws/install/gestelt_controller:/home/nvidia/gestelt_ws/install/astar_planner:/home/nvidia/gestelt_ws/install/gestelt_core:/home/nvidia/gestelt_ws/install/occ_map:/home/nvidia/gestelt_ws/install/logger_wrapper:/home/nvidia/gestelt_ws/install/ikd_tree:/home/nvidia/gestelt_ws/install/gestelt_interfaces:/home/nvidia/gestelt_ws/install/fake_sensor:/home/nvidia/gestelt_ws/install/fake_map:/home/nvidia/gestelt_ws/install/decomp_ros_utils:/home/nvidia/gestelt_ws/install/decomp_util:/home/nvidia/gestelt_ws/install/decomp_ros_msgs:/home/nvidia/gestelt_ws/install/bonxai:/home/nvidia/tl_vision2/install/vrpn_mocap:/home/nvidia/tl_vision2/install/px4_msgs:/home/nvidia/bridge_ws/install/depth2pcl:/home/nvidia/gestelt_ws/install/gestelt_commander:/home/nvidia/tl_vision2/install/vision:/home/nvidia/bridge_ws/install/vilota_bridge:/opt/ros/humble LD_LIBRARY_PATH=/home/nvidia/gestelt_ws/src/gestelt2/install/logger_wrapper/lib:/home/nvidia/gestelt_ws/src/gestelt2/install/ikd_tree/lib:/home/nvidia/gestelt_ws/src/gestelt2/install/bonxai/lib:${LD_LIBRARY_PATH} /usr/bin/cmake --build /home/nvidia/gestelt_ws/src/gestelt2/build/occ_map -- -j8 -l8
[2.478s] Level 1:colcon.colcon_core.environment:create_environment_scripts_only(fake_sensor)
[2.479s] Level 1:colcon.colcon_core.environment:checking '/home/nvidia/gestelt_ws/src/gestelt2/install/fake_sensor' for CMake module files
[2.480s] Level 1:colcon.colcon_core.environment:checking '/home/nvidia/gestelt_ws/src/gestelt2/install/fake_sensor' for CMake config files
[2.481s] Level 1:colcon.colcon_core.shell:create_environment_hook('fake_sensor', 'cmake_prefix_path')
[2.481s] INFO:colcon.colcon_core.shell:Creating environment hook '/home/nvidia/gestelt_ws/src/gestelt2/install/fake_sensor/share/fake_sensor/hook/cmake_prefix_path.ps1'
[2.485s] INFO:colcon.colcon_core.shell:Creating environment descriptor '/home/nvidia/gestelt_ws/src/gestelt2/install/fake_sensor/share/fake_sensor/hook/cmake_prefix_path.dsv'
[2.486s] INFO:colcon.colcon_core.shell:Creating environment hook '/home/nvidia/gestelt_ws/src/gestelt2/install/fake_sensor/share/fake_sensor/hook/cmake_prefix_path.sh'
[2.493s] Level 1:colcon.colcon_core.environment:checking '/home/nvidia/gestelt_ws/src/gestelt2/install/fake_sensor/lib'
[2.493s] Level 1:colcon.colcon_core.environment:checking '/home/nvidia/gestelt_ws/src/gestelt2/install/fake_sensor/bin'
[2.494s] Level 1:colcon.colcon_core.environment:checking '/home/nvidia/gestelt_ws/src/gestelt2/install/fake_sensor/lib/pkgconfig/fake_sensor.pc'
[2.494s] Level 1:colcon.colcon_core.environment:checking '/home/nvidia/gestelt_ws/src/gestelt2/install/fake_sensor/lib/python3.10/site-packages'
[2.498s] Level 1:colcon.colcon_core.environment:checking '/home/nvidia/gestelt_ws/src/gestelt2/install/fake_sensor/bin'
[2.499s] INFO:colcon.colcon_core.shell:Creating package script '/home/nvidia/gestelt_ws/src/gestelt2/install/fake_sensor/share/fake_sensor/package.ps1'
[2.503s] INFO:colcon.colcon_core.shell:Creating package descriptor '/home/nvidia/gestelt_ws/src/gestelt2/install/fake_sensor/share/fake_sensor/package.dsv'
[2.505s] INFO:colcon.colcon_core.shell:Creating package script '/home/nvidia/gestelt_ws/src/gestelt2/install/fake_sensor/share/fake_sensor/package.sh'
[2.507s] INFO:colcon.colcon_core.shell:Creating package script '/home/nvidia/gestelt_ws/src/gestelt2/install/fake_sensor/share/fake_sensor/package.bash'
[2.509s] INFO:colcon.colcon_core.shell:Creating package script '/home/nvidia/gestelt_ws/src/gestelt2/install/fake_sensor/share/fake_sensor/package.zsh'
[2.511s] Level 1:colcon.colcon_core.environment:create_file_with_runtime_dependencies(/home/nvidia/gestelt_ws/src/gestelt2/install/fake_sensor/share/colcon-core/packages/fake_sensor)
[2.514s] Level 1:colcon.colcon_core.environment:create_environment_scripts_only(fake_sensor)
[2.514s] Level 1:colcon.colcon_core.environment:checking '/home/nvidia/gestelt_ws/src/gestelt2/install/fake_sensor' for CMake module files
[2.518s] Level 1:colcon.colcon_core.environment:checking '/home/nvidia/gestelt_ws/src/gestelt2/install/fake_sensor' for CMake config files
[2.520s] Level 1:colcon.colcon_core.shell:create_environment_hook('fake_sensor', 'cmake_prefix_path')
[2.521s] INFO:colcon.colcon_core.shell:Creating environment hook '/home/nvidia/gestelt_ws/src/gestelt2/install/fake_sensor/share/fake_sensor/hook/cmake_prefix_path.ps1'
[2.523s] INFO:colcon.colcon_core.shell:Creating environment descriptor '/home/nvidia/gestelt_ws/src/gestelt2/install/fake_sensor/share/fake_sensor/hook/cmake_prefix_path.dsv'
[2.525s] INFO:colcon.colcon_core.shell:Creating environment hook '/home/nvidia/gestelt_ws/src/gestelt2/install/fake_sensor/share/fake_sensor/hook/cmake_prefix_path.sh'
[2.528s] Level 1:colcon.colcon_core.environment:checking '/home/nvidia/gestelt_ws/src/gestelt2/install/fake_sensor/lib'
[2.528s] DEBUG:colcon.colcon_core.event_handler.log_command:Invoked command in '/home/nvidia/gestelt_ws/src/gestelt2/build/fake_sensor' returned '0': CMAKE_PREFIX_PATH=${CMAKE_PREFIX_PATH}:/home/nvidia/gestelt_ws/install/gestelt_commander:/home/nvidia/tl_vision2/install/vision:/home/nvidia/bridge_ws/install/vilota_bridge:/opt/ros/humble /usr/bin/cmake --install /home/nvidia/gestelt_ws/src/gestelt2/build/fake_sensor
[2.529s] Level 1:colcon.colcon_core.environment:checking '/home/nvidia/gestelt_ws/src/gestelt2/install/fake_sensor/bin'
[2.529s] Level 1:colcon.colcon_core.environment:checking '/home/nvidia/gestelt_ws/src/gestelt2/install/fake_sensor/lib/pkgconfig/fake_sensor.pc'
[2.529s] Level 1:colcon.colcon_core.environment:checking '/home/nvidia/gestelt_ws/src/gestelt2/install/fake_sensor/lib/python3.10/site-packages'
[2.530s] Level 1:colcon.colcon_core.environment:checking '/home/nvidia/gestelt_ws/src/gestelt2/install/fake_sensor/bin'
[2.532s] INFO:colcon.colcon_core.shell:Creating package script '/home/nvidia/gestelt_ws/src/gestelt2/install/fake_sensor/share/fake_sensor/package.ps1'
[2.534s] INFO:colcon.colcon_core.shell:Creating package descriptor '/home/nvidia/gestelt_ws/src/gestelt2/install/fake_sensor/share/fake_sensor/package.dsv'
[2.535s] INFO:colcon.colcon_core.shell:Creating package script '/home/nvidia/gestelt_ws/src/gestelt2/install/fake_sensor/share/fake_sensor/package.sh'
[2.537s] INFO:colcon.colcon_core.shell:Creating package script '/home/nvidia/gestelt_ws/src/gestelt2/install/fake_sensor/share/fake_sensor/package.bash'
[2.538s] INFO:colcon.colcon_core.shell:Creating package script '/home/nvidia/gestelt_ws/src/gestelt2/install/fake_sensor/share/fake_sensor/package.zsh'
[2.539s] Level 1:colcon.colcon_core.environment:create_file_with_runtime_dependencies(/home/nvidia/gestelt_ws/src/gestelt2/install/fake_sensor/share/colcon-core/packages/fake_sensor)
[2.647s] Level 1:colcon.colcon_core.environment:create_environment_scripts_only(decomp_ros_msgs)
[2.648s] Level 1:colcon.colcon_core.environment:checking '/home/nvidia/gestelt_ws/src/gestelt2/install/decomp_ros_msgs' for CMake module files
[2.649s] DEBUG:colcon.colcon_core.event_handler.log_command:Invoked command in '/home/nvidia/gestelt_ws/src/gestelt2/build/decomp_ros_msgs' returned '0': CMAKE_PREFIX_PATH=${CMAKE_PREFIX_PATH}:/home/nvidia/gestelt_ws/install/gestelt_commander:/home/nvidia/tl_vision2/install/vision:/home/nvidia/bridge_ws/install/vilota_bridge:/opt/ros/humble /usr/bin/cmake --install /home/nvidia/gestelt_ws/src/gestelt2/build/decomp_ros_msgs
[2.650s] Level 1:colcon.colcon_core.environment:checking '/home/nvidia/gestelt_ws/src/gestelt2/install/decomp_ros_msgs' for CMake config files
[2.656s] Level 1:colcon.colcon_core.shell:create_environment_hook('decomp_ros_msgs', 'cmake_prefix_path')
[2.657s] INFO:colcon.colcon_core.shell:Creating environment hook '/home/nvidia/gestelt_ws/src/gestelt2/install/decomp_ros_msgs/share/decomp_ros_msgs/hook/cmake_prefix_path.ps1'
[2.659s] INFO:colcon.colcon_core.shell:Creating environment descriptor '/home/nvidia/gestelt_ws/src/gestelt2/install/decomp_ros_msgs/share/decomp_ros_msgs/hook/cmake_prefix_path.dsv'
[2.660s] INFO:colcon.colcon_core.shell:Creating environment hook '/home/nvidia/gestelt_ws/src/gestelt2/install/decomp_ros_msgs/share/decomp_ros_msgs/hook/cmake_prefix_path.sh'
[2.662s] Level 1:colcon.colcon_core.environment:checking '/home/nvidia/gestelt_ws/src/gestelt2/install/decomp_ros_msgs/lib'
[2.663s] Level 1:colcon.colcon_core.shell:create_environment_hook('decomp_ros_msgs', 'ld_library_path_lib')
[2.663s] INFO:colcon.colcon_core.shell:Creating environment hook '/home/nvidia/gestelt_ws/src/gestelt2/install/decomp_ros_msgs/share/decomp_ros_msgs/hook/ld_library_path_lib.ps1'
[2.664s] INFO:colcon.colcon_core.shell:Creating environment descriptor '/home/nvidia/gestelt_ws/src/gestelt2/install/decomp_ros_msgs/share/decomp_ros_msgs/hook/ld_library_path_lib.dsv'
[2.665s] INFO:colcon.colcon_core.shell:Creating environment hook '/home/nvidia/gestelt_ws/src/gestelt2/install/decomp_ros_msgs/share/decomp_ros_msgs/hook/ld_library_path_lib.sh'
[2.666s] Level 1:colcon.colcon_core.environment:checking '/home/nvidia/gestelt_ws/src/gestelt2/install/decomp_ros_msgs/bin'
[2.666s] Level 1:colcon.colcon_core.environment:checking '/home/nvidia/gestelt_ws/src/gestelt2/install/decomp_ros_msgs/lib/pkgconfig/decomp_ros_msgs.pc'
[2.666s] Level 1:colcon.colcon_core.environment:checking '/home/nvidia/gestelt_ws/src/gestelt2/install/decomp_ros_msgs/lib/python3.10/site-packages'
[2.667s] Level 1:colcon.colcon_core.environment:checking '/home/nvidia/gestelt_ws/src/gestelt2/install/decomp_ros_msgs/bin'
[2.668s] INFO:colcon.colcon_core.shell:Creating package script '/home/nvidia/gestelt_ws/src/gestelt2/install/decomp_ros_msgs/share/decomp_ros_msgs/package.ps1'
[2.669s] INFO:colcon.colcon_core.shell:Creating package descriptor '/home/nvidia/gestelt_ws/src/gestelt2/install/decomp_ros_msgs/share/decomp_ros_msgs/package.dsv'
[2.670s] INFO:colcon.colcon_core.shell:Creating package script '/home/nvidia/gestelt_ws/src/gestelt2/install/decomp_ros_msgs/share/decomp_ros_msgs/package.sh'
[2.671s] INFO:colcon.colcon_core.shell:Creating package script '/home/nvidia/gestelt_ws/src/gestelt2/install/decomp_ros_msgs/share/decomp_ros_msgs/package.bash'
[2.672s] INFO:colcon.colcon_core.shell:Creating package script '/home/nvidia/gestelt_ws/src/gestelt2/install/decomp_ros_msgs/share/decomp_ros_msgs/package.zsh'
[2.673s] Level 1:colcon.colcon_core.environment:create_file_with_runtime_dependencies(/home/nvidia/gestelt_ws/src/gestelt2/install/decomp_ros_msgs/share/colcon-core/packages/decomp_ros_msgs)
[2.675s] Level 1:colcon.colcon_core.environment:create_environment_scripts_only(decomp_ros_msgs)
[2.675s] Level 1:colcon.colcon_core.environment:checking '/home/nvidia/gestelt_ws/src/gestelt2/install/decomp_ros_msgs' for CMake module files
[2.677s] Level 1:colcon.colcon_core.environment:checking '/home/nvidia/gestelt_ws/src/gestelt2/install/decomp_ros_msgs' for CMake config files
[2.680s] Level 1:colcon.colcon_core.shell:create_environment_hook('decomp_ros_msgs', 'cmake_prefix_path')
[2.680s] INFO:colcon.colcon_core.shell:Creating environment hook '/home/nvidia/gestelt_ws/src/gestelt2/install/decomp_ros_msgs/share/decomp_ros_msgs/hook/cmake_prefix_path.ps1'
[2.682s] INFO:colcon.colcon_core.shell:Creating environment descriptor '/home/nvidia/gestelt_ws/src/gestelt2/install/decomp_ros_msgs/share/decomp_ros_msgs/hook/cmake_prefix_path.dsv'
[2.682s] INFO:colcon.colcon_core.shell:Creating environment hook '/home/nvidia/gestelt_ws/src/gestelt2/install/decomp_ros_msgs/share/decomp_ros_msgs/hook/cmake_prefix_path.sh'
[2.684s] Level 1:colcon.colcon_core.environment:checking '/home/nvidia/gestelt_ws/src/gestelt2/install/decomp_ros_msgs/lib'
[2.684s] Level 1:colcon.colcon_core.shell:create_environment_hook('decomp_ros_msgs', 'ld_library_path_lib')
[2.684s] INFO:colcon.colcon_core.shell:Creating environment hook '/home/nvidia/gestelt_ws/src/gestelt2/install/decomp_ros_msgs/share/decomp_ros_msgs/hook/ld_library_path_lib.ps1'
[2.686s] INFO:colcon.colcon_core.shell:Creating environment descriptor '/home/nvidia/gestelt_ws/src/gestelt2/install/decomp_ros_msgs/share/decomp_ros_msgs/hook/ld_library_path_lib.dsv'
[2.686s] INFO:colcon.colcon_core.shell:Creating environment hook '/home/nvidia/gestelt_ws/src/gestelt2/install/decomp_ros_msgs/share/decomp_ros_msgs/hook/ld_library_path_lib.sh'
[2.687s] Level 1:colcon.colcon_core.environment:checking '/home/nvidia/gestelt_ws/src/gestelt2/install/decomp_ros_msgs/bin'
[2.687s] Level 1:colcon.colcon_core.environment:checking '/home/nvidia/gestelt_ws/src/gestelt2/install/decomp_ros_msgs/lib/pkgconfig/decomp_ros_msgs.pc'
[2.688s] Level 1:colcon.colcon_core.environment:checking '/home/nvidia/gestelt_ws/src/gestelt2/install/decomp_ros_msgs/lib/python3.10/site-packages'
[2.688s] Level 1:colcon.colcon_core.environment:checking '/home/nvidia/gestelt_ws/src/gestelt2/install/decomp_ros_msgs/bin'
[2.689s] INFO:colcon.colcon_core.shell:Creating package script '/home/nvidia/gestelt_ws/src/gestelt2/install/decomp_ros_msgs/share/decomp_ros_msgs/package.ps1'
[2.690s] INFO:colcon.colcon_core.shell:Creating package descriptor '/home/nvidia/gestelt_ws/src/gestelt2/install/decomp_ros_msgs/share/decomp_ros_msgs/package.dsv'
[2.691s] INFO:colcon.colcon_core.shell:Creating package script '/home/nvidia/gestelt_ws/src/gestelt2/install/decomp_ros_msgs/share/decomp_ros_msgs/package.sh'
[2.692s] INFO:colcon.colcon_core.shell:Creating package script '/home/nvidia/gestelt_ws/src/gestelt2/install/decomp_ros_msgs/share/decomp_ros_msgs/package.bash'
[2.693s] INFO:colcon.colcon_core.shell:Creating package script '/home/nvidia/gestelt_ws/src/gestelt2/install/decomp_ros_msgs/share/decomp_ros_msgs/package.zsh'
[2.694s] Level 1:colcon.colcon_core.environment:create_file_with_runtime_dependencies(/home/nvidia/gestelt_ws/src/gestelt2/install/decomp_ros_msgs/share/colcon-core/packages/decomp_ros_msgs)
[2.695s] INFO:colcon.colcon_ros.task.ament_cmake.build:Building ROS package in '/home/nvidia/gestelt_ws/src/gestelt2/third_party/decomp_ros/decomp_ros_utils' with build type 'ament_cmake'
[2.696s] INFO:colcon.colcon_cmake.task.cmake.build:Building CMake package in '/home/nvidia/gestelt_ws/src/gestelt2/third_party/decomp_ros/decomp_ros_utils'
[2.696s] INFO:colcon.colcon_core.shell:Skip shell extension 'powershell' for command environment: Not usable outside of PowerShell
[2.696s] DEBUG:colcon.colcon_core.shell:Skip shell extension 'dsv' for command environment
[2.712s] DEBUG:colcon.colcon_core.event_handler.log_command:Invoked command in '/home/nvidia/gestelt_ws/src/gestelt2/build/occ_map' returned '0': AMENT_PREFIX_PATH=/home/nvidia/gestelt_ws/src/gestelt2/install/logger_wrapper:/home/nvidia/gestelt_ws/src/gestelt2/install/ikd_tree:/home/nvidia/gestelt_ws/src/gestelt2/install/bonxai:${AMENT_PREFIX_PATH} CMAKE_PREFIX_PATH=/home/nvidia/gestelt_ws/src/gestelt2/install/logger_wrapper:/home/nvidia/gestelt_ws/src/gestelt2/install/ikd_tree:/home/nvidia/gestelt_ws/src/gestelt2/install/bonxai:/home/nvidia/gestelt_ws/install/gestelt_bringup:/home/nvidia/gestelt_ws/install/trajectory_server:/home/nvidia/gestelt_ws/install/linear_mpc_controller:/home/nvidia/gestelt_ws/install/gestelt_planner:/home/nvidia/gestelt_ws/install/gestelt_controller:/home/nvidia/gestelt_ws/install/astar_planner:/home/nvidia/gestelt_ws/install/gestelt_core:/home/nvidia/gestelt_ws/install/occ_map:/home/nvidia/gestelt_ws/install/logger_wrapper:/home/nvidia/gestelt_ws/install/ikd_tree:/home/nvidia/gestelt_ws/install/gestelt_interfaces:/home/nvidia/gestelt_ws/install/fake_sensor:/home/nvidia/gestelt_ws/install/fake_map:/home/nvidia/gestelt_ws/install/decomp_ros_utils:/home/nvidia/gestelt_ws/install/decomp_util:/home/nvidia/gestelt_ws/install/decomp_ros_msgs:/home/nvidia/gestelt_ws/install/bonxai:/home/nvidia/tl_vision2/install/vrpn_mocap:/home/nvidia/tl_vision2/install/px4_msgs:/home/nvidia/bridge_ws/install/depth2pcl:/home/nvidia/gestelt_ws/install/gestelt_commander:/home/nvidia/tl_vision2/install/vision:/home/nvidia/bridge_ws/install/vilota_bridge:/opt/ros/humble LD_LIBRARY_PATH=/home/nvidia/gestelt_ws/src/gestelt2/install/logger_wrapper/lib:/home/nvidia/gestelt_ws/src/gestelt2/install/ikd_tree/lib:/home/nvidia/gestelt_ws/src/gestelt2/install/bonxai/lib:${LD_LIBRARY_PATH} /usr/bin/cmake --build /home/nvidia/gestelt_ws/src/gestelt2/build/occ_map -- -j8 -l8
[2.715s] DEBUG:colcon.colcon_core.event_handler.log_command:Invoking command in '/home/nvidia/gestelt_ws/src/gestelt2/build/occ_map': AMENT_PREFIX_PATH=/home/nvidia/gestelt_ws/src/gestelt2/install/logger_wrapper:/home/nvidia/gestelt_ws/src/gestelt2/install/ikd_tree:/home/nvidia/gestelt_ws/src/gestelt2/install/bonxai:${AMENT_PREFIX_PATH} CMAKE_PREFIX_PATH=/home/nvidia/gestelt_ws/src/gestelt2/install/logger_wrapper:/home/nvidia/gestelt_ws/src/gestelt2/install/ikd_tree:/home/nvidia/gestelt_ws/src/gestelt2/install/bonxai:/home/nvidia/gestelt_ws/install/gestelt_bringup:/home/nvidia/gestelt_ws/install/trajectory_server:/home/nvidia/gestelt_ws/install/linear_mpc_controller:/home/nvidia/gestelt_ws/install/gestelt_planner:/home/nvidia/gestelt_ws/install/gestelt_controller:/home/nvidia/gestelt_ws/install/astar_planner:/home/nvidia/gestelt_ws/install/gestelt_core:/home/nvidia/gestelt_ws/install/occ_map:/home/nvidia/gestelt_ws/install/logger_wrapper:/home/nvidia/gestelt_ws/install/ikd_tree:/home/nvidia/gestelt_ws/install/gestelt_interfaces:/home/nvidia/gestelt_ws/install/fake_sensor:/home/nvidia/gestelt_ws/install/fake_map:/home/nvidia/gestelt_ws/install/decomp_ros_utils:/home/nvidia/gestelt_ws/install/decomp_util:/home/nvidia/gestelt_ws/install/decomp_ros_msgs:/home/nvidia/gestelt_ws/install/bonxai:/home/nvidia/tl_vision2/install/vrpn_mocap:/home/nvidia/tl_vision2/install/px4_msgs:/home/nvidia/bridge_ws/install/depth2pcl:/home/nvidia/gestelt_ws/install/gestelt_commander:/home/nvidia/tl_vision2/install/vision:/home/nvidia/bridge_ws/install/vilota_bridge:/opt/ros/humble LD_LIBRARY_PATH=/home/nvidia/gestelt_ws/src/gestelt2/install/logger_wrapper/lib:/home/nvidia/gestelt_ws/src/gestelt2/install/ikd_tree/lib:/home/nvidia/gestelt_ws/src/gestelt2/install/bonxai/lib:${LD_LIBRARY_PATH} /usr/bin/cmake --install /home/nvidia/gestelt_ws/src/gestelt2/build/occ_map
[2.716s] Level 1:colcon.colcon_core.environment:create_environment_scripts_only(gestelt_interfaces)
[2.717s] Level 1:colcon.colcon_core.environment:checking '/home/nvidia/gestelt_ws/src/gestelt2/install/gestelt_interfaces' for CMake module files
[2.718s] Level 1:colcon.colcon_core.environment:checking '/home/nvidia/gestelt_ws/src/gestelt2/install/gestelt_interfaces' for CMake config files
[2.719s] DEBUG:colcon.colcon_core.event_handler.log_command:Invoked command in '/home/nvidia/gestelt_ws/src/gestelt2/build/gestelt_interfaces' returned '0': CMAKE_PREFIX_PATH=${CMAKE_PREFIX_PATH}:/home/nvidia/gestelt_ws/install/gestelt_commander:/home/nvidia/tl_vision2/install/vision:/home/nvidia/bridge_ws/install/vilota_bridge:/opt/ros/humble /usr/bin/cmake --install /home/nvidia/gestelt_ws/src/gestelt2/build/gestelt_interfaces
[2.723s] Level 1:colcon.colcon_core.shell:create_environment_hook('gestelt_interfaces', 'cmake_prefix_path')
[2.724s] INFO:colcon.colcon_core.shell:Creating environment hook '/home/nvidia/gestelt_ws/src/gestelt2/install/gestelt_interfaces/share/gestelt_interfaces/hook/cmake_prefix_path.ps1'
[2.726s] INFO:colcon.colcon_core.shell:Creating environment descriptor '/home/nvidia/gestelt_ws/src/gestelt2/install/gestelt_interfaces/share/gestelt_interfaces/hook/cmake_prefix_path.dsv'
[2.727s] INFO:colcon.colcon_core.shell:Creating environment hook '/home/nvidia/gestelt_ws/src/gestelt2/install/gestelt_interfaces/share/gestelt_interfaces/hook/cmake_prefix_path.sh'
[2.728s] Level 1:colcon.colcon_core.environment:checking '/home/nvidia/gestelt_ws/src/gestelt2/install/gestelt_interfaces/lib'
[2.728s] Level 1:colcon.colcon_core.shell:create_environment_hook('gestelt_interfaces', 'ld_library_path_lib')
[2.729s] INFO:colcon.colcon_core.shell:Creating environment hook '/home/nvidia/gestelt_ws/src/gestelt2/install/gestelt_interfaces/share/gestelt_interfaces/hook/ld_library_path_lib.ps1'
[2.730s] INFO:colcon.colcon_core.shell:Creating environment descriptor '/home/nvidia/gestelt_ws/src/gestelt2/install/gestelt_interfaces/share/gestelt_interfaces/hook/ld_library_path_lib.dsv'
[2.731s] INFO:colcon.colcon_core.shell:Creating environment hook '/home/nvidia/gestelt_ws/src/gestelt2/install/gestelt_interfaces/share/gestelt_interfaces/hook/ld_library_path_lib.sh'
[2.732s] Level 1:colcon.colcon_core.environment:checking '/home/nvidia/gestelt_ws/src/gestelt2/install/gestelt_interfaces/bin'
[2.732s] Level 1:colcon.colcon_core.environment:checking '/home/nvidia/gestelt_ws/src/gestelt2/install/gestelt_interfaces/lib/pkgconfig/gestelt_interfaces.pc'
[2.732s] Level 1:colcon.colcon_core.environment:checking '/home/nvidia/gestelt_ws/src/gestelt2/install/gestelt_interfaces/lib/python3.10/site-packages'
[2.733s] Level 1:colcon.colcon_core.environment:checking '/home/nvidia/gestelt_ws/src/gestelt2/install/gestelt_interfaces/bin'
[2.736s] INFO:colcon.colcon_core.shell:Creating package script '/home/nvidia/gestelt_ws/src/gestelt2/install/gestelt_interfaces/share/gestelt_interfaces/package.ps1'
[2.737s] INFO:colcon.colcon_core.shell:Creating package descriptor '/home/nvidia/gestelt_ws/src/gestelt2/install/gestelt_interfaces/share/gestelt_interfaces/package.dsv'
[2.740s] INFO:colcon.colcon_core.shell:Creating package script '/home/nvidia/gestelt_ws/src/gestelt2/install/gestelt_interfaces/share/gestelt_interfaces/package.sh'
[2.742s] INFO:colcon.colcon_core.shell:Creating package script '/home/nvidia/gestelt_ws/src/gestelt2/install/gestelt_interfaces/share/gestelt_interfaces/package.bash'
[2.743s] INFO:colcon.colcon_core.shell:Creating package script '/home/nvidia/gestelt_ws/src/gestelt2/install/gestelt_interfaces/share/gestelt_interfaces/package.zsh'
[2.744s] Level 1:colcon.colcon_core.environment:create_file_with_runtime_dependencies(/home/nvidia/gestelt_ws/src/gestelt2/install/gestelt_interfaces/share/colcon-core/packages/gestelt_interfaces)
[2.745s] Level 1:colcon.colcon_core.environment:create_environment_scripts_only(gestelt_interfaces)
[2.746s] Level 1:colcon.colcon_core.environment:checking '/home/nvidia/gestelt_ws/src/gestelt2/install/gestelt_interfaces' for CMake module files
[2.747s] Level 1:colcon.colcon_core.environment:checking '/home/nvidia/gestelt_ws/src/gestelt2/install/gestelt_interfaces' for CMake config files
[2.751s] Level 1:colcon.colcon_core.shell:create_environment_hook('gestelt_interfaces', 'cmake_prefix_path')
[2.751s] INFO:colcon.colcon_core.shell:Creating environment hook '/home/nvidia/gestelt_ws/src/gestelt2/install/gestelt_interfaces/share/gestelt_interfaces/hook/cmake_prefix_path.ps1'
[2.752s] INFO:colcon.colcon_core.shell:Creating environment descriptor '/home/nvidia/gestelt_ws/src/gestelt2/install/gestelt_interfaces/share/gestelt_interfaces/hook/cmake_prefix_path.dsv'
[2.753s] INFO:colcon.colcon_core.shell:Creating environment hook '/home/nvidia/gestelt_ws/src/gestelt2/install/gestelt_interfaces/share/gestelt_interfaces/hook/cmake_prefix_path.sh'
[2.754s] Level 1:colcon.colcon_core.environment:checking '/home/nvidia/gestelt_ws/src/gestelt2/install/gestelt_interfaces/lib'
[2.755s] Level 1:colcon.colcon_core.shell:create_environment_hook('gestelt_interfaces', 'ld_library_path_lib')
[2.755s] INFO:colcon.colcon_core.shell:Creating environment hook '/home/nvidia/gestelt_ws/src/gestelt2/install/gestelt_interfaces/share/gestelt_interfaces/hook/ld_library_path_lib.ps1'
[2.756s] INFO:colcon.colcon_core.shell:Creating environment descriptor '/home/nvidia/gestelt_ws/src/gestelt2/install/gestelt_interfaces/share/gestelt_interfaces/hook/ld_library_path_lib.dsv'
[2.757s] INFO:colcon.colcon_core.shell:Creating environment hook '/home/nvidia/gestelt_ws/src/gestelt2/install/gestelt_interfaces/share/gestelt_interfaces/hook/ld_library_path_lib.sh'
[2.758s] Level 1:colcon.colcon_core.environment:checking '/home/nvidia/gestelt_ws/src/gestelt2/install/gestelt_interfaces/bin'
[2.758s] Level 1:colcon.colcon_core.environment:checking '/home/nvidia/gestelt_ws/src/gestelt2/install/gestelt_interfaces/lib/pkgconfig/gestelt_interfaces.pc'
[2.758s] Level 1:colcon.colcon_core.environment:checking '/home/nvidia/gestelt_ws/src/gestelt2/install/gestelt_interfaces/lib/python3.10/site-packages'
[2.759s] Level 1:colcon.colcon_core.environment:checking '/home/nvidia/gestelt_ws/src/gestelt2/install/gestelt_interfaces/bin'
[2.759s] INFO:colcon.colcon_core.shell:Creating package script '/home/nvidia/gestelt_ws/src/gestelt2/install/gestelt_interfaces/share/gestelt_interfaces/package.ps1'
[2.761s] INFO:colcon.colcon_core.shell:Creating package descriptor '/home/nvidia/gestelt_ws/src/gestelt2/install/gestelt_interfaces/share/gestelt_interfaces/package.dsv'
[2.762s] INFO:colcon.colcon_core.shell:Creating package script '/home/nvidia/gestelt_ws/src/gestelt2/install/gestelt_interfaces/share/gestelt_interfaces/package.sh'
[2.763s] INFO:colcon.colcon_core.shell:Creating package script '/home/nvidia/gestelt_ws/src/gestelt2/install/gestelt_interfaces/share/gestelt_interfaces/package.bash'
[2.764s] INFO:colcon.colcon_core.shell:Creating package script '/home/nvidia/gestelt_ws/src/gestelt2/install/gestelt_interfaces/share/gestelt_interfaces/package.zsh'
[2.765s] Level 1:colcon.colcon_core.environment:create_file_with_runtime_dependencies(/home/nvidia/gestelt_ws/src/gestelt2/install/gestelt_interfaces/share/colcon-core/packages/gestelt_interfaces)
[2.767s] INFO:colcon.colcon_ros.task.ament_cmake.build:Building ROS package in '/home/nvidia/gestelt_ws/src/gestelt2/trajectory_server' with build type 'ament_cmake'
[2.768s] INFO:colcon.colcon_cmake.task.cmake.build:Building CMake package in '/home/nvidia/gestelt_ws/src/gestelt2/trajectory_server'
[2.769s] INFO:colcon.colcon_core.shell:Skip shell extension 'powershell' for command environment: Not usable outside of PowerShell
[2.769s] DEBUG:colcon.colcon_core.shell:Skip shell extension 'dsv' for command environment
[2.800s] Level 1:colcon.colcon_core.environment:create_environment_scripts_only(occ_map)
[2.801s] Level 1:colcon.colcon_core.environment:checking '/home/nvidia/gestelt_ws/src/gestelt2/install/occ_map' for CMake module files
[2.802s] DEBUG:colcon.colcon_core.event_handler.log_command:Invoking command in '/home/nvidia/gestelt_ws/src/gestelt2/build/decomp_ros_utils': AMENT_PREFIX_PATH=/home/nvidia/gestelt_ws/src/gestelt2/install/decomp_util:/home/nvidia/gestelt_ws/src/gestelt2/install/decomp_ros_msgs:${AMENT_PREFIX_PATH} CMAKE_PREFIX_PATH=/home/nvidia/gestelt_ws/src/gestelt2/install/decomp_util:/home/nvidia/gestelt_ws/src/gestelt2/install/decomp_ros_msgs:/home/nvidia/gestelt_ws/install/gestelt_bringup:/home/nvidia/gestelt_ws/install/trajectory_server:/home/nvidia/gestelt_ws/install/linear_mpc_controller:/home/nvidia/gestelt_ws/install/gestelt_planner:/home/nvidia/gestelt_ws/install/gestelt_controller:/home/nvidia/gestelt_ws/install/astar_planner:/home/nvidia/gestelt_ws/install/gestelt_core:/home/nvidia/gestelt_ws/install/occ_map:/home/nvidia/gestelt_ws/install/logger_wrapper:/home/nvidia/gestelt_ws/install/ikd_tree:/home/nvidia/gestelt_ws/install/gestelt_interfaces:/home/nvidia/gestelt_ws/install/fake_sensor:/home/nvidia/gestelt_ws/install/fake_map:/home/nvidia/gestelt_ws/install/decomp_ros_utils:/home/nvidia/gestelt_ws/install/decomp_util:/home/nvidia/gestelt_ws/install/decomp_ros_msgs:/home/nvidia/gestelt_ws/install/bonxai:/home/nvidia/tl_vision2/install/vrpn_mocap:/home/nvidia/tl_vision2/install/px4_msgs:/home/nvidia/bridge_ws/install/depth2pcl:/home/nvidia/gestelt_ws/install/gestelt_commander:/home/nvidia/tl_vision2/install/vision:/home/nvidia/bridge_ws/install/vilota_bridge:/opt/ros/humble LD_LIBRARY_PATH=/home/nvidia/gestelt_ws/src/gestelt2/install/decomp_util/lib:/home/nvidia/gestelt_ws/src/gestelt2/install/decomp_ros_msgs/lib:${LD_LIBRARY_PATH} PYTHONPATH=/home/nvidia/gestelt_ws/src/gestelt2/install/decomp_ros_msgs/local/lib/python3.10/dist-packages:${PYTHONPATH} /usr/bin/cmake --build /home/nvidia/gestelt_ws/src/gestelt2/build/decomp_ros_utils -- -j8 -l8
[2.803s] Level 1:colcon.colcon_core.environment:checking '/home/nvidia/gestelt_ws/src/gestelt2/install/occ_map' for CMake config files
[2.804s] DEBUG:colcon.colcon_core.event_handler.log_command:Invoked command in '/home/nvidia/gestelt_ws/src/gestelt2/build/occ_map' returned '0': AMENT_PREFIX_PATH=/home/nvidia/gestelt_ws/src/gestelt2/install/logger_wrapper:/home/nvidia/gestelt_ws/src/gestelt2/install/ikd_tree:/home/nvidia/gestelt_ws/src/gestelt2/install/bonxai:${AMENT_PREFIX_PATH} CMAKE_PREFIX_PATH=/home/nvidia/gestelt_ws/src/gestelt2/install/logger_wrapper:/home/nvidia/gestelt_ws/src/gestelt2/install/ikd_tree:/home/nvidia/gestelt_ws/src/gestelt2/install/bonxai:/home/nvidia/gestelt_ws/install/gestelt_bringup:/home/nvidia/gestelt_ws/install/trajectory_server:/home/nvidia/gestelt_ws/install/linear_mpc_controller:/home/nvidia/gestelt_ws/install/gestelt_planner:/home/nvidia/gestelt_ws/install/gestelt_controller:/home/nvidia/gestelt_ws/install/astar_planner:/home/nvidia/gestelt_ws/install/gestelt_core:/home/nvidia/gestelt_ws/install/occ_map:/home/nvidia/gestelt_ws/install/logger_wrapper:/home/nvidia/gestelt_ws/install/ikd_tree:/home/nvidia/gestelt_ws/install/gestelt_interfaces:/home/nvidia/gestelt_ws/install/fake_sensor:/home/nvidia/gestelt_ws/install/fake_map:/home/nvidia/gestelt_ws/install/decomp_ros_utils:/home/nvidia/gestelt_ws/install/decomp_util:/home/nvidia/gestelt_ws/install/decomp_ros_msgs:/home/nvidia/gestelt_ws/install/bonxai:/home/nvidia/tl_vision2/install/vrpn_mocap:/home/nvidia/tl_vision2/install/px4_msgs:/home/nvidia/bridge_ws/install/depth2pcl:/home/nvidia/gestelt_ws/install/gestelt_commander:/home/nvidia/tl_vision2/install/vision:/home/nvidia/bridge_ws/install/vilota_bridge:/opt/ros/humble LD_LIBRARY_PATH=/home/nvidia/gestelt_ws/src/gestelt2/install/logger_wrapper/lib:/home/nvidia/gestelt_ws/src/gestelt2/install/ikd_tree/lib:/home/nvidia/gestelt_ws/src/gestelt2/install/bonxai/lib:${LD_LIBRARY_PATH} /usr/bin/cmake --install /home/nvidia/gestelt_ws/src/gestelt2/build/occ_map
[2.805s] Level 1:colcon.colcon_core.shell:create_environment_hook('occ_map', 'cmake_prefix_path')
[2.805s] INFO:colcon.colcon_core.shell:Creating environment hook '/home/nvidia/gestelt_ws/src/gestelt2/install/occ_map/share/occ_map/hook/cmake_prefix_path.ps1'
[2.807s] INFO:colcon.colcon_core.shell:Creating environment descriptor '/home/nvidia/gestelt_ws/src/gestelt2/install/occ_map/share/occ_map/hook/cmake_prefix_path.dsv'
[2.807s] INFO:colcon.colcon_core.shell:Creating environment hook '/home/nvidia/gestelt_ws/src/gestelt2/install/occ_map/share/occ_map/hook/cmake_prefix_path.sh'
[2.809s] Level 1:colcon.colcon_core.environment:checking '/home/nvidia/gestelt_ws/src/gestelt2/install/occ_map/lib'
[2.809s] Level 1:colcon.colcon_core.shell:create_environment_hook('occ_map', 'ld_library_path_lib')
[2.809s] INFO:colcon.colcon_core.shell:Creating environment hook '/home/nvidia/gestelt_ws/src/gestelt2/install/occ_map/share/occ_map/hook/ld_library_path_lib.ps1'
[2.810s] INFO:colcon.colcon_core.shell:Creating environment descriptor '/home/nvidia/gestelt_ws/src/gestelt2/install/occ_map/share/occ_map/hook/ld_library_path_lib.dsv'
[2.811s] INFO:colcon.colcon_core.shell:Creating environment hook '/home/nvidia/gestelt_ws/src/gestelt2/install/occ_map/share/occ_map/hook/ld_library_path_lib.sh'
[2.812s] Level 1:colcon.colcon_core.environment:checking '/home/nvidia/gestelt_ws/src/gestelt2/install/occ_map/bin'
[2.812s] Level 1:colcon.colcon_core.environment:checking '/home/nvidia/gestelt_ws/src/gestelt2/install/occ_map/lib/pkgconfig/occ_map.pc'
[2.812s] Level 1:colcon.colcon_core.environment:checking '/home/nvidia/gestelt_ws/src/gestelt2/install/occ_map/lib/python3.10/site-packages'
[2.813s] Level 1:colcon.colcon_core.environment:checking '/home/nvidia/gestelt_ws/src/gestelt2/install/occ_map/bin'
[2.814s] INFO:colcon.colcon_core.shell:Creating package script '/home/nvidia/gestelt_ws/src/gestelt2/install/occ_map/share/occ_map/package.ps1'
[2.815s] INFO:colcon.colcon_core.shell:Creating package descriptor '/home/nvidia/gestelt_ws/src/gestelt2/install/occ_map/share/occ_map/package.dsv'
[2.816s] INFO:colcon.colcon_core.shell:Creating package script '/home/nvidia/gestelt_ws/src/gestelt2/install/occ_map/share/occ_map/package.sh'
[2.817s] INFO:colcon.colcon_core.shell:Creating package script '/home/nvidia/gestelt_ws/src/gestelt2/install/occ_map/share/occ_map/package.bash'
[2.817s] INFO:colcon.colcon_core.shell:Creating package script '/home/nvidia/gestelt_ws/src/gestelt2/install/occ_map/share/occ_map/package.zsh'
[2.818s] Level 1:colcon.colcon_core.environment:create_file_with_runtime_dependencies(/home/nvidia/gestelt_ws/src/gestelt2/install/occ_map/share/colcon-core/packages/occ_map)
[2.819s] Level 1:colcon.colcon_core.environment:create_environment_scripts_only(occ_map)
[2.820s] Level 1:colcon.colcon_core.environment:checking '/home/nvidia/gestelt_ws/src/gestelt2/install/occ_map' for CMake module files
[2.821s] Level 1:colcon.colcon_core.environment:checking '/home/nvidia/gestelt_ws/src/gestelt2/install/occ_map' for CMake config files
[2.821s] Level 1:colcon.colcon_core.shell:create_environment_hook('occ_map', 'cmake_prefix_path')
[2.822s] INFO:colcon.colcon_core.shell:Creating environment hook '/home/nvidia/gestelt_ws/src/gestelt2/install/occ_map/share/occ_map/hook/cmake_prefix_path.ps1'
[2.823s] INFO:colcon.colcon_core.shell:Creating environment descriptor '/home/nvidia/gestelt_ws/src/gestelt2/install/occ_map/share/occ_map/hook/cmake_prefix_path.dsv'
[2.823s] INFO:colcon.colcon_core.shell:Creating environment hook '/home/nvidia/gestelt_ws/src/gestelt2/install/occ_map/share/occ_map/hook/cmake_prefix_path.sh'
[2.825s] Level 1:colcon.colcon_core.environment:checking '/home/nvidia/gestelt_ws/src/gestelt2/install/occ_map/lib'
[2.825s] Level 1:colcon.colcon_core.shell:create_environment_hook('occ_map', 'ld_library_path_lib')
[2.825s] INFO:colcon.colcon_core.shell:Creating environment hook '/home/nvidia/gestelt_ws/src/gestelt2/install/occ_map/share/occ_map/hook/ld_library_path_lib.ps1'
[2.826s] INFO:colcon.colcon_core.shell:Creating environment descriptor '/home/nvidia/gestelt_ws/src/gestelt2/install/occ_map/share/occ_map/hook/ld_library_path_lib.dsv'
[2.827s] INFO:colcon.colcon_core.shell:Creating environment hook '/home/nvidia/gestelt_ws/src/gestelt2/install/occ_map/share/occ_map/hook/ld_library_path_lib.sh'
[2.828s] Level 1:colcon.colcon_core.environment:checking '/home/nvidia/gestelt_ws/src/gestelt2/install/occ_map/bin'
[2.828s] Level 1:colcon.colcon_core.environment:checking '/home/nvidia/gestelt_ws/src/gestelt2/install/occ_map/lib/pkgconfig/occ_map.pc'
[2.828s] Level 1:colcon.colcon_core.environment:checking '/home/nvidia/gestelt_ws/src/gestelt2/install/occ_map/lib/python3.10/site-packages'
[2.829s] Level 1:colcon.colcon_core.environment:checking '/home/nvidia/gestelt_ws/src/gestelt2/install/occ_map/bin'
[2.829s] INFO:colcon.colcon_core.shell:Creating package script '/home/nvidia/gestelt_ws/src/gestelt2/install/occ_map/share/occ_map/package.ps1'
[2.830s] INFO:colcon.colcon_core.shell:Creating package descriptor '/home/nvidia/gestelt_ws/src/gestelt2/install/occ_map/share/occ_map/package.dsv'
[2.832s] INFO:colcon.colcon_core.shell:Creating package script '/home/nvidia/gestelt_ws/src/gestelt2/install/occ_map/share/occ_map/package.sh'
[2.833s] INFO:colcon.colcon_core.shell:Creating package script '/home/nvidia/gestelt_ws/src/gestelt2/install/occ_map/share/occ_map/package.bash'
[2.833s] INFO:colcon.colcon_core.shell:Creating package script '/home/nvidia/gestelt_ws/src/gestelt2/install/occ_map/share/occ_map/package.zsh'
[2.834s] Level 1:colcon.colcon_core.environment:create_file_with_runtime_dependencies(/home/nvidia/gestelt_ws/src/gestelt2/install/occ_map/share/colcon-core/packages/occ_map)
[2.836s] INFO:colcon.colcon_ros.task.ament_cmake.build:Building ROS package in '/home/nvidia/gestelt_ws/src/gestelt2/gestelt_core' with build type 'ament_cmake'
[2.836s] INFO:colcon.colcon_cmake.task.cmake.build:Building CMake package in '/home/nvidia/gestelt_ws/src/gestelt2/gestelt_core'
[2.837s] INFO:colcon.colcon_core.shell:Skip shell extension 'powershell' for command environment: Not usable outside of PowerShell
[2.837s] DEBUG:colcon.colcon_core.shell:Skip shell extension 'dsv' for command environment
[2.856s] DEBUG:colcon.colcon_core.event_handler.log_command:Invoking command in '/home/nvidia/gestelt_ws/src/gestelt2/build/trajectory_server': AMENT_PREFIX_PATH=/home/nvidia/gestelt_ws/src/gestelt2/install/logger_wrapper:/home/nvidia/gestelt_ws/src/gestelt2/install/gestelt_interfaces:${AMENT_PREFIX_PATH} CMAKE_PREFIX_PATH=/home/nvidia/gestelt_ws/src/gestelt2/install/logger_wrapper:/home/nvidia/gestelt_ws/src/gestelt2/install/gestelt_interfaces:/home/nvidia/gestelt_ws/install/gestelt_bringup:/home/nvidia/gestelt_ws/install/trajectory_server:/home/nvidia/gestelt_ws/install/linear_mpc_controller:/home/nvidia/gestelt_ws/install/gestelt_planner:/home/nvidia/gestelt_ws/install/gestelt_controller:/home/nvidia/gestelt_ws/install/astar_planner:/home/nvidia/gestelt_ws/install/gestelt_core:/home/nvidia/gestelt_ws/install/occ_map:/home/nvidia/gestelt_ws/install/logger_wrapper:/home/nvidia/gestelt_ws/install/ikd_tree:/home/nvidia/gestelt_ws/install/gestelt_interfaces:/home/nvidia/gestelt_ws/install/fake_sensor:/home/nvidia/gestelt_ws/install/fake_map:/home/nvidia/gestelt_ws/install/decomp_ros_utils:/home/nvidia/gestelt_ws/install/decomp_util:/home/nvidia/gestelt_ws/install/decomp_ros_msgs:/home/nvidia/gestelt_ws/install/bonxai:/home/nvidia/tl_vision2/install/vrpn_mocap:/home/nvidia/tl_vision2/install/px4_msgs:/home/nvidia/bridge_ws/install/depth2pcl:/home/nvidia/gestelt_ws/install/gestelt_commander:/home/nvidia/tl_vision2/install/vision:/home/nvidia/bridge_ws/install/vilota_bridge:/opt/ros/humble LD_LIBRARY_PATH=/home/nvidia/gestelt_ws/src/gestelt2/install/logger_wrapper/lib:/home/nvidia/gestelt_ws/src/gestelt2/install/gestelt_interfaces/lib:${LD_LIBRARY_PATH} PYTHONPATH=/home/nvidia/gestelt_ws/src/gestelt2/install/gestelt_interfaces/local/lib/python3.10/dist-packages:${PYTHONPATH} /usr/bin/cmake --build /home/nvidia/gestelt_ws/src/gestelt2/build/trajectory_server -- -j8 -l8
[2.881s] DEBUG:colcon.colcon_core.event_handler.log_command:Invoking command in '/home/nvidia/gestelt_ws/src/gestelt2/build/gestelt_core': AMENT_PREFIX_PATH=/home/nvidia/gestelt_ws/src/gestelt2/install/occ_map:/home/nvidia/gestelt_ws/src/gestelt2/install/logger_wrapper:/home/nvidia/gestelt_ws/src/gestelt2/install/ikd_tree:/home/nvidia/gestelt_ws/src/gestelt2/install/bonxai:${AMENT_PREFIX_PATH} CMAKE_PREFIX_PATH=/home/nvidia/gestelt_ws/src/gestelt2/install/occ_map:/home/nvidia/gestelt_ws/src/gestelt2/install/logger_wrapper:/home/nvidia/gestelt_ws/src/gestelt2/install/ikd_tree:/home/nvidia/gestelt_ws/src/gestelt2/install/bonxai:/home/nvidia/gestelt_ws/install/gestelt_bringup:/home/nvidia/gestelt_ws/install/trajectory_server:/home/nvidia/gestelt_ws/install/linear_mpc_controller:/home/nvidia/gestelt_ws/install/gestelt_planner:/home/nvidia/gestelt_ws/install/gestelt_controller:/home/nvidia/gestelt_ws/install/astar_planner:/home/nvidia/gestelt_ws/install/gestelt_core:/home/nvidia/gestelt_ws/install/occ_map:/home/nvidia/gestelt_ws/install/logger_wrapper:/home/nvidia/gestelt_ws/install/ikd_tree:/home/nvidia/gestelt_ws/install/gestelt_interfaces:/home/nvidia/gestelt_ws/install/fake_sensor:/home/nvidia/gestelt_ws/install/fake_map:/home/nvidia/gestelt_ws/install/decomp_ros_utils:/home/nvidia/gestelt_ws/install/decomp_util:/home/nvidia/gestelt_ws/install/decomp_ros_msgs:/home/nvidia/gestelt_ws/install/bonxai:/home/nvidia/tl_vision2/install/vrpn_mocap:/home/nvidia/tl_vision2/install/px4_msgs:/home/nvidia/bridge_ws/install/depth2pcl:/home/nvidia/gestelt_ws/install/gestelt_commander:/home/nvidia/tl_vision2/install/vision:/home/nvidia/bridge_ws/install/vilota_bridge:/opt/ros/humble LD_LIBRARY_PATH=/home/nvidia/gestelt_ws/src/gestelt2/install/occ_map/lib:/home/nvidia/gestelt_ws/src/gestelt2/install/logger_wrapper/lib:/home/nvidia/gestelt_ws/src/gestelt2/install/ikd_tree/lib:/home/nvidia/gestelt_ws/src/gestelt2/install/bonxai/lib:${LD_LIBRARY_PATH} /usr/bin/cmake --build /home/nvidia/gestelt_ws/src/gestelt2/build/gestelt_core -- -j8 -l8
[2.972s] DEBUG:colcon.colcon_core.event_handler.log_command:Invoked command in '/home/nvidia/gestelt_ws/src/gestelt2/build/gestelt_core' returned '0': AMENT_PREFIX_PATH=/home/nvidia/gestelt_ws/src/gestelt2/install/occ_map:/home/nvidia/gestelt_ws/src/gestelt2/install/logger_wrapper:/home/nvidia/gestelt_ws/src/gestelt2/install/ikd_tree:/home/nvidia/gestelt_ws/src/gestelt2/install/bonxai:${AMENT_PREFIX_PATH} CMAKE_PREFIX_PATH=/home/nvidia/gestelt_ws/src/gestelt2/install/occ_map:/home/nvidia/gestelt_ws/src/gestelt2/install/logger_wrapper:/home/nvidia/gestelt_ws/src/gestelt2/install/ikd_tree:/home/nvidia/gestelt_ws/src/gestelt2/install/bonxai:/home/nvidia/gestelt_ws/install/gestelt_bringup:/home/nvidia/gestelt_ws/install/trajectory_server:/home/nvidia/gestelt_ws/install/linear_mpc_controller:/home/nvidia/gestelt_ws/install/gestelt_planner:/home/nvidia/gestelt_ws/install/gestelt_controller:/home/nvidia/gestelt_ws/install/astar_planner:/home/nvidia/gestelt_ws/install/gestelt_core:/home/nvidia/gestelt_ws/install/occ_map:/home/nvidia/gestelt_ws/install/logger_wrapper:/home/nvidia/gestelt_ws/install/ikd_tree:/home/nvidia/gestelt_ws/install/gestelt_interfaces:/home/nvidia/gestelt_ws/install/fake_sensor:/home/nvidia/gestelt_ws/install/fake_map:/home/nvidia/gestelt_ws/install/decomp_ros_utils:/home/nvidia/gestelt_ws/install/decomp_util:/home/nvidia/gestelt_ws/install/decomp_ros_msgs:/home/nvidia/gestelt_ws/install/bonxai:/home/nvidia/tl_vision2/install/vrpn_mocap:/home/nvidia/tl_vision2/install/px4_msgs:/home/nvidia/bridge_ws/install/depth2pcl:/home/nvidia/gestelt_ws/install/gestelt_commander:/home/nvidia/tl_vision2/install/vision:/home/nvidia/bridge_ws/install/vilota_bridge:/opt/ros/humble LD_LIBRARY_PATH=/home/nvidia/gestelt_ws/src/gestelt2/install/occ_map/lib:/home/nvidia/gestelt_ws/src/gestelt2/install/logger_wrapper/lib:/home/nvidia/gestelt_ws/src/gestelt2/install/ikd_tree/lib:/home/nvidia/gestelt_ws/src/gestelt2/install/bonxai/lib:${LD_LIBRARY_PATH} /usr/bin/cmake --build /home/nvidia/gestelt_ws/src/gestelt2/build/gestelt_core -- -j8 -l8
[2.976s] DEBUG:colcon.colcon_core.event_handler.log_command:Invoking command in '/home/nvidia/gestelt_ws/src/gestelt2/build/gestelt_core': AMENT_PREFIX_PATH=/home/nvidia/gestelt_ws/src/gestelt2/install/occ_map:/home/nvidia/gestelt_ws/src/gestelt2/install/logger_wrapper:/home/nvidia/gestelt_ws/src/gestelt2/install/ikd_tree:/home/nvidia/gestelt_ws/src/gestelt2/install/bonxai:${AMENT_PREFIX_PATH} CMAKE_PREFIX_PATH=/home/nvidia/gestelt_ws/src/gestelt2/install/occ_map:/home/nvidia/gestelt_ws/src/gestelt2/install/logger_wrapper:/home/nvidia/gestelt_ws/src/gestelt2/install/ikd_tree:/home/nvidia/gestelt_ws/src/gestelt2/install/bonxai:/home/nvidia/gestelt_ws/install/gestelt_bringup:/home/nvidia/gestelt_ws/install/trajectory_server:/home/nvidia/gestelt_ws/install/linear_mpc_controller:/home/nvidia/gestelt_ws/install/gestelt_planner:/home/nvidia/gestelt_ws/install/gestelt_controller:/home/nvidia/gestelt_ws/install/astar_planner:/home/nvidia/gestelt_ws/install/gestelt_core:/home/nvidia/gestelt_ws/install/occ_map:/home/nvidia/gestelt_ws/install/logger_wrapper:/home/nvidia/gestelt_ws/install/ikd_tree:/home/nvidia/gestelt_ws/install/gestelt_interfaces:/home/nvidia/gestelt_ws/install/fake_sensor:/home/nvidia/gestelt_ws/install/fake_map:/home/nvidia/gestelt_ws/install/decomp_ros_utils:/home/nvidia/gestelt_ws/install/decomp_util:/home/nvidia/gestelt_ws/install/decomp_ros_msgs:/home/nvidia/gestelt_ws/install/bonxai:/home/nvidia/tl_vision2/install/vrpn_mocap:/home/nvidia/tl_vision2/install/px4_msgs:/home/nvidia/bridge_ws/install/depth2pcl:/home/nvidia/gestelt_ws/install/gestelt_commander:/home/nvidia/tl_vision2/install/vision:/home/nvidia/bridge_ws/install/vilota_bridge:/opt/ros/humble LD_LIBRARY_PATH=/home/nvidia/gestelt_ws/src/gestelt2/install/occ_map/lib:/home/nvidia/gestelt_ws/src/gestelt2/install/logger_wrapper/lib:/home/nvidia/gestelt_ws/src/gestelt2/install/ikd_tree/lib:/home/nvidia/gestelt_ws/src/gestelt2/install/bonxai/lib:${LD_LIBRARY_PATH} /usr/bin/cmake --install /home/nvidia/gestelt_ws/src/gestelt2/build/gestelt_core
[3.030s] Level 1:colcon.colcon_core.environment:create_environment_scripts_only(gestelt_core)
[3.030s] Level 1:colcon.colcon_core.environment:checking '/home/nvidia/gestelt_ws/src/gestelt2/install/gestelt_core' for CMake module files
[3.031s] DEBUG:colcon.colcon_core.event_handler.log_command:Invoked command in '/home/nvidia/gestelt_ws/src/gestelt2/build/gestelt_core' returned '0': AMENT_PREFIX_PATH=/home/nvidia/gestelt_ws/src/gestelt2/install/occ_map:/home/nvidia/gestelt_ws/src/gestelt2/install/logger_wrapper:/home/nvidia/gestelt_ws/src/gestelt2/install/ikd_tree:/home/nvidia/gestelt_ws/src/gestelt2/install/bonxai:${AMENT_PREFIX_PATH} CMAKE_PREFIX_PATH=/home/nvidia/gestelt_ws/src/gestelt2/install/occ_map:/home/nvidia/gestelt_ws/src/gestelt2/install/logger_wrapper:/home/nvidia/gestelt_ws/src/gestelt2/install/ikd_tree:/home/nvidia/gestelt_ws/src/gestelt2/install/bonxai:/home/nvidia/gestelt_ws/install/gestelt_bringup:/home/nvidia/gestelt_ws/install/trajectory_server:/home/nvidia/gestelt_ws/install/linear_mpc_controller:/home/nvidia/gestelt_ws/install/gestelt_planner:/home/nvidia/gestelt_ws/install/gestelt_controller:/home/nvidia/gestelt_ws/install/astar_planner:/home/nvidia/gestelt_ws/install/gestelt_core:/home/nvidia/gestelt_ws/install/occ_map:/home/nvidia/gestelt_ws/install/logger_wrapper:/home/nvidia/gestelt_ws/install/ikd_tree:/home/nvidia/gestelt_ws/install/gestelt_interfaces:/home/nvidia/gestelt_ws/install/fake_sensor:/home/nvidia/gestelt_ws/install/fake_map:/home/nvidia/gestelt_ws/install/decomp_ros_utils:/home/nvidia/gestelt_ws/install/decomp_util:/home/nvidia/gestelt_ws/install/decomp_ros_msgs:/home/nvidia/gestelt_ws/install/bonxai:/home/nvidia/tl_vision2/install/vrpn_mocap:/home/nvidia/tl_vision2/install/px4_msgs:/home/nvidia/bridge_ws/install/depth2pcl:/home/nvidia/gestelt_ws/install/gestelt_commander:/home/nvidia/tl_vision2/install/vision:/home/nvidia/bridge_ws/install/vilota_bridge:/opt/ros/humble LD_LIBRARY_PATH=/home/nvidia/gestelt_ws/src/gestelt2/install/occ_map/lib:/home/nvidia/gestelt_ws/src/gestelt2/install/logger_wrapper/lib:/home/nvidia/gestelt_ws/src/gestelt2/install/ikd_tree/lib:/home/nvidia/gestelt_ws/src/gestelt2/install/bonxai/lib:${LD_LIBRARY_PATH} /usr/bin/cmake --install /home/nvidia/gestelt_ws/src/gestelt2/build/gestelt_core
[3.032s] Level 1:colcon.colcon_core.environment:checking '/home/nvidia/gestelt_ws/src/gestelt2/install/gestelt_core' for CMake config files
[3.033s] Level 1:colcon.colcon_core.shell:create_environment_hook('gestelt_core', 'cmake_prefix_path')
[3.033s] INFO:colcon.colcon_core.shell:Creating environment hook '/home/nvidia/gestelt_ws/src/gestelt2/install/gestelt_core/share/gestelt_core/hook/cmake_prefix_path.ps1'
[3.035s] INFO:colcon.colcon_core.shell:Creating environment descriptor '/home/nvidia/gestelt_ws/src/gestelt2/install/gestelt_core/share/gestelt_core/hook/cmake_prefix_path.dsv'
[3.036s] INFO:colcon.colcon_core.shell:Creating environment hook '/home/nvidia/gestelt_ws/src/gestelt2/install/gestelt_core/share/gestelt_core/hook/cmake_prefix_path.sh'
[3.038s] Level 1:colcon.colcon_core.environment:checking '/home/nvidia/gestelt_ws/src/gestelt2/install/gestelt_core/bin'
[3.038s] Level 1:colcon.colcon_core.environment:checking '/home/nvidia/gestelt_ws/src/gestelt2/install/gestelt_core/lib/pkgconfig/gestelt_core.pc'
[3.039s] Level 1:colcon.colcon_core.environment:checking '/home/nvidia/gestelt_ws/src/gestelt2/install/gestelt_core/lib/python3.10/site-packages'
[3.039s] Level 1:colcon.colcon_core.environment:checking '/home/nvidia/gestelt_ws/src/gestelt2/install/gestelt_core/bin'
[3.040s] INFO:colcon.colcon_core.shell:Creating package script '/home/nvidia/gestelt_ws/src/gestelt2/install/gestelt_core/share/gestelt_core/package.ps1'
[3.041s] INFO:colcon.colcon_core.shell:Creating package descriptor '/home/nvidia/gestelt_ws/src/gestelt2/install/gestelt_core/share/gestelt_core/package.dsv'
[3.042s] INFO:colcon.colcon_core.shell:Creating package script '/home/nvidia/gestelt_ws/src/gestelt2/install/gestelt_core/share/gestelt_core/package.sh'
[3.044s] INFO:colcon.colcon_core.shell:Creating package script '/home/nvidia/gestelt_ws/src/gestelt2/install/gestelt_core/share/gestelt_core/package.bash'
[3.045s] INFO:colcon.colcon_core.shell:Creating package script '/home/nvidia/gestelt_ws/src/gestelt2/install/gestelt_core/share/gestelt_core/package.zsh'
[3.046s] Level 1:colcon.colcon_core.environment:create_file_with_runtime_dependencies(/home/nvidia/gestelt_ws/src/gestelt2/install/gestelt_core/share/colcon-core/packages/gestelt_core)
[3.047s] Level 1:colcon.colcon_core.environment:create_environment_scripts_only(gestelt_core)
[3.048s] Level 1:colcon.colcon_core.environment:checking '/home/nvidia/gestelt_ws/src/gestelt2/install/gestelt_core' for CMake module files
[3.049s] Level 1:colcon.colcon_core.environment:checking '/home/nvidia/gestelt_ws/src/gestelt2/install/gestelt_core' for CMake config files
[3.050s] Level 1:colcon.colcon_core.shell:create_environment_hook('gestelt_core', 'cmake_prefix_path')
[3.051s] INFO:colcon.colcon_core.shell:Creating environment hook '/home/nvidia/gestelt_ws/src/gestelt2/install/gestelt_core/share/gestelt_core/hook/cmake_prefix_path.ps1'
[3.052s] INFO:colcon.colcon_core.shell:Creating environment descriptor '/home/nvidia/gestelt_ws/src/gestelt2/install/gestelt_core/share/gestelt_core/hook/cmake_prefix_path.dsv'
[3.053s] INFO:colcon.colcon_core.shell:Creating environment hook '/home/nvidia/gestelt_ws/src/gestelt2/install/gestelt_core/share/gestelt_core/hook/cmake_prefix_path.sh'
[3.054s] Level 1:colcon.colcon_core.environment:checking '/home/nvidia/gestelt_ws/src/gestelt2/install/gestelt_core/bin'
[3.054s] Level 1:colcon.colcon_core.environment:checking '/home/nvidia/gestelt_ws/src/gestelt2/install/gestelt_core/lib/pkgconfig/gestelt_core.pc'
[3.055s] Level 1:colcon.colcon_core.environment:checking '/home/nvidia/gestelt_ws/src/gestelt2/install/gestelt_core/lib/python3.10/site-packages'
[3.055s] Level 1:colcon.colcon_core.environment:checking '/home/nvidia/gestelt_ws/src/gestelt2/install/gestelt_core/bin'
[3.056s] INFO:colcon.colcon_core.shell:Creating package script '/home/nvidia/gestelt_ws/src/gestelt2/install/gestelt_core/share/gestelt_core/package.ps1'
[3.057s] INFO:colcon.colcon_core.shell:Creating package descriptor '/home/nvidia/gestelt_ws/src/gestelt2/install/gestelt_core/share/gestelt_core/package.dsv'
[3.058s] INFO:colcon.colcon_core.shell:Creating package script '/home/nvidia/gestelt_ws/src/gestelt2/install/gestelt_core/share/gestelt_core/package.sh'
[3.059s] INFO:colcon.colcon_core.shell:Creating package script '/home/nvidia/gestelt_ws/src/gestelt2/install/gestelt_core/share/gestelt_core/package.bash'
[3.060s] INFO:colcon.colcon_core.shell:Creating package script '/home/nvidia/gestelt_ws/src/gestelt2/install/gestelt_core/share/gestelt_core/package.zsh'
[3.061s] Level 1:colcon.colcon_core.environment:create_file_with_runtime_dependencies(/home/nvidia/gestelt_ws/src/gestelt2/install/gestelt_core/share/colcon-core/packages/gestelt_core)
[3.062s] INFO:colcon.colcon_ros.task.ament_cmake.build:Building ROS package in '/home/nvidia/gestelt_ws/src/gestelt2/astar_planner' with build type 'ament_cmake'
[3.063s] INFO:colcon.colcon_cmake.task.cmake.build:Building CMake package in '/home/nvidia/gestelt_ws/src/gestelt2/astar_planner'
[3.063s] INFO:colcon.colcon_core.shell:Skip shell extension 'powershell' for command environment: Not usable outside of PowerShell
[3.064s] DEBUG:colcon.colcon_core.shell:Skip shell extension 'dsv' for command environment
[3.081s] INFO:colcon.colcon_ros.task.ament_cmake.build:Building ROS package in '/home/nvidia/gestelt_ws/src/gestelt2/gestelt_controller' with build type 'ament_cmake'
[3.082s] INFO:colcon.colcon_cmake.task.cmake.build:Building CMake package in '/home/nvidia/gestelt_ws/src/gestelt2/gestelt_controller'
[3.082s] INFO:colcon.colcon_core.shell:Skip shell extension 'powershell' for command environment: Not usable outside of PowerShell
[3.083s] DEBUG:colcon.colcon_core.shell:Skip shell extension 'dsv' for command environment
[3.097s] INFO:colcon.colcon_ros.task.ament_cmake.build:Building ROS package in '/home/nvidia/gestelt_ws/src/gestelt2/gestelt_planner' with build type 'ament_cmake'
[3.098s] INFO:colcon.colcon_cmake.task.cmake.build:Building CMake package in '/home/nvidia/gestelt_ws/src/gestelt2/gestelt_planner'
[3.099s] INFO:colcon.colcon_core.shell:Skip shell extension 'powershell' for command environment: Not usable outside of PowerShell
[3.099s] DEBUG:colcon.colcon_core.shell:Skip shell extension 'dsv' for command environment
[3.122s] DEBUG:colcon.colcon_core.event_handler.log_command:Invoking command in '/home/nvidia/gestelt_ws/src/gestelt2/build/astar_planner': AMENT_PREFIX_PATH=/home/nvidia/gestelt_ws/src/gestelt2/install/gestelt_core:/home/nvidia/gestelt_ws/src/gestelt2/install/occ_map:/home/nvidia/gestelt_ws/src/gestelt2/install/logger_wrapper:/home/nvidia/gestelt_ws/src/gestelt2/install/ikd_tree:/home/nvidia/gestelt_ws/src/gestelt2/install/bonxai:${AMENT_PREFIX_PATH} CMAKE_PREFIX_PATH=/home/nvidia/gestelt_ws/src/gestelt2/install/gestelt_core:/home/nvidia/gestelt_ws/src/gestelt2/install/occ_map:/home/nvidia/gestelt_ws/src/gestelt2/install/logger_wrapper:/home/nvidia/gestelt_ws/src/gestelt2/install/ikd_tree:/home/nvidia/gestelt_ws/src/gestelt2/install/bonxai:/home/nvidia/gestelt_ws/install/gestelt_bringup:/home/nvidia/gestelt_ws/install/trajectory_server:/home/nvidia/gestelt_ws/install/linear_mpc_controller:/home/nvidia/gestelt_ws/install/gestelt_planner:/home/nvidia/gestelt_ws/install/gestelt_controller:/home/nvidia/gestelt_ws/install/astar_planner:/home/nvidia/gestelt_ws/install/gestelt_core:/home/nvidia/gestelt_ws/install/occ_map:/home/nvidia/gestelt_ws/install/logger_wrapper:/home/nvidia/gestelt_ws/install/ikd_tree:/home/nvidia/gestelt_ws/install/gestelt_interfaces:/home/nvidia/gestelt_ws/install/fake_sensor:/home/nvidia/gestelt_ws/install/fake_map:/home/nvidia/gestelt_ws/install/decomp_ros_utils:/home/nvidia/gestelt_ws/install/decomp_util:/home/nvidia/gestelt_ws/install/decomp_ros_msgs:/home/nvidia/gestelt_ws/install/bonxai:/home/nvidia/tl_vision2/install/vrpn_mocap:/home/nvidia/tl_vision2/install/px4_msgs:/home/nvidia/bridge_ws/install/depth2pcl:/home/nvidia/gestelt_ws/install/gestelt_commander:/home/nvidia/tl_vision2/install/vision:/home/nvidia/bridge_ws/install/vilota_bridge:/opt/ros/humble LD_LIBRARY_PATH=/home/nvidia/gestelt_ws/src/gestelt2/install/occ_map/lib:/home/nvidia/gestelt_ws/src/gestelt2/install/logger_wrapper/lib:/home/nvidia/gestelt_ws/src/gestelt2/install/ikd_tree/lib:/home/nvidia/gestelt_ws/src/gestelt2/install/bonxai/lib:${LD_LIBRARY_PATH} /usr/bin/cmake --build /home/nvidia/gestelt_ws/src/gestelt2/build/astar_planner -- -j8 -l8
[3.147s] DEBUG:colcon.colcon_core.event_handler.log_command:Invoking command in '/home/nvidia/gestelt_ws/src/gestelt2/build/gestelt_controller': AMENT_PREFIX_PATH=/home/nvidia/gestelt_ws/src/gestelt2/install/gestelt_core:/home/nvidia/gestelt_ws/src/gestelt2/install/occ_map:/home/nvidia/gestelt_ws/src/gestelt2/install/logger_wrapper:/home/nvidia/gestelt_ws/src/gestelt2/install/ikd_tree:/home/nvidia/gestelt_ws/src/gestelt2/install/bonxai:${AMENT_PREFIX_PATH} CMAKE_PREFIX_PATH=/home/nvidia/gestelt_ws/src/gestelt2/install/gestelt_core:/home/nvidia/gestelt_ws/src/gestelt2/install/occ_map:/home/nvidia/gestelt_ws/src/gestelt2/install/logger_wrapper:/home/nvidia/gestelt_ws/src/gestelt2/install/ikd_tree:/home/nvidia/gestelt_ws/src/gestelt2/install/bonxai:/home/nvidia/gestelt_ws/install/gestelt_bringup:/home/nvidia/gestelt_ws/install/trajectory_server:/home/nvidia/gestelt_ws/install/linear_mpc_controller:/home/nvidia/gestelt_ws/install/gestelt_planner:/home/nvidia/gestelt_ws/install/gestelt_controller:/home/nvidia/gestelt_ws/install/astar_planner:/home/nvidia/gestelt_ws/install/gestelt_core:/home/nvidia/gestelt_ws/install/occ_map:/home/nvidia/gestelt_ws/install/logger_wrapper:/home/nvidia/gestelt_ws/install/ikd_tree:/home/nvidia/gestelt_ws/install/gestelt_interfaces:/home/nvidia/gestelt_ws/install/fake_sensor:/home/nvidia/gestelt_ws/install/fake_map:/home/nvidia/gestelt_ws/install/decomp_ros_utils:/home/nvidia/gestelt_ws/install/decomp_util:/home/nvidia/gestelt_ws/install/decomp_ros_msgs:/home/nvidia/gestelt_ws/install/bonxai:/home/nvidia/tl_vision2/install/vrpn_mocap:/home/nvidia/tl_vision2/install/px4_msgs:/home/nvidia/bridge_ws/install/depth2pcl:/home/nvidia/gestelt_ws/install/gestelt_commander:/home/nvidia/tl_vision2/install/vision:/home/nvidia/bridge_ws/install/vilota_bridge:/opt/ros/humble LD_LIBRARY_PATH=/home/nvidia/gestelt_ws/src/gestelt2/install/occ_map/lib:/home/nvidia/gestelt_ws/src/gestelt2/install/logger_wrapper/lib:/home/nvidia/gestelt_ws/src/gestelt2/install/ikd_tree/lib:/home/nvidia/gestelt_ws/src/gestelt2/install/bonxai/lib:${LD_LIBRARY_PATH} /usr/bin/cmake --build /home/nvidia/gestelt_ws/src/gestelt2/build/gestelt_controller -- -j8 -l8
[3.160s] DEBUG:colcon.colcon_core.event_handler.log_command:Invoking command in '/home/nvidia/gestelt_ws/src/gestelt2/build/gestelt_planner': AMENT_PREFIX_PATH=/home/nvidia/gestelt_ws/src/gestelt2/install/gestelt_core:/home/nvidia/gestelt_ws/src/gestelt2/install/occ_map:/home/nvidia/gestelt_ws/src/gestelt2/install/logger_wrapper:/home/nvidia/gestelt_ws/src/gestelt2/install/ikd_tree:/home/nvidia/gestelt_ws/src/gestelt2/install/bonxai:${AMENT_PREFIX_PATH} CMAKE_PREFIX_PATH=/home/nvidia/gestelt_ws/src/gestelt2/install/gestelt_core:/home/nvidia/gestelt_ws/src/gestelt2/install/occ_map:/home/nvidia/gestelt_ws/src/gestelt2/install/logger_wrapper:/home/nvidia/gestelt_ws/src/gestelt2/install/ikd_tree:/home/nvidia/gestelt_ws/src/gestelt2/install/bonxai:/home/nvidia/gestelt_ws/install/gestelt_bringup:/home/nvidia/gestelt_ws/install/trajectory_server:/home/nvidia/gestelt_ws/install/linear_mpc_controller:/home/nvidia/gestelt_ws/install/gestelt_planner:/home/nvidia/gestelt_ws/install/gestelt_controller:/home/nvidia/gestelt_ws/install/astar_planner:/home/nvidia/gestelt_ws/install/gestelt_core:/home/nvidia/gestelt_ws/install/occ_map:/home/nvidia/gestelt_ws/install/logger_wrapper:/home/nvidia/gestelt_ws/install/ikd_tree:/home/nvidia/gestelt_ws/install/gestelt_interfaces:/home/nvidia/gestelt_ws/install/fake_sensor:/home/nvidia/gestelt_ws/install/fake_map:/home/nvidia/gestelt_ws/install/decomp_ros_utils:/home/nvidia/gestelt_ws/install/decomp_util:/home/nvidia/gestelt_ws/install/decomp_ros_msgs:/home/nvidia/gestelt_ws/install/bonxai:/home/nvidia/tl_vision2/install/vrpn_mocap:/home/nvidia/tl_vision2/install/px4_msgs:/home/nvidia/bridge_ws/install/depth2pcl:/home/nvidia/gestelt_ws/install/gestelt_commander:/home/nvidia/tl_vision2/install/vision:/home/nvidia/bridge_ws/install/vilota_bridge:/opt/ros/humble LD_LIBRARY_PATH=/home/nvidia/gestelt_ws/src/gestelt2/install/occ_map/lib:/home/nvidia/gestelt_ws/src/gestelt2/install/logger_wrapper/lib:/home/nvidia/gestelt_ws/src/gestelt2/install/ikd_tree/lib:/home/nvidia/gestelt_ws/src/gestelt2/install/bonxai/lib:${LD_LIBRARY_PATH} /usr/bin/cmake --build /home/nvidia/gestelt_ws/src/gestelt2/build/gestelt_planner -- -j8 -l8
[3.190s] DEBUG:colcon.colcon_core.event_handler.log_command:Invoked command in '/home/nvidia/gestelt_ws/src/gestelt2/build/trajectory_server' returned '0': AMENT_PREFIX_PATH=/home/nvidia/gestelt_ws/src/gestelt2/install/logger_wrapper:/home/nvidia/gestelt_ws/src/gestelt2/install/gestelt_interfaces:${AMENT_PREFIX_PATH} CMAKE_PREFIX_PATH=/home/nvidia/gestelt_ws/src/gestelt2/install/logger_wrapper:/home/nvidia/gestelt_ws/src/gestelt2/install/gestelt_interfaces:/home/nvidia/gestelt_ws/install/gestelt_bringup:/home/nvidia/gestelt_ws/install/trajectory_server:/home/nvidia/gestelt_ws/install/linear_mpc_controller:/home/nvidia/gestelt_ws/install/gestelt_planner:/home/nvidia/gestelt_ws/install/gestelt_controller:/home/nvidia/gestelt_ws/install/astar_planner:/home/nvidia/gestelt_ws/install/gestelt_core:/home/nvidia/gestelt_ws/install/occ_map:/home/nvidia/gestelt_ws/install/logger_wrapper:/home/nvidia/gestelt_ws/install/ikd_tree:/home/nvidia/gestelt_ws/install/gestelt_interfaces:/home/nvidia/gestelt_ws/install/fake_sensor:/home/nvidia/gestelt_ws/install/fake_map:/home/nvidia/gestelt_ws/install/decomp_ros_utils:/home/nvidia/gestelt_ws/install/decomp_util:/home/nvidia/gestelt_ws/install/decomp_ros_msgs:/home/nvidia/gestelt_ws/install/bonxai:/home/nvidia/tl_vision2/install/vrpn_mocap:/home/nvidia/tl_vision2/install/px4_msgs:/home/nvidia/bridge_ws/install/depth2pcl:/home/nvidia/gestelt_ws/install/gestelt_commander:/home/nvidia/tl_vision2/install/vision:/home/nvidia/bridge_ws/install/vilota_bridge:/opt/ros/humble LD_LIBRARY_PATH=/home/nvidia/gestelt_ws/src/gestelt2/install/logger_wrapper/lib:/home/nvidia/gestelt_ws/src/gestelt2/install/gestelt_interfaces/lib:${LD_LIBRARY_PATH} PYTHONPATH=/home/nvidia/gestelt_ws/src/gestelt2/install/gestelt_interfaces/local/lib/python3.10/dist-packages:${PYTHONPATH} /usr/bin/cmake --build /home/nvidia/gestelt_ws/src/gestelt2/build/trajectory_server -- -j8 -l8
[3.197s] DEBUG:colcon.colcon_core.event_handler.log_command:Invoking command in '/home/nvidia/gestelt_ws/src/gestelt2/build/trajectory_server': AMENT_PREFIX_PATH=/home/nvidia/gestelt_ws/src/gestelt2/install/logger_wrapper:/home/nvidia/gestelt_ws/src/gestelt2/install/gestelt_interfaces:${AMENT_PREFIX_PATH} CMAKE_PREFIX_PATH=/home/nvidia/gestelt_ws/src/gestelt2/install/logger_wrapper:/home/nvidia/gestelt_ws/src/gestelt2/install/gestelt_interfaces:/home/nvidia/gestelt_ws/install/gestelt_bringup:/home/nvidia/gestelt_ws/install/trajectory_server:/home/nvidia/gestelt_ws/install/linear_mpc_controller:/home/nvidia/gestelt_ws/install/gestelt_planner:/home/nvidia/gestelt_ws/install/gestelt_controller:/home/nvidia/gestelt_ws/install/astar_planner:/home/nvidia/gestelt_ws/install/gestelt_core:/home/nvidia/gestelt_ws/install/occ_map:/home/nvidia/gestelt_ws/install/logger_wrapper:/home/nvidia/gestelt_ws/install/ikd_tree:/home/nvidia/gestelt_ws/install/gestelt_interfaces:/home/nvidia/gestelt_ws/install/fake_sensor:/home/nvidia/gestelt_ws/install/fake_map:/home/nvidia/gestelt_ws/install/decomp_ros_utils:/home/nvidia/gestelt_ws/install/decomp_util:/home/nvidia/gestelt_ws/install/decomp_ros_msgs:/home/nvidia/gestelt_ws/install/bonxai:/home/nvidia/tl_vision2/install/vrpn_mocap:/home/nvidia/tl_vision2/install/px4_msgs:/home/nvidia/bridge_ws/install/depth2pcl:/home/nvidia/gestelt_ws/install/gestelt_commander:/home/nvidia/tl_vision2/install/vision:/home/nvidia/bridge_ws/install/vilota_bridge:/opt/ros/humble LD_LIBRARY_PATH=/home/nvidia/gestelt_ws/src/gestelt2/install/logger_wrapper/lib:/home/nvidia/gestelt_ws/src/gestelt2/install/gestelt_interfaces/lib:${LD_LIBRARY_PATH} PYTHONPATH=/home/nvidia/gestelt_ws/src/gestelt2/install/gestelt_interfaces/local/lib/python3.10/dist-packages:${PYTHONPATH} /usr/bin/cmake --install /home/nvidia/gestelt_ws/src/gestelt2/build/trajectory_server
[3.278s] DEBUG:colcon.colcon_core.event_handler.log_command:Invoked command in '/home/nvidia/gestelt_ws/src/gestelt2/build/decomp_ros_utils' returned '0': AMENT_PREFIX_PATH=/home/nvidia/gestelt_ws/src/gestelt2/install/decomp_util:/home/nvidia/gestelt_ws/src/gestelt2/install/decomp_ros_msgs:${AMENT_PREFIX_PATH} CMAKE_PREFIX_PATH=/home/nvidia/gestelt_ws/src/gestelt2/install/decomp_util:/home/nvidia/gestelt_ws/src/gestelt2/install/decomp_ros_msgs:/home/nvidia/gestelt_ws/install/gestelt_bringup:/home/nvidia/gestelt_ws/install/trajectory_server:/home/nvidia/gestelt_ws/install/linear_mpc_controller:/home/nvidia/gestelt_ws/install/gestelt_planner:/home/nvidia/gestelt_ws/install/gestelt_controller:/home/nvidia/gestelt_ws/install/astar_planner:/home/nvidia/gestelt_ws/install/gestelt_core:/home/nvidia/gestelt_ws/install/occ_map:/home/nvidia/gestelt_ws/install/logger_wrapper:/home/nvidia/gestelt_ws/install/ikd_tree:/home/nvidia/gestelt_ws/install/gestelt_interfaces:/home/nvidia/gestelt_ws/install/fake_sensor:/home/nvidia/gestelt_ws/install/fake_map:/home/nvidia/gestelt_ws/install/decomp_ros_utils:/home/nvidia/gestelt_ws/install/decomp_util:/home/nvidia/gestelt_ws/install/decomp_ros_msgs:/home/nvidia/gestelt_ws/install/bonxai:/home/nvidia/tl_vision2/install/vrpn_mocap:/home/nvidia/tl_vision2/install/px4_msgs:/home/nvidia/bridge_ws/install/depth2pcl:/home/nvidia/gestelt_ws/install/gestelt_commander:/home/nvidia/tl_vision2/install/vision:/home/nvidia/bridge_ws/install/vilota_bridge:/opt/ros/humble LD_LIBRARY_PATH=/home/nvidia/gestelt_ws/src/gestelt2/install/decomp_util/lib:/home/nvidia/gestelt_ws/src/gestelt2/install/decomp_ros_msgs/lib:${LD_LIBRARY_PATH} PYTHONPATH=/home/nvidia/gestelt_ws/src/gestelt2/install/decomp_ros_msgs/local/lib/python3.10/dist-packages:${PYTHONPATH} /usr/bin/cmake --build /home/nvidia/gestelt_ws/src/gestelt2/build/decomp_ros_utils -- -j8 -l8
[3.282s] DEBUG:colcon.colcon_core.event_handler.log_command:Invoking command in '/home/nvidia/gestelt_ws/src/gestelt2/build/decomp_ros_utils': AMENT_PREFIX_PATH=/home/nvidia/gestelt_ws/src/gestelt2/install/decomp_util:/home/nvidia/gestelt_ws/src/gestelt2/install/decomp_ros_msgs:${AMENT_PREFIX_PATH} CMAKE_PREFIX_PATH=/home/nvidia/gestelt_ws/src/gestelt2/install/decomp_util:/home/nvidia/gestelt_ws/src/gestelt2/install/decomp_ros_msgs:/home/nvidia/gestelt_ws/install/gestelt_bringup:/home/nvidia/gestelt_ws/install/trajectory_server:/home/nvidia/gestelt_ws/install/linear_mpc_controller:/home/nvidia/gestelt_ws/install/gestelt_planner:/home/nvidia/gestelt_ws/install/gestelt_controller:/home/nvidia/gestelt_ws/install/astar_planner:/home/nvidia/gestelt_ws/install/gestelt_core:/home/nvidia/gestelt_ws/install/occ_map:/home/nvidia/gestelt_ws/install/logger_wrapper:/home/nvidia/gestelt_ws/install/ikd_tree:/home/nvidia/gestelt_ws/install/gestelt_interfaces:/home/nvidia/gestelt_ws/install/fake_sensor:/home/nvidia/gestelt_ws/install/fake_map:/home/nvidia/gestelt_ws/install/decomp_ros_utils:/home/nvidia/gestelt_ws/install/decomp_util:/home/nvidia/gestelt_ws/install/decomp_ros_msgs:/home/nvidia/gestelt_ws/install/bonxai:/home/nvidia/tl_vision2/install/vrpn_mocap:/home/nvidia/tl_vision2/install/px4_msgs:/home/nvidia/bridge_ws/install/depth2pcl:/home/nvidia/gestelt_ws/install/gestelt_commander:/home/nvidia/tl_vision2/install/vision:/home/nvidia/bridge_ws/install/vilota_bridge:/opt/ros/humble LD_LIBRARY_PATH=/home/nvidia/gestelt_ws/src/gestelt2/install/decomp_util/lib:/home/nvidia/gestelt_ws/src/gestelt2/install/decomp_ros_msgs/lib:${LD_LIBRARY_PATH} PYTHONPATH=/home/nvidia/gestelt_ws/src/gestelt2/install/decomp_ros_msgs/local/lib/python3.10/dist-packages:${PYTHONPATH} /usr/bin/cmake --install /home/nvidia/gestelt_ws/src/gestelt2/build/decomp_ros_utils
[3.334s] Level 1:colcon.colcon_core.environment:create_environment_scripts_only(decomp_ros_utils)
[3.335s] Level 1:colcon.colcon_core.environment:checking '/home/nvidia/gestelt_ws/src/gestelt2/install/decomp_ros_utils' for CMake module files
[3.336s] Level 1:colcon.colcon_core.environment:checking '/home/nvidia/gestelt_ws/src/gestelt2/install/decomp_ros_utils' for CMake config files
[3.337s] Level 1:colcon.colcon_core.shell:create_environment_hook('decomp_ros_utils', 'cmake_prefix_path')
[3.337s] INFO:colcon.colcon_core.shell:Creating environment hook '/home/nvidia/gestelt_ws/src/gestelt2/install/decomp_ros_utils/share/decomp_ros_utils/hook/cmake_prefix_path.ps1'
[3.339s] INFO:colcon.colcon_core.shell:Creating environment descriptor '/home/nvidia/gestelt_ws/src/gestelt2/install/decomp_ros_utils/share/decomp_ros_utils/hook/cmake_prefix_path.dsv'
[3.339s] INFO:colcon.colcon_core.shell:Creating environment hook '/home/nvidia/gestelt_ws/src/gestelt2/install/decomp_ros_utils/share/decomp_ros_utils/hook/cmake_prefix_path.sh'
[3.341s] Level 1:colcon.colcon_core.environment:checking '/home/nvidia/gestelt_ws/src/gestelt2/install/decomp_ros_utils/lib'
[3.341s] Level 1:colcon.colcon_core.shell:create_environment_hook('decomp_ros_utils', 'ld_library_path_lib')
[3.342s] INFO:colcon.colcon_core.shell:Creating environment hook '/home/nvidia/gestelt_ws/src/gestelt2/install/decomp_ros_utils/share/decomp_ros_utils/hook/ld_library_path_lib.ps1'
[3.343s] INFO:colcon.colcon_core.shell:Creating environment descriptor '/home/nvidia/gestelt_ws/src/gestelt2/install/decomp_ros_utils/share/decomp_ros_utils/hook/ld_library_path_lib.dsv'
[3.343s] INFO:colcon.colcon_core.shell:Creating environment hook '/home/nvidia/gestelt_ws/src/gestelt2/install/decomp_ros_utils/share/decomp_ros_utils/hook/ld_library_path_lib.sh'
[3.344s] Level 1:colcon.colcon_core.environment:checking '/home/nvidia/gestelt_ws/src/gestelt2/install/decomp_ros_utils/bin'
[3.345s] Level 1:colcon.colcon_core.environment:checking '/home/nvidia/gestelt_ws/src/gestelt2/install/decomp_ros_utils/lib/pkgconfig/decomp_ros_utils.pc'
[3.345s] Level 1:colcon.colcon_core.environment:checking '/home/nvidia/gestelt_ws/src/gestelt2/install/decomp_ros_utils/lib/python3.10/site-packages'
[3.345s] Level 1:colcon.colcon_core.environment:checking '/home/nvidia/gestelt_ws/src/gestelt2/install/decomp_ros_utils/bin'
[3.346s] INFO:colcon.colcon_core.shell:Creating package script '/home/nvidia/gestelt_ws/src/gestelt2/install/decomp_ros_utils/share/decomp_ros_utils/package.ps1'
[3.348s] INFO:colcon.colcon_core.shell:Creating package descriptor '/home/nvidia/gestelt_ws/src/gestelt2/install/decomp_ros_utils/share/decomp_ros_utils/package.dsv'
[3.349s] INFO:colcon.colcon_core.shell:Creating package script '/home/nvidia/gestelt_ws/src/gestelt2/install/decomp_ros_utils/share/decomp_ros_utils/package.sh'
[3.350s] INFO:colcon.colcon_core.shell:Creating package script '/home/nvidia/gestelt_ws/src/gestelt2/install/decomp_ros_utils/share/decomp_ros_utils/package.bash'
[3.350s] INFO:colcon.colcon_core.shell:Creating package script '/home/nvidia/gestelt_ws/src/gestelt2/install/decomp_ros_utils/share/decomp_ros_utils/package.zsh'
[3.351s] Level 1:colcon.colcon_core.environment:create_file_with_runtime_dependencies(/home/nvidia/gestelt_ws/src/gestelt2/install/decomp_ros_utils/share/colcon-core/packages/decomp_ros_utils)
[3.352s] DEBUG:colcon.colcon_core.event_handler.log_command:Invoked command in '/home/nvidia/gestelt_ws/src/gestelt2/build/decomp_ros_utils' returned '0': AMENT_PREFIX_PATH=/home/nvidia/gestelt_ws/src/gestelt2/install/decomp_util:/home/nvidia/gestelt_ws/src/gestelt2/install/decomp_ros_msgs:${AMENT_PREFIX_PATH} CMAKE_PREFIX_PATH=/home/nvidia/gestelt_ws/src/gestelt2/install/decomp_util:/home/nvidia/gestelt_ws/src/gestelt2/install/decomp_ros_msgs:/home/nvidia/gestelt_ws/install/gestelt_bringup:/home/nvidia/gestelt_ws/install/trajectory_server:/home/nvidia/gestelt_ws/install/linear_mpc_controller:/home/nvidia/gestelt_ws/install/gestelt_planner:/home/nvidia/gestelt_ws/install/gestelt_controller:/home/nvidia/gestelt_ws/install/astar_planner:/home/nvidia/gestelt_ws/install/gestelt_core:/home/nvidia/gestelt_ws/install/occ_map:/home/nvidia/gestelt_ws/install/logger_wrapper:/home/nvidia/gestelt_ws/install/ikd_tree:/home/nvidia/gestelt_ws/install/gestelt_interfaces:/home/nvidia/gestelt_ws/install/fake_sensor:/home/nvidia/gestelt_ws/install/fake_map:/home/nvidia/gestelt_ws/install/decomp_ros_utils:/home/nvidia/gestelt_ws/install/decomp_util:/home/nvidia/gestelt_ws/install/decomp_ros_msgs:/home/nvidia/gestelt_ws/install/bonxai:/home/nvidia/tl_vision2/install/vrpn_mocap:/home/nvidia/tl_vision2/install/px4_msgs:/home/nvidia/bridge_ws/install/depth2pcl:/home/nvidia/gestelt_ws/install/gestelt_commander:/home/nvidia/tl_vision2/install/vision:/home/nvidia/bridge_ws/install/vilota_bridge:/opt/ros/humble LD_LIBRARY_PATH=/home/nvidia/gestelt_ws/src/gestelt2/install/decomp_util/lib:/home/nvidia/gestelt_ws/src/gestelt2/install/decomp_ros_msgs/lib:${LD_LIBRARY_PATH} PYTHONPATH=/home/nvidia/gestelt_ws/src/gestelt2/install/decomp_ros_msgs/local/lib/python3.10/dist-packages:${PYTHONPATH} /usr/bin/cmake --install /home/nvidia/gestelt_ws/src/gestelt2/build/decomp_ros_utils
[3.354s] Level 1:colcon.colcon_core.environment:create_environment_scripts_only(decomp_ros_utils)
[3.355s] Level 1:colcon.colcon_core.environment:checking '/home/nvidia/gestelt_ws/src/gestelt2/install/decomp_ros_utils' for CMake module files
[3.356s] Level 1:colcon.colcon_core.environment:checking '/home/nvidia/gestelt_ws/src/gestelt2/install/decomp_ros_utils' for CMake config files
[3.356s] Level 1:colcon.colcon_core.shell:create_environment_hook('decomp_ros_utils', 'cmake_prefix_path')
[3.357s] INFO:colcon.colcon_core.shell:Creating environment hook '/home/nvidia/gestelt_ws/src/gestelt2/install/decomp_ros_utils/share/decomp_ros_utils/hook/cmake_prefix_path.ps1'
[3.358s] INFO:colcon.colcon_core.shell:Creating environment descriptor '/home/nvidia/gestelt_ws/src/gestelt2/install/decomp_ros_utils/share/decomp_ros_utils/hook/cmake_prefix_path.dsv'
[3.359s] INFO:colcon.colcon_core.shell:Creating environment hook '/home/nvidia/gestelt_ws/src/gestelt2/install/decomp_ros_utils/share/decomp_ros_utils/hook/cmake_prefix_path.sh'
[3.360s] Level 1:colcon.colcon_core.environment:checking '/home/nvidia/gestelt_ws/src/gestelt2/install/decomp_ros_utils/lib'
[3.360s] Level 1:colcon.colcon_core.shell:create_environment_hook('decomp_ros_utils', 'ld_library_path_lib')
[3.361s] INFO:colcon.colcon_core.shell:Creating environment hook '/home/nvidia/gestelt_ws/src/gestelt2/install/decomp_ros_utils/share/decomp_ros_utils/hook/ld_library_path_lib.ps1'
[3.363s] INFO:colcon.colcon_core.shell:Creating environment descriptor '/home/nvidia/gestelt_ws/src/gestelt2/install/decomp_ros_utils/share/decomp_ros_utils/hook/ld_library_path_lib.dsv'
[3.364s] INFO:colcon.colcon_core.shell:Creating environment hook '/home/nvidia/gestelt_ws/src/gestelt2/install/decomp_ros_utils/share/decomp_ros_utils/hook/ld_library_path_lib.sh'
[3.365s] Level 1:colcon.colcon_core.environment:checking '/home/nvidia/gestelt_ws/src/gestelt2/install/decomp_ros_utils/bin'
[3.365s] Level 1:colcon.colcon_core.environment:checking '/home/nvidia/gestelt_ws/src/gestelt2/install/decomp_ros_utils/lib/pkgconfig/decomp_ros_utils.pc'
[3.366s] Level 1:colcon.colcon_core.environment:checking '/home/nvidia/gestelt_ws/src/gestelt2/install/decomp_ros_utils/lib/python3.10/site-packages'
[3.366s] Level 1:colcon.colcon_core.environment:checking '/home/nvidia/gestelt_ws/src/gestelt2/install/decomp_ros_utils/bin'
[3.367s] INFO:colcon.colcon_core.shell:Creating package script '/home/nvidia/gestelt_ws/src/gestelt2/install/decomp_ros_utils/share/decomp_ros_utils/package.ps1'
[3.368s] INFO:colcon.colcon_core.shell:Creating package descriptor '/home/nvidia/gestelt_ws/src/gestelt2/install/decomp_ros_utils/share/decomp_ros_utils/package.dsv'
[3.369s] INFO:colcon.colcon_core.shell:Creating package script '/home/nvidia/gestelt_ws/src/gestelt2/install/decomp_ros_utils/share/decomp_ros_utils/package.sh'
[3.370s] INFO:colcon.colcon_core.shell:Creating package script '/home/nvidia/gestelt_ws/src/gestelt2/install/decomp_ros_utils/share/decomp_ros_utils/package.bash'
[3.371s] INFO:colcon.colcon_core.shell:Creating package script '/home/nvidia/gestelt_ws/src/gestelt2/install/decomp_ros_utils/share/decomp_ros_utils/package.zsh'
[3.372s] Level 1:colcon.colcon_core.environment:create_file_with_runtime_dependencies(/home/nvidia/gestelt_ws/src/gestelt2/install/decomp_ros_utils/share/colcon-core/packages/decomp_ros_utils)
[3.374s] INFO:colcon.colcon_ros.task.ament_cmake.build:Building ROS package in '/home/nvidia/gestelt_ws/src/gestelt2/linear_mpc_controller' with build type 'ament_cmake'
[3.375s] INFO:colcon.colcon_cmake.task.cmake.build:Building CMake package in '/home/nvidia/gestelt_ws/src/gestelt2/linear_mpc_controller'
[3.375s] INFO:colcon.colcon_core.shell:Skip shell extension 'powershell' for command environment: Not usable outside of PowerShell
[3.376s] DEBUG:colcon.colcon_core.shell:Skip shell extension 'dsv' for command environment
[3.395s] DEBUG:colcon.colcon_core.event_handler.log_command:Invoking command in '/home/nvidia/gestelt_ws/src/gestelt2/build/gestelt_commander': PYTHONPATH=/home/nvidia/gestelt_ws/src/gestelt2/build/gestelt_commander/prefix_override:/usr/lib/python3/dist-packages/colcon_core/task/python/colcon_distutils_commands:/home/nvidia/gestelt_ws/src/gestelt2/install/gestelt_commander/lib/python3.10/site-packages:${PYTHONPATH} /usr/bin/python3 -W ignore:setup.py install is deprecated -W ignore:easy_install command is deprecated setup.py develop --editable --build-directory /home/nvidia/gestelt_ws/src/gestelt2/build/gestelt_commander/build --no-deps symlink_data
[3.451s] DEBUG:colcon.colcon_core.event_handler.log_command:Invoking command in '/home/nvidia/gestelt_ws/src/gestelt2/build/linear_mpc_controller': AMENT_PREFIX_PATH=/home/nvidia/gestelt_ws/src/gestelt2/install/gestelt_core:/home/nvidia/gestelt_ws/src/gestelt2/install/occ_map:/home/nvidia/gestelt_ws/src/gestelt2/install/decomp_ros_utils:/home/nvidia/gestelt_ws/src/gestelt2/install/logger_wrapper:/home/nvidia/gestelt_ws/src/gestelt2/install/ikd_tree:/home/nvidia/gestelt_ws/src/gestelt2/install/decomp_util:/home/nvidia/gestelt_ws/src/gestelt2/install/decomp_ros_msgs:/home/nvidia/gestelt_ws/src/gestelt2/install/bonxai:${AMENT_PREFIX_PATH} CMAKE_PREFIX_PATH=/home/nvidia/gestelt_ws/src/gestelt2/install/gestelt_core:/home/nvidia/gestelt_ws/src/gestelt2/install/occ_map:/home/nvidia/gestelt_ws/src/gestelt2/install/decomp_ros_utils:/home/nvidia/gestelt_ws/src/gestelt2/install/logger_wrapper:/home/nvidia/gestelt_ws/src/gestelt2/install/ikd_tree:/home/nvidia/gestelt_ws/src/gestelt2/install/decomp_util:/home/nvidia/gestelt_ws/src/gestelt2/install/decomp_ros_msgs:/home/nvidia/gestelt_ws/src/gestelt2/install/bonxai:/home/nvidia/gestelt_ws/install/gestelt_bringup:/home/nvidia/gestelt_ws/install/trajectory_server:/home/nvidia/gestelt_ws/install/linear_mpc_controller:/home/nvidia/gestelt_ws/install/gestelt_planner:/home/nvidia/gestelt_ws/install/gestelt_controller:/home/nvidia/gestelt_ws/install/astar_planner:/home/nvidia/gestelt_ws/install/gestelt_core:/home/nvidia/gestelt_ws/install/occ_map:/home/nvidia/gestelt_ws/install/logger_wrapper:/home/nvidia/gestelt_ws/install/ikd_tree:/home/nvidia/gestelt_ws/install/gestelt_interfaces:/home/nvidia/gestelt_ws/install/fake_sensor:/home/nvidia/gestelt_ws/install/fake_map:/home/nvidia/gestelt_ws/install/decomp_ros_utils:/home/nvidia/gestelt_ws/install/decomp_util:/home/nvidia/gestelt_ws/install/decomp_ros_msgs:/home/nvidia/gestelt_ws/install/bonxai:/home/nvidia/tl_vision2/install/vrpn_mocap:/home/nvidia/tl_vision2/install/px4_msgs:/home/nvidia/bridge_ws/install/depth2pcl:/home/nvidia/gestelt_ws/install/gestelt_commander:/home/nvidia/tl_vision2/install/vision:/home/nvidia/bridge_ws/install/vilota_bridge:/opt/ros/humble LD_LIBRARY_PATH=/home/nvidia/gestelt_ws/src/gestelt2/install/occ_map/lib:/home/nvidia/gestelt_ws/src/gestelt2/install/decomp_ros_utils/lib:/home/nvidia/gestelt_ws/src/gestelt2/install/logger_wrapper/lib:/home/nvidia/gestelt_ws/src/gestelt2/install/ikd_tree/lib:/home/nvidia/gestelt_ws/src/gestelt2/install/decomp_util/lib:/home/nvidia/gestelt_ws/src/gestelt2/install/decomp_ros_msgs/lib:/home/nvidia/gestelt_ws/src/gestelt2/install/bonxai/lib:${LD_LIBRARY_PATH} PYTHONPATH=/home/nvidia/gestelt_ws/src/gestelt2/install/decomp_ros_msgs/local/lib/python3.10/dist-packages:${PYTHONPATH} /usr/bin/cmake --build /home/nvidia/gestelt_ws/src/gestelt2/build/linear_mpc_controller -- -j8 -l8
[3.589s] Level 1:colcon.colcon_core.environment:create_environment_scripts_only(trajectory_server)
[3.590s] Level 1:colcon.colcon_core.environment:checking '/home/nvidia/gestelt_ws/src/gestelt2/install/trajectory_server' for CMake module files
[3.591s] Level 1:colcon.colcon_core.environment:checking '/home/nvidia/gestelt_ws/src/gestelt2/install/trajectory_server' for CMake config files
[3.592s] Level 1:colcon.colcon_core.shell:create_environment_hook('trajectory_server', 'cmake_prefix_path')
[3.592s] INFO:colcon.colcon_core.shell:Creating environment hook '/home/nvidia/gestelt_ws/src/gestelt2/install/trajectory_server/share/trajectory_server/hook/cmake_prefix_path.ps1'
[3.594s] INFO:colcon.colcon_core.shell:Creating environment descriptor '/home/nvidia/gestelt_ws/src/gestelt2/install/trajectory_server/share/trajectory_server/hook/cmake_prefix_path.dsv'
[3.594s] INFO:colcon.colcon_core.shell:Creating environment hook '/home/nvidia/gestelt_ws/src/gestelt2/install/trajectory_server/share/trajectory_server/hook/cmake_prefix_path.sh'
[3.596s] Level 1:colcon.colcon_core.environment:checking '/home/nvidia/gestelt_ws/src/gestelt2/install/trajectory_server/lib'
[3.597s] DEBUG:colcon.colcon_core.event_handler.log_command:Invoked command in '/home/nvidia/gestelt_ws/src/gestelt2/build/trajectory_server' returned '0': AMENT_PREFIX_PATH=/home/nvidia/gestelt_ws/src/gestelt2/install/logger_wrapper:/home/nvidia/gestelt_ws/src/gestelt2/install/gestelt_interfaces:${AMENT_PREFIX_PATH} CMAKE_PREFIX_PATH=/home/nvidia/gestelt_ws/src/gestelt2/install/logger_wrapper:/home/nvidia/gestelt_ws/src/gestelt2/install/gestelt_interfaces:/home/nvidia/gestelt_ws/install/gestelt_bringup:/home/nvidia/gestelt_ws/install/trajectory_server:/home/nvidia/gestelt_ws/install/linear_mpc_controller:/home/nvidia/gestelt_ws/install/gestelt_planner:/home/nvidia/gestelt_ws/install/gestelt_controller:/home/nvidia/gestelt_ws/install/astar_planner:/home/nvidia/gestelt_ws/install/gestelt_core:/home/nvidia/gestelt_ws/install/occ_map:/home/nvidia/gestelt_ws/install/logger_wrapper:/home/nvidia/gestelt_ws/install/ikd_tree:/home/nvidia/gestelt_ws/install/gestelt_interfaces:/home/nvidia/gestelt_ws/install/fake_sensor:/home/nvidia/gestelt_ws/install/fake_map:/home/nvidia/gestelt_ws/install/decomp_ros_utils:/home/nvidia/gestelt_ws/install/decomp_util:/home/nvidia/gestelt_ws/install/decomp_ros_msgs:/home/nvidia/gestelt_ws/install/bonxai:/home/nvidia/tl_vision2/install/vrpn_mocap:/home/nvidia/tl_vision2/install/px4_msgs:/home/nvidia/bridge_ws/install/depth2pcl:/home/nvidia/gestelt_ws/install/gestelt_commander:/home/nvidia/tl_vision2/install/vision:/home/nvidia/bridge_ws/install/vilota_bridge:/opt/ros/humble LD_LIBRARY_PATH=/home/nvidia/gestelt_ws/src/gestelt2/install/logger_wrapper/lib:/home/nvidia/gestelt_ws/src/gestelt2/install/gestelt_interfaces/lib:${LD_LIBRARY_PATH} PYTHONPATH=/home/nvidia/gestelt_ws/src/gestelt2/install/gestelt_interfaces/local/lib/python3.10/dist-packages:${PYTHONPATH} /usr/bin/cmake --install /home/nvidia/gestelt_ws/src/gestelt2/build/trajectory_server
[3.597s] Level 1:colcon.colcon_core.environment:checking '/home/nvidia/gestelt_ws/src/gestelt2/install/trajectory_server/bin'
[3.597s] Level 1:colcon.colcon_core.environment:checking '/home/nvidia/gestelt_ws/src/gestelt2/install/trajectory_server/lib/pkgconfig/trajectory_server.pc'
[3.598s] Level 1:colcon.colcon_core.environment:checking '/home/nvidia/gestelt_ws/src/gestelt2/install/trajectory_server/lib/python3.10/site-packages'
[3.598s] Level 1:colcon.colcon_core.environment:checking '/home/nvidia/gestelt_ws/src/gestelt2/install/trajectory_server/bin'
[3.599s] INFO:colcon.colcon_core.shell:Creating package script '/home/nvidia/gestelt_ws/src/gestelt2/install/trajectory_server/share/trajectory_server/package.ps1'
[3.600s] INFO:colcon.colcon_core.shell:Creating package descriptor '/home/nvidia/gestelt_ws/src/gestelt2/install/trajectory_server/share/trajectory_server/package.dsv'
[3.601s] INFO:colcon.colcon_core.shell:Creating package script '/home/nvidia/gestelt_ws/src/gestelt2/install/trajectory_server/share/trajectory_server/package.sh'
[3.602s] INFO:colcon.colcon_core.shell:Creating package script '/home/nvidia/gestelt_ws/src/gestelt2/install/trajectory_server/share/trajectory_server/package.bash'
[3.604s] INFO:colcon.colcon_core.shell:Creating package script '/home/nvidia/gestelt_ws/src/gestelt2/install/trajectory_server/share/trajectory_server/package.zsh'
[3.605s] Level 1:colcon.colcon_core.environment:create_file_with_runtime_dependencies(/home/nvidia/gestelt_ws/src/gestelt2/install/trajectory_server/share/colcon-core/packages/trajectory_server)
[3.606s] Level 1:colcon.colcon_core.environment:create_environment_scripts_only(trajectory_server)
[3.607s] Level 1:colcon.colcon_core.environment:checking '/home/nvidia/gestelt_ws/src/gestelt2/install/trajectory_server' for CMake module files
[3.608s] Level 1:colcon.colcon_core.environment:checking '/home/nvidia/gestelt_ws/src/gestelt2/install/trajectory_server' for CMake config files
[3.608s] Level 1:colcon.colcon_core.shell:create_environment_hook('trajectory_server', 'cmake_prefix_path')
[3.609s] INFO:colcon.colcon_core.shell:Creating environment hook '/home/nvidia/gestelt_ws/src/gestelt2/install/trajectory_server/share/trajectory_server/hook/cmake_prefix_path.ps1'
[3.610s] INFO:colcon.colcon_core.shell:Creating environment descriptor '/home/nvidia/gestelt_ws/src/gestelt2/install/trajectory_server/share/trajectory_server/hook/cmake_prefix_path.dsv'
[3.611s] INFO:colcon.colcon_core.shell:Creating environment hook '/home/nvidia/gestelt_ws/src/gestelt2/install/trajectory_server/share/trajectory_server/hook/cmake_prefix_path.sh'
[3.613s] Level 1:colcon.colcon_core.environment:checking '/home/nvidia/gestelt_ws/src/gestelt2/install/trajectory_server/lib'
[3.613s] Level 1:colcon.colcon_core.environment:checking '/home/nvidia/gestelt_ws/src/gestelt2/install/trajectory_server/bin'
[3.613s] Level 1:colcon.colcon_core.environment:checking '/home/nvidia/gestelt_ws/src/gestelt2/install/trajectory_server/lib/pkgconfig/trajectory_server.pc'
[3.614s] Level 1:colcon.colcon_core.environment:checking '/home/nvidia/gestelt_ws/src/gestelt2/install/trajectory_server/lib/python3.10/site-packages'
[3.614s] Level 1:colcon.colcon_core.environment:checking '/home/nvidia/gestelt_ws/src/gestelt2/install/trajectory_server/bin'
[3.615s] INFO:colcon.colcon_core.shell:Creating package script '/home/nvidia/gestelt_ws/src/gestelt2/install/trajectory_server/share/trajectory_server/package.ps1'
[3.616s] INFO:colcon.colcon_core.shell:Creating package descriptor '/home/nvidia/gestelt_ws/src/gestelt2/install/trajectory_server/share/trajectory_server/package.dsv'
[3.617s] INFO:colcon.colcon_core.shell:Creating package script '/home/nvidia/gestelt_ws/src/gestelt2/install/trajectory_server/share/trajectory_server/package.sh'
[3.618s] INFO:colcon.colcon_core.shell:Creating package script '/home/nvidia/gestelt_ws/src/gestelt2/install/trajectory_server/share/trajectory_server/package.bash'
[3.619s] INFO:colcon.colcon_core.shell:Creating package script '/home/nvidia/gestelt_ws/src/gestelt2/install/trajectory_server/share/trajectory_server/package.zsh'
[3.620s] Level 1:colcon.colcon_core.environment:create_file_with_runtime_dependencies(/home/nvidia/gestelt_ws/src/gestelt2/install/trajectory_server/share/colcon-core/packages/trajectory_server)
[4.557s] Level 1:colcon.colcon_core.shell:create_environment_hook('gestelt_commander', 'pythonpath_develop')
[4.558s] INFO:colcon.colcon_core.shell:Creating environment hook '/home/nvidia/gestelt_ws/src/gestelt2/build/gestelt_commander/share/gestelt_commander/hook/pythonpath_develop.ps1'
[4.559s] DEBUG:colcon.colcon_core.event_handler.log_command:Invoked command in '/home/nvidia/gestelt_ws/src/gestelt2/build/gestelt_commander' returned '0': PYTHONPATH=/home/nvidia/gestelt_ws/src/gestelt2/build/gestelt_commander/prefix_override:/usr/lib/python3/dist-packages/colcon_core/task/python/colcon_distutils_commands:/home/nvidia/gestelt_ws/src/gestelt2/install/gestelt_commander/lib/python3.10/site-packages:${PYTHONPATH} /usr/bin/python3 -W ignore:setup.py install is deprecated -W ignore:easy_install command is deprecated setup.py develop --editable --build-directory /home/nvidia/gestelt_ws/src/gestelt2/build/gestelt_commander/build --no-deps symlink_data
[4.560s] INFO:colcon.colcon_core.shell:Creating environment descriptor '/home/nvidia/gestelt_ws/src/gestelt2/build/gestelt_commander/share/gestelt_commander/hook/pythonpath_develop.dsv'
[4.561s] INFO:colcon.colcon_core.shell:Creating environment hook '/home/nvidia/gestelt_ws/src/gestelt2/build/gestelt_commander/share/gestelt_commander/hook/pythonpath_develop.sh'
[4.563s] Level 1:colcon.colcon_core.environment:checking '/home/nvidia/gestelt_ws/src/gestelt2/install/gestelt_commander' for CMake module files
[4.564s] Level 1:colcon.colcon_core.environment:checking '/home/nvidia/gestelt_ws/src/gestelt2/install/gestelt_commander' for CMake config files
[4.565s] Level 1:colcon.colcon_core.environment:checking '/home/nvidia/gestelt_ws/src/gestelt2/install/gestelt_commander/lib'
[4.565s] Level 1:colcon.colcon_core.environment:checking '/home/nvidia/gestelt_ws/src/gestelt2/install/gestelt_commander/bin'
[4.565s] Level 1:colcon.colcon_core.environment:checking '/home/nvidia/gestelt_ws/src/gestelt2/install/gestelt_commander/lib/pkgconfig/gestelt_commander.pc'
[4.566s] Level 1:colcon.colcon_core.environment:checking '/home/nvidia/gestelt_ws/src/gestelt2/install/gestelt_commander/lib/python3.10/site-packages'
[4.566s] Level 1:colcon.colcon_core.shell:create_environment_hook('gestelt_commander', 'pythonpath')
[4.567s] INFO:colcon.colcon_core.shell:Creating environment hook '/home/nvidia/gestelt_ws/src/gestelt2/install/gestelt_commander/share/gestelt_commander/hook/pythonpath.ps1'
[4.568s] INFO:colcon.colcon_core.shell:Creating environment descriptor '/home/nvidia/gestelt_ws/src/gestelt2/install/gestelt_commander/share/gestelt_commander/hook/pythonpath.dsv'
[4.569s] INFO:colcon.colcon_core.shell:Creating environment hook '/home/nvidia/gestelt_ws/src/gestelt2/install/gestelt_commander/share/gestelt_commander/hook/pythonpath.sh'
[4.570s] Level 1:colcon.colcon_core.environment:checking '/home/nvidia/gestelt_ws/src/gestelt2/install/gestelt_commander/bin'
[4.570s] Level 1:colcon.colcon_core.environment:create_environment_scripts_only(gestelt_commander)
[4.571s] INFO:colcon.colcon_core.shell:Creating package script '/home/nvidia/gestelt_ws/src/gestelt2/install/gestelt_commander/share/gestelt_commander/package.ps1'
[4.572s] INFO:colcon.colcon_core.shell:Creating package descriptor '/home/nvidia/gestelt_ws/src/gestelt2/install/gestelt_commander/share/gestelt_commander/package.dsv'
[4.573s] INFO:colcon.colcon_core.shell:Creating package script '/home/nvidia/gestelt_ws/src/gestelt2/install/gestelt_commander/share/gestelt_commander/package.sh'
[4.574s] INFO:colcon.colcon_core.shell:Creating package script '/home/nvidia/gestelt_ws/src/gestelt2/install/gestelt_commander/share/gestelt_commander/package.bash'
[4.575s] INFO:colcon.colcon_core.shell:Creating package script '/home/nvidia/gestelt_ws/src/gestelt2/install/gestelt_commander/share/gestelt_commander/package.zsh'
[4.576s] Level 1:colcon.colcon_core.environment:create_file_with_runtime_dependencies(/home/nvidia/gestelt_ws/src/gestelt2/install/gestelt_commander/share/colcon-core/packages/gestelt_commander)
[32.930s] DEBUG:colcon.colcon_core.event_handler.log_command:Invoked command in '/home/nvidia/gestelt_ws/src/gestelt2/build/gestelt_controller' returned '0': AMENT_PREFIX_PATH=/home/nvidia/gestelt_ws/src/gestelt2/install/gestelt_core:/home/nvidia/gestelt_ws/src/gestelt2/install/occ_map:/home/nvidia/gestelt_ws/src/gestelt2/install/logger_wrapper:/home/nvidia/gestelt_ws/src/gestelt2/install/ikd_tree:/home/nvidia/gestelt_ws/src/gestelt2/install/bonxai:${AMENT_PREFIX_PATH} CMAKE_PREFIX_PATH=/home/nvidia/gestelt_ws/src/gestelt2/install/gestelt_core:/home/nvidia/gestelt_ws/src/gestelt2/install/occ_map:/home/nvidia/gestelt_ws/src/gestelt2/install/logger_wrapper:/home/nvidia/gestelt_ws/src/gestelt2/install/ikd_tree:/home/nvidia/gestelt_ws/src/gestelt2/install/bonxai:/home/nvidia/gestelt_ws/install/gestelt_bringup:/home/nvidia/gestelt_ws/install/trajectory_server:/home/nvidia/gestelt_ws/install/linear_mpc_controller:/home/nvidia/gestelt_ws/install/gestelt_planner:/home/nvidia/gestelt_ws/install/gestelt_controller:/home/nvidia/gestelt_ws/install/astar_planner:/home/nvidia/gestelt_ws/install/gestelt_core:/home/nvidia/gestelt_ws/install/occ_map:/home/nvidia/gestelt_ws/install/logger_wrapper:/home/nvidia/gestelt_ws/install/ikd_tree:/home/nvidia/gestelt_ws/install/gestelt_interfaces:/home/nvidia/gestelt_ws/install/fake_sensor:/home/nvidia/gestelt_ws/install/fake_map:/home/nvidia/gestelt_ws/install/decomp_ros_utils:/home/nvidia/gestelt_ws/install/decomp_util:/home/nvidia/gestelt_ws/install/decomp_ros_msgs:/home/nvidia/gestelt_ws/install/bonxai:/home/nvidia/tl_vision2/install/vrpn_mocap:/home/nvidia/tl_vision2/install/px4_msgs:/home/nvidia/bridge_ws/install/depth2pcl:/home/nvidia/gestelt_ws/install/gestelt_commander:/home/nvidia/tl_vision2/install/vision:/home/nvidia/bridge_ws/install/vilota_bridge:/opt/ros/humble LD_LIBRARY_PATH=/home/nvidia/gestelt_ws/src/gestelt2/install/occ_map/lib:/home/nvidia/gestelt_ws/src/gestelt2/install/logger_wrapper/lib:/home/nvidia/gestelt_ws/src/gestelt2/install/ikd_tree/lib:/home/nvidia/gestelt_ws/src/gestelt2/install/bonxai/lib:${LD_LIBRARY_PATH} /usr/bin/cmake --build /home/nvidia/gestelt_ws/src/gestelt2/build/gestelt_controller -- -j8 -l8
[32.935s] DEBUG:colcon.colcon_core.event_handler.log_command:Invoking command in '/home/nvidia/gestelt_ws/src/gestelt2/build/gestelt_controller': AMENT_PREFIX_PATH=/home/nvidia/gestelt_ws/src/gestelt2/install/gestelt_core:/home/nvidia/gestelt_ws/src/gestelt2/install/occ_map:/home/nvidia/gestelt_ws/src/gestelt2/install/logger_wrapper:/home/nvidia/gestelt_ws/src/gestelt2/install/ikd_tree:/home/nvidia/gestelt_ws/src/gestelt2/install/bonxai:${AMENT_PREFIX_PATH} CMAKE_PREFIX_PATH=/home/nvidia/gestelt_ws/src/gestelt2/install/gestelt_core:/home/nvidia/gestelt_ws/src/gestelt2/install/occ_map:/home/nvidia/gestelt_ws/src/gestelt2/install/logger_wrapper:/home/nvidia/gestelt_ws/src/gestelt2/install/ikd_tree:/home/nvidia/gestelt_ws/src/gestelt2/install/bonxai:/home/nvidia/gestelt_ws/install/gestelt_bringup:/home/nvidia/gestelt_ws/install/trajectory_server:/home/nvidia/gestelt_ws/install/linear_mpc_controller:/home/nvidia/gestelt_ws/install/gestelt_planner:/home/nvidia/gestelt_ws/install/gestelt_controller:/home/nvidia/gestelt_ws/install/astar_planner:/home/nvidia/gestelt_ws/install/gestelt_core:/home/nvidia/gestelt_ws/install/occ_map:/home/nvidia/gestelt_ws/install/logger_wrapper:/home/nvidia/gestelt_ws/install/ikd_tree:/home/nvidia/gestelt_ws/install/gestelt_interfaces:/home/nvidia/gestelt_ws/install/fake_sensor:/home/nvidia/gestelt_ws/install/fake_map:/home/nvidia/gestelt_ws/install/decomp_ros_utils:/home/nvidia/gestelt_ws/install/decomp_util:/home/nvidia/gestelt_ws/install/decomp_ros_msgs:/home/nvidia/gestelt_ws/install/bonxai:/home/nvidia/tl_vision2/install/vrpn_mocap:/home/nvidia/tl_vision2/install/px4_msgs:/home/nvidia/bridge_ws/install/depth2pcl:/home/nvidia/gestelt_ws/install/gestelt_commander:/home/nvidia/tl_vision2/install/vision:/home/nvidia/bridge_ws/install/vilota_bridge:/opt/ros/humble LD_LIBRARY_PATH=/home/nvidia/gestelt_ws/src/gestelt2/install/occ_map/lib:/home/nvidia/gestelt_ws/src/gestelt2/install/logger_wrapper/lib:/home/nvidia/gestelt_ws/src/gestelt2/install/ikd_tree/lib:/home/nvidia/gestelt_ws/src/gestelt2/install/bonxai/lib:${LD_LIBRARY_PATH} /usr/bin/cmake --install /home/nvidia/gestelt_ws/src/gestelt2/build/gestelt_controller
[33.656s] Level 1:colcon.colcon_core.environment:create_environment_scripts_only(gestelt_controller)
[33.657s] Level 1:colcon.colcon_core.environment:checking '/home/nvidia/gestelt_ws/src/gestelt2/install/gestelt_controller' for CMake module files
[33.658s] DEBUG:colcon.colcon_core.event_handler.log_command:Invoked command in '/home/nvidia/gestelt_ws/src/gestelt2/build/gestelt_controller' returned '0': AMENT_PREFIX_PATH=/home/nvidia/gestelt_ws/src/gestelt2/install/gestelt_core:/home/nvidia/gestelt_ws/src/gestelt2/install/occ_map:/home/nvidia/gestelt_ws/src/gestelt2/install/logger_wrapper:/home/nvidia/gestelt_ws/src/gestelt2/install/ikd_tree:/home/nvidia/gestelt_ws/src/gestelt2/install/bonxai:${AMENT_PREFIX_PATH} CMAKE_PREFIX_PATH=/home/nvidia/gestelt_ws/src/gestelt2/install/gestelt_core:/home/nvidia/gestelt_ws/src/gestelt2/install/occ_map:/home/nvidia/gestelt_ws/src/gestelt2/install/logger_wrapper:/home/nvidia/gestelt_ws/src/gestelt2/install/ikd_tree:/home/nvidia/gestelt_ws/src/gestelt2/install/bonxai:/home/nvidia/gestelt_ws/install/gestelt_bringup:/home/nvidia/gestelt_ws/install/trajectory_server:/home/nvidia/gestelt_ws/install/linear_mpc_controller:/home/nvidia/gestelt_ws/install/gestelt_planner:/home/nvidia/gestelt_ws/install/gestelt_controller:/home/nvidia/gestelt_ws/install/astar_planner:/home/nvidia/gestelt_ws/install/gestelt_core:/home/nvidia/gestelt_ws/install/occ_map:/home/nvidia/gestelt_ws/install/logger_wrapper:/home/nvidia/gestelt_ws/install/ikd_tree:/home/nvidia/gestelt_ws/install/gestelt_interfaces:/home/nvidia/gestelt_ws/install/fake_sensor:/home/nvidia/gestelt_ws/install/fake_map:/home/nvidia/gestelt_ws/install/decomp_ros_utils:/home/nvidia/gestelt_ws/install/decomp_util:/home/nvidia/gestelt_ws/install/decomp_ros_msgs:/home/nvidia/gestelt_ws/install/bonxai:/home/nvidia/tl_vision2/install/vrpn_mocap:/home/nvidia/tl_vision2/install/px4_msgs:/home/nvidia/bridge_ws/install/depth2pcl:/home/nvidia/gestelt_ws/install/gestelt_commander:/home/nvidia/tl_vision2/install/vision:/home/nvidia/bridge_ws/install/vilota_bridge:/opt/ros/humble LD_LIBRARY_PATH=/home/nvidia/gestelt_ws/src/gestelt2/install/occ_map/lib:/home/nvidia/gestelt_ws/src/gestelt2/install/logger_wrapper/lib:/home/nvidia/gestelt_ws/src/gestelt2/install/ikd_tree/lib:/home/nvidia/gestelt_ws/src/gestelt2/install/bonxai/lib:${LD_LIBRARY_PATH} /usr/bin/cmake --install /home/nvidia/gestelt_ws/src/gestelt2/build/gestelt_controller
[33.659s] Level 1:colcon.colcon_core.environment:checking '/home/nvidia/gestelt_ws/src/gestelt2/install/gestelt_controller' for CMake config files
[33.660s] Level 1:colcon.colcon_core.shell:create_environment_hook('gestelt_controller', 'cmake_prefix_path')
[33.661s] INFO:colcon.colcon_core.shell:Creating environment hook '/home/nvidia/gestelt_ws/src/gestelt2/install/gestelt_controller/share/gestelt_controller/hook/cmake_prefix_path.ps1'
[33.662s] INFO:colcon.colcon_core.shell:Creating environment descriptor '/home/nvidia/gestelt_ws/src/gestelt2/install/gestelt_controller/share/gestelt_controller/hook/cmake_prefix_path.dsv'
[33.663s] INFO:colcon.colcon_core.shell:Creating environment hook '/home/nvidia/gestelt_ws/src/gestelt2/install/gestelt_controller/share/gestelt_controller/hook/cmake_prefix_path.sh'
[33.665s] Level 1:colcon.colcon_core.environment:checking '/home/nvidia/gestelt_ws/src/gestelt2/install/gestelt_controller/lib'
[33.665s] Level 1:colcon.colcon_core.shell:create_environment_hook('gestelt_controller', 'ld_library_path_lib')
[33.666s] INFO:colcon.colcon_core.shell:Creating environment hook '/home/nvidia/gestelt_ws/src/gestelt2/install/gestelt_controller/share/gestelt_controller/hook/ld_library_path_lib.ps1'
[33.667s] INFO:colcon.colcon_core.shell:Creating environment descriptor '/home/nvidia/gestelt_ws/src/gestelt2/install/gestelt_controller/share/gestelt_controller/hook/ld_library_path_lib.dsv'
[33.668s] INFO:colcon.colcon_core.shell:Creating environment hook '/home/nvidia/gestelt_ws/src/gestelt2/install/gestelt_controller/share/gestelt_controller/hook/ld_library_path_lib.sh'
[33.669s] Level 1:colcon.colcon_core.environment:checking '/home/nvidia/gestelt_ws/src/gestelt2/install/gestelt_controller/bin'
[33.669s] Level 1:colcon.colcon_core.environment:checking '/home/nvidia/gestelt_ws/src/gestelt2/install/gestelt_controller/lib/pkgconfig/gestelt_controller.pc'
[33.669s] Level 1:colcon.colcon_core.environment:checking '/home/nvidia/gestelt_ws/src/gestelt2/install/gestelt_controller/lib/python3.10/site-packages'
[33.670s] Level 1:colcon.colcon_core.environment:checking '/home/nvidia/gestelt_ws/src/gestelt2/install/gestelt_controller/bin'
[33.670s] INFO:colcon.colcon_core.shell:Creating package script '/home/nvidia/gestelt_ws/src/gestelt2/install/gestelt_controller/share/gestelt_controller/package.ps1'
[33.672s] INFO:colcon.colcon_core.shell:Creating package descriptor '/home/nvidia/gestelt_ws/src/gestelt2/install/gestelt_controller/share/gestelt_controller/package.dsv'
[33.673s] INFO:colcon.colcon_core.shell:Creating package script '/home/nvidia/gestelt_ws/src/gestelt2/install/gestelt_controller/share/gestelt_controller/package.sh'
[33.674s] INFO:colcon.colcon_core.shell:Creating package script '/home/nvidia/gestelt_ws/src/gestelt2/install/gestelt_controller/share/gestelt_controller/package.bash'
[33.674s] INFO:colcon.colcon_core.shell:Creating package script '/home/nvidia/gestelt_ws/src/gestelt2/install/gestelt_controller/share/gestelt_controller/package.zsh'
[33.675s] Level 1:colcon.colcon_core.environment:create_file_with_runtime_dependencies(/home/nvidia/gestelt_ws/src/gestelt2/install/gestelt_controller/share/colcon-core/packages/gestelt_controller)
[33.677s] Level 1:colcon.colcon_core.environment:create_environment_scripts_only(gestelt_controller)
[33.677s] Level 1:colcon.colcon_core.environment:checking '/home/nvidia/gestelt_ws/src/gestelt2/install/gestelt_controller' for CMake module files
[33.679s] Level 1:colcon.colcon_core.environment:checking '/home/nvidia/gestelt_ws/src/gestelt2/install/gestelt_controller' for CMake config files
[33.680s] Level 1:colcon.colcon_core.shell:create_environment_hook('gestelt_controller', 'cmake_prefix_path')
[33.680s] INFO:colcon.colcon_core.shell:Creating environment hook '/home/nvidia/gestelt_ws/src/gestelt2/install/gestelt_controller/share/gestelt_controller/hook/cmake_prefix_path.ps1'
[33.683s] INFO:colcon.colcon_core.shell:Creating environment descriptor '/home/nvidia/gestelt_ws/src/gestelt2/install/gestelt_controller/share/gestelt_controller/hook/cmake_prefix_path.dsv'
[33.684s] INFO:colcon.colcon_core.shell:Creating environment hook '/home/nvidia/gestelt_ws/src/gestelt2/install/gestelt_controller/share/gestelt_controller/hook/cmake_prefix_path.sh'
[33.685s] Level 1:colcon.colcon_core.environment:checking '/home/nvidia/gestelt_ws/src/gestelt2/install/gestelt_controller/lib'
[33.686s] Level 1:colcon.colcon_core.shell:create_environment_hook('gestelt_controller', 'ld_library_path_lib')
[33.686s] INFO:colcon.colcon_core.shell:Creating environment hook '/home/nvidia/gestelt_ws/src/gestelt2/install/gestelt_controller/share/gestelt_controller/hook/ld_library_path_lib.ps1'
[33.687s] INFO:colcon.colcon_core.shell:Creating environment descriptor '/home/nvidia/gestelt_ws/src/gestelt2/install/gestelt_controller/share/gestelt_controller/hook/ld_library_path_lib.dsv'
[33.688s] INFO:colcon.colcon_core.shell:Creating environment hook '/home/nvidia/gestelt_ws/src/gestelt2/install/gestelt_controller/share/gestelt_controller/hook/ld_library_path_lib.sh'
[33.690s] Level 1:colcon.colcon_core.environment:checking '/home/nvidia/gestelt_ws/src/gestelt2/install/gestelt_controller/bin'
[33.690s] Level 1:colcon.colcon_core.environment:checking '/home/nvidia/gestelt_ws/src/gestelt2/install/gestelt_controller/lib/pkgconfig/gestelt_controller.pc'
[33.690s] Level 1:colcon.colcon_core.environment:checking '/home/nvidia/gestelt_ws/src/gestelt2/install/gestelt_controller/lib/python3.10/site-packages'
[33.691s] Level 1:colcon.colcon_core.environment:checking '/home/nvidia/gestelt_ws/src/gestelt2/install/gestelt_controller/bin'
[33.692s] INFO:colcon.colcon_core.shell:Creating package script '/home/nvidia/gestelt_ws/src/gestelt2/install/gestelt_controller/share/gestelt_controller/package.ps1'
[33.693s] INFO:colcon.colcon_core.shell:Creating package descriptor '/home/nvidia/gestelt_ws/src/gestelt2/install/gestelt_controller/share/gestelt_controller/package.dsv'
[33.694s] INFO:colcon.colcon_core.shell:Creating package script '/home/nvidia/gestelt_ws/src/gestelt2/install/gestelt_controller/share/gestelt_controller/package.sh'
[33.695s] INFO:colcon.colcon_core.shell:Creating package script '/home/nvidia/gestelt_ws/src/gestelt2/install/gestelt_controller/share/gestelt_controller/package.bash'
[33.696s] INFO:colcon.colcon_core.shell:Creating package script '/home/nvidia/gestelt_ws/src/gestelt2/install/gestelt_controller/share/gestelt_controller/package.zsh'
[33.697s] Level 1:colcon.colcon_core.environment:create_file_with_runtime_dependencies(/home/nvidia/gestelt_ws/src/gestelt2/install/gestelt_controller/share/colcon-core/packages/gestelt_controller)
[35.799s] DEBUG:colcon.colcon_core.event_handler.log_command:Invoked command in '/home/nvidia/gestelt_ws/src/gestelt2/build/astar_planner' returned '0': AMENT_PREFIX_PATH=/home/nvidia/gestelt_ws/src/gestelt2/install/gestelt_core:/home/nvidia/gestelt_ws/src/gestelt2/install/occ_map:/home/nvidia/gestelt_ws/src/gestelt2/install/logger_wrapper:/home/nvidia/gestelt_ws/src/gestelt2/install/ikd_tree:/home/nvidia/gestelt_ws/src/gestelt2/install/bonxai:${AMENT_PREFIX_PATH} CMAKE_PREFIX_PATH=/home/nvidia/gestelt_ws/src/gestelt2/install/gestelt_core:/home/nvidia/gestelt_ws/src/gestelt2/install/occ_map:/home/nvidia/gestelt_ws/src/gestelt2/install/logger_wrapper:/home/nvidia/gestelt_ws/src/gestelt2/install/ikd_tree:/home/nvidia/gestelt_ws/src/gestelt2/install/bonxai:/home/nvidia/gestelt_ws/install/gestelt_bringup:/home/nvidia/gestelt_ws/install/trajectory_server:/home/nvidia/gestelt_ws/install/linear_mpc_controller:/home/nvidia/gestelt_ws/install/gestelt_planner:/home/nvidia/gestelt_ws/install/gestelt_controller:/home/nvidia/gestelt_ws/install/astar_planner:/home/nvidia/gestelt_ws/install/gestelt_core:/home/nvidia/gestelt_ws/install/occ_map:/home/nvidia/gestelt_ws/install/logger_wrapper:/home/nvidia/gestelt_ws/install/ikd_tree:/home/nvidia/gestelt_ws/install/gestelt_interfaces:/home/nvidia/gestelt_ws/install/fake_sensor:/home/nvidia/gestelt_ws/install/fake_map:/home/nvidia/gestelt_ws/install/decomp_ros_utils:/home/nvidia/gestelt_ws/install/decomp_util:/home/nvidia/gestelt_ws/install/decomp_ros_msgs:/home/nvidia/gestelt_ws/install/bonxai:/home/nvidia/tl_vision2/install/vrpn_mocap:/home/nvidia/tl_vision2/install/px4_msgs:/home/nvidia/bridge_ws/install/depth2pcl:/home/nvidia/gestelt_ws/install/gestelt_commander:/home/nvidia/tl_vision2/install/vision:/home/nvidia/bridge_ws/install/vilota_bridge:/opt/ros/humble LD_LIBRARY_PATH=/home/nvidia/gestelt_ws/src/gestelt2/install/occ_map/lib:/home/nvidia/gestelt_ws/src/gestelt2/install/logger_wrapper/lib:/home/nvidia/gestelt_ws/src/gestelt2/install/ikd_tree/lib:/home/nvidia/gestelt_ws/src/gestelt2/install/bonxai/lib:${LD_LIBRARY_PATH} /usr/bin/cmake --build /home/nvidia/gestelt_ws/src/gestelt2/build/astar_planner -- -j8 -l8
[35.805s] DEBUG:colcon.colcon_core.event_handler.log_command:Invoking command in '/home/nvidia/gestelt_ws/src/gestelt2/build/astar_planner': AMENT_PREFIX_PATH=/home/nvidia/gestelt_ws/src/gestelt2/install/gestelt_core:/home/nvidia/gestelt_ws/src/gestelt2/install/occ_map:/home/nvidia/gestelt_ws/src/gestelt2/install/logger_wrapper:/home/nvidia/gestelt_ws/src/gestelt2/install/ikd_tree:/home/nvidia/gestelt_ws/src/gestelt2/install/bonxai:${AMENT_PREFIX_PATH} CMAKE_PREFIX_PATH=/home/nvidia/gestelt_ws/src/gestelt2/install/gestelt_core:/home/nvidia/gestelt_ws/src/gestelt2/install/occ_map:/home/nvidia/gestelt_ws/src/gestelt2/install/logger_wrapper:/home/nvidia/gestelt_ws/src/gestelt2/install/ikd_tree:/home/nvidia/gestelt_ws/src/gestelt2/install/bonxai:/home/nvidia/gestelt_ws/install/gestelt_bringup:/home/nvidia/gestelt_ws/install/trajectory_server:/home/nvidia/gestelt_ws/install/linear_mpc_controller:/home/nvidia/gestelt_ws/install/gestelt_planner:/home/nvidia/gestelt_ws/install/gestelt_controller:/home/nvidia/gestelt_ws/install/astar_planner:/home/nvidia/gestelt_ws/install/gestelt_core:/home/nvidia/gestelt_ws/install/occ_map:/home/nvidia/gestelt_ws/install/logger_wrapper:/home/nvidia/gestelt_ws/install/ikd_tree:/home/nvidia/gestelt_ws/install/gestelt_interfaces:/home/nvidia/gestelt_ws/install/fake_sensor:/home/nvidia/gestelt_ws/install/fake_map:/home/nvidia/gestelt_ws/install/decomp_ros_utils:/home/nvidia/gestelt_ws/install/decomp_util:/home/nvidia/gestelt_ws/install/decomp_ros_msgs:/home/nvidia/gestelt_ws/install/bonxai:/home/nvidia/tl_vision2/install/vrpn_mocap:/home/nvidia/tl_vision2/install/px4_msgs:/home/nvidia/bridge_ws/install/depth2pcl:/home/nvidia/gestelt_ws/install/gestelt_commander:/home/nvidia/tl_vision2/install/vision:/home/nvidia/bridge_ws/install/vilota_bridge:/opt/ros/humble LD_LIBRARY_PATH=/home/nvidia/gestelt_ws/src/gestelt2/install/occ_map/lib:/home/nvidia/gestelt_ws/src/gestelt2/install/logger_wrapper/lib:/home/nvidia/gestelt_ws/src/gestelt2/install/ikd_tree/lib:/home/nvidia/gestelt_ws/src/gestelt2/install/bonxai/lib:${LD_LIBRARY_PATH} /usr/bin/cmake --install /home/nvidia/gestelt_ws/src/gestelt2/build/astar_planner
[36.415s] Level 1:colcon.colcon_core.environment:create_environment_scripts_only(astar_planner)
[36.417s] Level 1:colcon.colcon_core.environment:checking '/home/nvidia/gestelt_ws/src/gestelt2/install/astar_planner' for CMake module files
[36.418s] DEBUG:colcon.colcon_core.event_handler.log_command:Invoked command in '/home/nvidia/gestelt_ws/src/gestelt2/build/astar_planner' returned '0': AMENT_PREFIX_PATH=/home/nvidia/gestelt_ws/src/gestelt2/install/gestelt_core:/home/nvidia/gestelt_ws/src/gestelt2/install/occ_map:/home/nvidia/gestelt_ws/src/gestelt2/install/logger_wrapper:/home/nvidia/gestelt_ws/src/gestelt2/install/ikd_tree:/home/nvidia/gestelt_ws/src/gestelt2/install/bonxai:${AMENT_PREFIX_PATH} CMAKE_PREFIX_PATH=/home/nvidia/gestelt_ws/src/gestelt2/install/gestelt_core:/home/nvidia/gestelt_ws/src/gestelt2/install/occ_map:/home/nvidia/gestelt_ws/src/gestelt2/install/logger_wrapper:/home/nvidia/gestelt_ws/src/gestelt2/install/ikd_tree:/home/nvidia/gestelt_ws/src/gestelt2/install/bonxai:/home/nvidia/gestelt_ws/install/gestelt_bringup:/home/nvidia/gestelt_ws/install/trajectory_server:/home/nvidia/gestelt_ws/install/linear_mpc_controller:/home/nvidia/gestelt_ws/install/gestelt_planner:/home/nvidia/gestelt_ws/install/gestelt_controller:/home/nvidia/gestelt_ws/install/astar_planner:/home/nvidia/gestelt_ws/install/gestelt_core:/home/nvidia/gestelt_ws/install/occ_map:/home/nvidia/gestelt_ws/install/logger_wrapper:/home/nvidia/gestelt_ws/install/ikd_tree:/home/nvidia/gestelt_ws/install/gestelt_interfaces:/home/nvidia/gestelt_ws/install/fake_sensor:/home/nvidia/gestelt_ws/install/fake_map:/home/nvidia/gestelt_ws/install/decomp_ros_utils:/home/nvidia/gestelt_ws/install/decomp_util:/home/nvidia/gestelt_ws/install/decomp_ros_msgs:/home/nvidia/gestelt_ws/install/bonxai:/home/nvidia/tl_vision2/install/vrpn_mocap:/home/nvidia/tl_vision2/install/px4_msgs:/home/nvidia/bridge_ws/install/depth2pcl:/home/nvidia/gestelt_ws/install/gestelt_commander:/home/nvidia/tl_vision2/install/vision:/home/nvidia/bridge_ws/install/vilota_bridge:/opt/ros/humble LD_LIBRARY_PATH=/home/nvidia/gestelt_ws/src/gestelt2/install/occ_map/lib:/home/nvidia/gestelt_ws/src/gestelt2/install/logger_wrapper/lib:/home/nvidia/gestelt_ws/src/gestelt2/install/ikd_tree/lib:/home/nvidia/gestelt_ws/src/gestelt2/install/bonxai/lib:${LD_LIBRARY_PATH} /usr/bin/cmake --install /home/nvidia/gestelt_ws/src/gestelt2/build/astar_planner
[36.420s] Level 1:colcon.colcon_core.environment:checking '/home/nvidia/gestelt_ws/src/gestelt2/install/astar_planner' for CMake config files
[36.422s] Level 1:colcon.colcon_core.shell:create_environment_hook('astar_planner', 'cmake_prefix_path')
[36.423s] INFO:colcon.colcon_core.shell:Creating environment hook '/home/nvidia/gestelt_ws/src/gestelt2/install/astar_planner/share/astar_planner/hook/cmake_prefix_path.ps1'
[36.424s] INFO:colcon.colcon_core.shell:Creating environment descriptor '/home/nvidia/gestelt_ws/src/gestelt2/install/astar_planner/share/astar_planner/hook/cmake_prefix_path.dsv'
[36.424s] INFO:colcon.colcon_core.shell:Creating environment hook '/home/nvidia/gestelt_ws/src/gestelt2/install/astar_planner/share/astar_planner/hook/cmake_prefix_path.sh'
[36.426s] Level 1:colcon.colcon_core.environment:checking '/home/nvidia/gestelt_ws/src/gestelt2/install/astar_planner/lib'
[36.426s] Level 1:colcon.colcon_core.shell:create_environment_hook('astar_planner', 'ld_library_path_lib')
[36.426s] INFO:colcon.colcon_core.shell:Creating environment hook '/home/nvidia/gestelt_ws/src/gestelt2/install/astar_planner/share/astar_planner/hook/ld_library_path_lib.ps1'
[36.427s] INFO:colcon.colcon_core.shell:Creating environment descriptor '/home/nvidia/gestelt_ws/src/gestelt2/install/astar_planner/share/astar_planner/hook/ld_library_path_lib.dsv'
[36.428s] INFO:colcon.colcon_core.shell:Creating environment hook '/home/nvidia/gestelt_ws/src/gestelt2/install/astar_planner/share/astar_planner/hook/ld_library_path_lib.sh'
[36.430s] Level 1:colcon.colcon_core.environment:checking '/home/nvidia/gestelt_ws/src/gestelt2/install/astar_planner/bin'
[36.430s] Level 1:colcon.colcon_core.environment:checking '/home/nvidia/gestelt_ws/src/gestelt2/install/astar_planner/lib/pkgconfig/astar_planner.pc'
[36.430s] Level 1:colcon.colcon_core.environment:checking '/home/nvidia/gestelt_ws/src/gestelt2/install/astar_planner/lib/python3.10/site-packages'
[36.431s] Level 1:colcon.colcon_core.environment:checking '/home/nvidia/gestelt_ws/src/gestelt2/install/astar_planner/bin'
[36.432s] INFO:colcon.colcon_core.shell:Creating package script '/home/nvidia/gestelt_ws/src/gestelt2/install/astar_planner/share/astar_planner/package.ps1'
[36.433s] INFO:colcon.colcon_core.shell:Creating package descriptor '/home/nvidia/gestelt_ws/src/gestelt2/install/astar_planner/share/astar_planner/package.dsv'
[36.435s] INFO:colcon.colcon_core.shell:Creating package script '/home/nvidia/gestelt_ws/src/gestelt2/install/astar_planner/share/astar_planner/package.sh'
[36.436s] INFO:colcon.colcon_core.shell:Creating package script '/home/nvidia/gestelt_ws/src/gestelt2/install/astar_planner/share/astar_planner/package.bash'
[36.438s] INFO:colcon.colcon_core.shell:Creating package script '/home/nvidia/gestelt_ws/src/gestelt2/install/astar_planner/share/astar_planner/package.zsh'
[36.439s] Level 1:colcon.colcon_core.environment:create_file_with_runtime_dependencies(/home/nvidia/gestelt_ws/src/gestelt2/install/astar_planner/share/colcon-core/packages/astar_planner)
[36.440s] Level 1:colcon.colcon_core.environment:create_environment_scripts_only(astar_planner)
[36.441s] Level 1:colcon.colcon_core.environment:checking '/home/nvidia/gestelt_ws/src/gestelt2/install/astar_planner' for CMake module files
[36.442s] Level 1:colcon.colcon_core.environment:checking '/home/nvidia/gestelt_ws/src/gestelt2/install/astar_planner' for CMake config files
[36.443s] Level 1:colcon.colcon_core.shell:create_environment_hook('astar_planner', 'cmake_prefix_path')
[36.443s] INFO:colcon.colcon_core.shell:Creating environment hook '/home/nvidia/gestelt_ws/src/gestelt2/install/astar_planner/share/astar_planner/hook/cmake_prefix_path.ps1'
[36.445s] INFO:colcon.colcon_core.shell:Creating environment descriptor '/home/nvidia/gestelt_ws/src/gestelt2/install/astar_planner/share/astar_planner/hook/cmake_prefix_path.dsv'
[36.446s] INFO:colcon.colcon_core.shell:Creating environment hook '/home/nvidia/gestelt_ws/src/gestelt2/install/astar_planner/share/astar_planner/hook/cmake_prefix_path.sh'
[36.448s] Level 1:colcon.colcon_core.environment:checking '/home/nvidia/gestelt_ws/src/gestelt2/install/astar_planner/lib'
[36.449s] Level 1:colcon.colcon_core.shell:create_environment_hook('astar_planner', 'ld_library_path_lib')
[36.449s] INFO:colcon.colcon_core.shell:Creating environment hook '/home/nvidia/gestelt_ws/src/gestelt2/install/astar_planner/share/astar_planner/hook/ld_library_path_lib.ps1'
[36.451s] INFO:colcon.colcon_core.shell:Creating environment descriptor '/home/nvidia/gestelt_ws/src/gestelt2/install/astar_planner/share/astar_planner/hook/ld_library_path_lib.dsv'
[36.452s] INFO:colcon.colcon_core.shell:Creating environment hook '/home/nvidia/gestelt_ws/src/gestelt2/install/astar_planner/share/astar_planner/hook/ld_library_path_lib.sh'
[36.453s] Level 1:colcon.colcon_core.environment:checking '/home/nvidia/gestelt_ws/src/gestelt2/install/astar_planner/bin'
[36.454s] Level 1:colcon.colcon_core.environment:checking '/home/nvidia/gestelt_ws/src/gestelt2/install/astar_planner/lib/pkgconfig/astar_planner.pc'
[36.454s] Level 1:colcon.colcon_core.environment:checking '/home/nvidia/gestelt_ws/src/gestelt2/install/astar_planner/lib/python3.10/site-packages'
[36.455s] Level 1:colcon.colcon_core.environment:checking '/home/nvidia/gestelt_ws/src/gestelt2/install/astar_planner/bin'
[36.456s] INFO:colcon.colcon_core.shell:Creating package script '/home/nvidia/gestelt_ws/src/gestelt2/install/astar_planner/share/astar_planner/package.ps1'
[36.458s] INFO:colcon.colcon_core.shell:Creating package descriptor '/home/nvidia/gestelt_ws/src/gestelt2/install/astar_planner/share/astar_planner/package.dsv'
[36.459s] INFO:colcon.colcon_core.shell:Creating package script '/home/nvidia/gestelt_ws/src/gestelt2/install/astar_planner/share/astar_planner/package.sh'
[36.461s] INFO:colcon.colcon_core.shell:Creating package script '/home/nvidia/gestelt_ws/src/gestelt2/install/astar_planner/share/astar_planner/package.bash'
[36.462s] INFO:colcon.colcon_core.shell:Creating package script '/home/nvidia/gestelt_ws/src/gestelt2/install/astar_planner/share/astar_planner/package.zsh'
[36.464s] Level 1:colcon.colcon_core.environment:create_file_with_runtime_dependencies(/home/nvidia/gestelt_ws/src/gestelt2/install/astar_planner/share/colcon-core/packages/astar_planner)
[120.988s] DEBUG:colcon.colcon_core.event_handler.log_command:Invoked command in '/home/nvidia/gestelt_ws/src/gestelt2/build/linear_mpc_controller' returned '0': AMENT_PREFIX_PATH=/home/nvidia/gestelt_ws/src/gestelt2/install/gestelt_core:/home/nvidia/gestelt_ws/src/gestelt2/install/occ_map:/home/nvidia/gestelt_ws/src/gestelt2/install/decomp_ros_utils:/home/nvidia/gestelt_ws/src/gestelt2/install/logger_wrapper:/home/nvidia/gestelt_ws/src/gestelt2/install/ikd_tree:/home/nvidia/gestelt_ws/src/gestelt2/install/decomp_util:/home/nvidia/gestelt_ws/src/gestelt2/install/decomp_ros_msgs:/home/nvidia/gestelt_ws/src/gestelt2/install/bonxai:${AMENT_PREFIX_PATH} CMAKE_PREFIX_PATH=/home/nvidia/gestelt_ws/src/gestelt2/install/gestelt_core:/home/nvidia/gestelt_ws/src/gestelt2/install/occ_map:/home/nvidia/gestelt_ws/src/gestelt2/install/decomp_ros_utils:/home/nvidia/gestelt_ws/src/gestelt2/install/logger_wrapper:/home/nvidia/gestelt_ws/src/gestelt2/install/ikd_tree:/home/nvidia/gestelt_ws/src/gestelt2/install/decomp_util:/home/nvidia/gestelt_ws/src/gestelt2/install/decomp_ros_msgs:/home/nvidia/gestelt_ws/src/gestelt2/install/bonxai:/home/nvidia/gestelt_ws/install/gestelt_bringup:/home/nvidia/gestelt_ws/install/trajectory_server:/home/nvidia/gestelt_ws/install/linear_mpc_controller:/home/nvidia/gestelt_ws/install/gestelt_planner:/home/nvidia/gestelt_ws/install/gestelt_controller:/home/nvidia/gestelt_ws/install/astar_planner:/home/nvidia/gestelt_ws/install/gestelt_core:/home/nvidia/gestelt_ws/install/occ_map:/home/nvidia/gestelt_ws/install/logger_wrapper:/home/nvidia/gestelt_ws/install/ikd_tree:/home/nvidia/gestelt_ws/install/gestelt_interfaces:/home/nvidia/gestelt_ws/install/fake_sensor:/home/nvidia/gestelt_ws/install/fake_map:/home/nvidia/gestelt_ws/install/decomp_ros_utils:/home/nvidia/gestelt_ws/install/decomp_util:/home/nvidia/gestelt_ws/install/decomp_ros_msgs:/home/nvidia/gestelt_ws/install/bonxai:/home/nvidia/tl_vision2/install/vrpn_mocap:/home/nvidia/tl_vision2/install/px4_msgs:/home/nvidia/bridge_ws/install/depth2pcl:/home/nvidia/gestelt_ws/install/gestelt_commander:/home/nvidia/tl_vision2/install/vision:/home/nvidia/bridge_ws/install/vilota_bridge:/opt/ros/humble LD_LIBRARY_PATH=/home/nvidia/gestelt_ws/src/gestelt2/install/occ_map/lib:/home/nvidia/gestelt_ws/src/gestelt2/install/decomp_ros_utils/lib:/home/nvidia/gestelt_ws/src/gestelt2/install/logger_wrapper/lib:/home/nvidia/gestelt_ws/src/gestelt2/install/ikd_tree/lib:/home/nvidia/gestelt_ws/src/gestelt2/install/decomp_util/lib:/home/nvidia/gestelt_ws/src/gestelt2/install/decomp_ros_msgs/lib:/home/nvidia/gestelt_ws/src/gestelt2/install/bonxai/lib:${LD_LIBRARY_PATH} PYTHONPATH=/home/nvidia/gestelt_ws/src/gestelt2/install/decomp_ros_msgs/local/lib/python3.10/dist-packages:${PYTHONPATH} /usr/bin/cmake --build /home/nvidia/gestelt_ws/src/gestelt2/build/linear_mpc_controller -- -j8 -l8
[120.993s] DEBUG:colcon.colcon_core.event_handler.log_command:Invoking command in '/home/nvidia/gestelt_ws/src/gestelt2/build/linear_mpc_controller': AMENT_PREFIX_PATH=/home/nvidia/gestelt_ws/src/gestelt2/install/gestelt_core:/home/nvidia/gestelt_ws/src/gestelt2/install/occ_map:/home/nvidia/gestelt_ws/src/gestelt2/install/decomp_ros_utils:/home/nvidia/gestelt_ws/src/gestelt2/install/logger_wrapper:/home/nvidia/gestelt_ws/src/gestelt2/install/ikd_tree:/home/nvidia/gestelt_ws/src/gestelt2/install/decomp_util:/home/nvidia/gestelt_ws/src/gestelt2/install/decomp_ros_msgs:/home/nvidia/gestelt_ws/src/gestelt2/install/bonxai:${AMENT_PREFIX_PATH} CMAKE_PREFIX_PATH=/home/nvidia/gestelt_ws/src/gestelt2/install/gestelt_core:/home/nvidia/gestelt_ws/src/gestelt2/install/occ_map:/home/nvidia/gestelt_ws/src/gestelt2/install/decomp_ros_utils:/home/nvidia/gestelt_ws/src/gestelt2/install/logger_wrapper:/home/nvidia/gestelt_ws/src/gestelt2/install/ikd_tree:/home/nvidia/gestelt_ws/src/gestelt2/install/decomp_util:/home/nvidia/gestelt_ws/src/gestelt2/install/decomp_ros_msgs:/home/nvidia/gestelt_ws/src/gestelt2/install/bonxai:/home/nvidia/gestelt_ws/install/gestelt_bringup:/home/nvidia/gestelt_ws/install/trajectory_server:/home/nvidia/gestelt_ws/install/linear_mpc_controller:/home/nvidia/gestelt_ws/install/gestelt_planner:/home/nvidia/gestelt_ws/install/gestelt_controller:/home/nvidia/gestelt_ws/install/astar_planner:/home/nvidia/gestelt_ws/install/gestelt_core:/home/nvidia/gestelt_ws/install/occ_map:/home/nvidia/gestelt_ws/install/logger_wrapper:/home/nvidia/gestelt_ws/install/ikd_tree:/home/nvidia/gestelt_ws/install/gestelt_interfaces:/home/nvidia/gestelt_ws/install/fake_sensor:/home/nvidia/gestelt_ws/install/fake_map:/home/nvidia/gestelt_ws/install/decomp_ros_utils:/home/nvidia/gestelt_ws/install/decomp_util:/home/nvidia/gestelt_ws/install/decomp_ros_msgs:/home/nvidia/gestelt_ws/install/bonxai:/home/nvidia/tl_vision2/install/vrpn_mocap:/home/nvidia/tl_vision2/install/px4_msgs:/home/nvidia/bridge_ws/install/depth2pcl:/home/nvidia/gestelt_ws/install/gestelt_commander:/home/nvidia/tl_vision2/install/vision:/home/nvidia/bridge_ws/install/vilota_bridge:/opt/ros/humble LD_LIBRARY_PATH=/home/nvidia/gestelt_ws/src/gestelt2/install/occ_map/lib:/home/nvidia/gestelt_ws/src/gestelt2/install/decomp_ros_utils/lib:/home/nvidia/gestelt_ws/src/gestelt2/install/logger_wrapper/lib:/home/nvidia/gestelt_ws/src/gestelt2/install/ikd_tree/lib:/home/nvidia/gestelt_ws/src/gestelt2/install/decomp_util/lib:/home/nvidia/gestelt_ws/src/gestelt2/install/decomp_ros_msgs/lib:/home/nvidia/gestelt_ws/src/gestelt2/install/bonxai/lib:${LD_LIBRARY_PATH} PYTHONPATH=/home/nvidia/gestelt_ws/src/gestelt2/install/decomp_ros_msgs/local/lib/python3.10/dist-packages:${PYTHONPATH} /usr/bin/cmake --install /home/nvidia/gestelt_ws/src/gestelt2/build/linear_mpc_controller
[121.573s] Level 1:colcon.colcon_core.environment:create_environment_scripts_only(linear_mpc_controller)
[121.574s] Level 1:colcon.colcon_core.environment:checking '/home/nvidia/gestelt_ws/src/gestelt2/install/linear_mpc_controller' for CMake module files
[121.575s] DEBUG:colcon.colcon_core.event_handler.log_command:Invoked command in '/home/nvidia/gestelt_ws/src/gestelt2/build/linear_mpc_controller' returned '0': AMENT_PREFIX_PATH=/home/nvidia/gestelt_ws/src/gestelt2/install/gestelt_core:/home/nvidia/gestelt_ws/src/gestelt2/install/occ_map:/home/nvidia/gestelt_ws/src/gestelt2/install/decomp_ros_utils:/home/nvidia/gestelt_ws/src/gestelt2/install/logger_wrapper:/home/nvidia/gestelt_ws/src/gestelt2/install/ikd_tree:/home/nvidia/gestelt_ws/src/gestelt2/install/decomp_util:/home/nvidia/gestelt_ws/src/gestelt2/install/decomp_ros_msgs:/home/nvidia/gestelt_ws/src/gestelt2/install/bonxai:${AMENT_PREFIX_PATH} CMAKE_PREFIX_PATH=/home/nvidia/gestelt_ws/src/gestelt2/install/gestelt_core:/home/nvidia/gestelt_ws/src/gestelt2/install/occ_map:/home/nvidia/gestelt_ws/src/gestelt2/install/decomp_ros_utils:/home/nvidia/gestelt_ws/src/gestelt2/install/logger_wrapper:/home/nvidia/gestelt_ws/src/gestelt2/install/ikd_tree:/home/nvidia/gestelt_ws/src/gestelt2/install/decomp_util:/home/nvidia/gestelt_ws/src/gestelt2/install/decomp_ros_msgs:/home/nvidia/gestelt_ws/src/gestelt2/install/bonxai:/home/nvidia/gestelt_ws/install/gestelt_bringup:/home/nvidia/gestelt_ws/install/trajectory_server:/home/nvidia/gestelt_ws/install/linear_mpc_controller:/home/nvidia/gestelt_ws/install/gestelt_planner:/home/nvidia/gestelt_ws/install/gestelt_controller:/home/nvidia/gestelt_ws/install/astar_planner:/home/nvidia/gestelt_ws/install/gestelt_core:/home/nvidia/gestelt_ws/install/occ_map:/home/nvidia/gestelt_ws/install/logger_wrapper:/home/nvidia/gestelt_ws/install/ikd_tree:/home/nvidia/gestelt_ws/install/gestelt_interfaces:/home/nvidia/gestelt_ws/install/fake_sensor:/home/nvidia/gestelt_ws/install/fake_map:/home/nvidia/gestelt_ws/install/decomp_ros_utils:/home/nvidia/gestelt_ws/install/decomp_util:/home/nvidia/gestelt_ws/install/decomp_ros_msgs:/home/nvidia/gestelt_ws/install/bonxai:/home/nvidia/tl_vision2/install/vrpn_mocap:/home/nvidia/tl_vision2/install/px4_msgs:/home/nvidia/bridge_ws/install/depth2pcl:/home/nvidia/gestelt_ws/install/gestelt_commander:/home/nvidia/tl_vision2/install/vision:/home/nvidia/bridge_ws/install/vilota_bridge:/opt/ros/humble LD_LIBRARY_PATH=/home/nvidia/gestelt_ws/src/gestelt2/install/occ_map/lib:/home/nvidia/gestelt_ws/src/gestelt2/install/decomp_ros_utils/lib:/home/nvidia/gestelt_ws/src/gestelt2/install/logger_wrapper/lib:/home/nvidia/gestelt_ws/src/gestelt2/install/ikd_tree/lib:/home/nvidia/gestelt_ws/src/gestelt2/install/decomp_util/lib:/home/nvidia/gestelt_ws/src/gestelt2/install/decomp_ros_msgs/lib:/home/nvidia/gestelt_ws/src/gestelt2/install/bonxai/lib:${LD_LIBRARY_PATH} PYTHONPATH=/home/nvidia/gestelt_ws/src/gestelt2/install/decomp_ros_msgs/local/lib/python3.10/dist-packages:${PYTHONPATH} /usr/bin/cmake --install /home/nvidia/gestelt_ws/src/gestelt2/build/linear_mpc_controller
[121.576s] Level 1:colcon.colcon_core.environment:checking '/home/nvidia/gestelt_ws/src/gestelt2/install/linear_mpc_controller' for CMake config files
[121.577s] Level 1:colcon.colcon_core.shell:create_environment_hook('linear_mpc_controller', 'cmake_prefix_path')
[121.578s] INFO:colcon.colcon_core.shell:Creating environment hook '/home/nvidia/gestelt_ws/src/gestelt2/install/linear_mpc_controller/share/linear_mpc_controller/hook/cmake_prefix_path.ps1'
[121.579s] INFO:colcon.colcon_core.shell:Creating environment descriptor '/home/nvidia/gestelt_ws/src/gestelt2/install/linear_mpc_controller/share/linear_mpc_controller/hook/cmake_prefix_path.dsv'
[121.580s] INFO:colcon.colcon_core.shell:Creating environment hook '/home/nvidia/gestelt_ws/src/gestelt2/install/linear_mpc_controller/share/linear_mpc_controller/hook/cmake_prefix_path.sh'
[121.581s] Level 1:colcon.colcon_core.environment:checking '/home/nvidia/gestelt_ws/src/gestelt2/install/linear_mpc_controller/lib'
[121.582s] Level 1:colcon.colcon_core.shell:create_environment_hook('linear_mpc_controller', 'ld_library_path_lib')
[121.582s] INFO:colcon.colcon_core.shell:Creating environment hook '/home/nvidia/gestelt_ws/src/gestelt2/install/linear_mpc_controller/share/linear_mpc_controller/hook/ld_library_path_lib.ps1'
[121.583s] INFO:colcon.colcon_core.shell:Creating environment descriptor '/home/nvidia/gestelt_ws/src/gestelt2/install/linear_mpc_controller/share/linear_mpc_controller/hook/ld_library_path_lib.dsv'
[121.584s] INFO:colcon.colcon_core.shell:Creating environment hook '/home/nvidia/gestelt_ws/src/gestelt2/install/linear_mpc_controller/share/linear_mpc_controller/hook/ld_library_path_lib.sh'
[121.584s] Level 1:colcon.colcon_core.environment:checking '/home/nvidia/gestelt_ws/src/gestelt2/install/linear_mpc_controller/bin'
[121.584s] Level 1:colcon.colcon_core.environment:checking '/home/nvidia/gestelt_ws/src/gestelt2/install/linear_mpc_controller/lib/pkgconfig/linear_mpc_controller.pc'
[121.585s] Level 1:colcon.colcon_core.environment:checking '/home/nvidia/gestelt_ws/src/gestelt2/install/linear_mpc_controller/lib/python3.10/site-packages'
[121.585s] Level 1:colcon.colcon_core.environment:checking '/home/nvidia/gestelt_ws/src/gestelt2/install/linear_mpc_controller/bin'
[121.586s] INFO:colcon.colcon_core.shell:Creating package script '/home/nvidia/gestelt_ws/src/gestelt2/install/linear_mpc_controller/share/linear_mpc_controller/package.ps1'
[121.587s] INFO:colcon.colcon_core.shell:Creating package descriptor '/home/nvidia/gestelt_ws/src/gestelt2/install/linear_mpc_controller/share/linear_mpc_controller/package.dsv'
[121.588s] INFO:colcon.colcon_core.shell:Creating package script '/home/nvidia/gestelt_ws/src/gestelt2/install/linear_mpc_controller/share/linear_mpc_controller/package.sh'
[121.589s] INFO:colcon.colcon_core.shell:Creating package script '/home/nvidia/gestelt_ws/src/gestelt2/install/linear_mpc_controller/share/linear_mpc_controller/package.bash'
[121.590s] INFO:colcon.colcon_core.shell:Creating package script '/home/nvidia/gestelt_ws/src/gestelt2/install/linear_mpc_controller/share/linear_mpc_controller/package.zsh'
[121.591s] Level 1:colcon.colcon_core.environment:create_file_with_runtime_dependencies(/home/nvidia/gestelt_ws/src/gestelt2/install/linear_mpc_controller/share/colcon-core/packages/linear_mpc_controller)
[121.593s] Level 1:colcon.colcon_core.environment:create_environment_scripts_only(linear_mpc_controller)
[121.593s] Level 1:colcon.colcon_core.environment:checking '/home/nvidia/gestelt_ws/src/gestelt2/install/linear_mpc_controller' for CMake module files
[121.594s] Level 1:colcon.colcon_core.environment:checking '/home/nvidia/gestelt_ws/src/gestelt2/install/linear_mpc_controller' for CMake config files
[121.595s] Level 1:colcon.colcon_core.shell:create_environment_hook('linear_mpc_controller', 'cmake_prefix_path')
[121.596s] INFO:colcon.colcon_core.shell:Creating environment hook '/home/nvidia/gestelt_ws/src/gestelt2/install/linear_mpc_controller/share/linear_mpc_controller/hook/cmake_prefix_path.ps1'
[121.597s] INFO:colcon.colcon_core.shell:Creating environment descriptor '/home/nvidia/gestelt_ws/src/gestelt2/install/linear_mpc_controller/share/linear_mpc_controller/hook/cmake_prefix_path.dsv'
[121.597s] INFO:colcon.colcon_core.shell:Creating environment hook '/home/nvidia/gestelt_ws/src/gestelt2/install/linear_mpc_controller/share/linear_mpc_controller/hook/cmake_prefix_path.sh'
[121.599s] Level 1:colcon.colcon_core.environment:checking '/home/nvidia/gestelt_ws/src/gestelt2/install/linear_mpc_controller/lib'
[121.599s] Level 1:colcon.colcon_core.shell:create_environment_hook('linear_mpc_controller', 'ld_library_path_lib')
[121.599s] INFO:colcon.colcon_core.shell:Creating environment hook '/home/nvidia/gestelt_ws/src/gestelt2/install/linear_mpc_controller/share/linear_mpc_controller/hook/ld_library_path_lib.ps1'
[121.600s] INFO:colcon.colcon_core.shell:Creating environment descriptor '/home/nvidia/gestelt_ws/src/gestelt2/install/linear_mpc_controller/share/linear_mpc_controller/hook/ld_library_path_lib.dsv'
[121.601s] INFO:colcon.colcon_core.shell:Creating environment hook '/home/nvidia/gestelt_ws/src/gestelt2/install/linear_mpc_controller/share/linear_mpc_controller/hook/ld_library_path_lib.sh'
[121.602s] Level 1:colcon.colcon_core.environment:checking '/home/nvidia/gestelt_ws/src/gestelt2/install/linear_mpc_controller/bin'
[121.602s] Level 1:colcon.colcon_core.environment:checking '/home/nvidia/gestelt_ws/src/gestelt2/install/linear_mpc_controller/lib/pkgconfig/linear_mpc_controller.pc'
[121.603s] Level 1:colcon.colcon_core.environment:checking '/home/nvidia/gestelt_ws/src/gestelt2/install/linear_mpc_controller/lib/python3.10/site-packages'
[121.603s] Level 1:colcon.colcon_core.environment:checking '/home/nvidia/gestelt_ws/src/gestelt2/install/linear_mpc_controller/bin'
[121.604s] INFO:colcon.colcon_core.shell:Creating package script '/home/nvidia/gestelt_ws/src/gestelt2/install/linear_mpc_controller/share/linear_mpc_controller/package.ps1'
[121.605s] INFO:colcon.colcon_core.shell:Creating package descriptor '/home/nvidia/gestelt_ws/src/gestelt2/install/linear_mpc_controller/share/linear_mpc_controller/package.dsv'
[121.606s] INFO:colcon.colcon_core.shell:Creating package script '/home/nvidia/gestelt_ws/src/gestelt2/install/linear_mpc_controller/share/linear_mpc_controller/package.sh'
[121.608s] INFO:colcon.colcon_core.shell:Creating package script '/home/nvidia/gestelt_ws/src/gestelt2/install/linear_mpc_controller/share/linear_mpc_controller/package.bash'
[121.609s] INFO:colcon.colcon_core.shell:Creating package script '/home/nvidia/gestelt_ws/src/gestelt2/install/linear_mpc_controller/share/linear_mpc_controller/package.zsh'
[121.610s] Level 1:colcon.colcon_core.environment:create_file_with_runtime_dependencies(/home/nvidia/gestelt_ws/src/gestelt2/install/linear_mpc_controller/share/colcon-core/packages/linear_mpc_controller)
[141.671s] DEBUG:colcon.colcon_core.event_handler.log_command:Invoked command in '/home/nvidia/gestelt_ws/src/gestelt2/build/gestelt_planner' returned '0': AMENT_PREFIX_PATH=/home/nvidia/gestelt_ws/src/gestelt2/install/gestelt_core:/home/nvidia/gestelt_ws/src/gestelt2/install/occ_map:/home/nvidia/gestelt_ws/src/gestelt2/install/logger_wrapper:/home/nvidia/gestelt_ws/src/gestelt2/install/ikd_tree:/home/nvidia/gestelt_ws/src/gestelt2/install/bonxai:${AMENT_PREFIX_PATH} CMAKE_PREFIX_PATH=/home/nvidia/gestelt_ws/src/gestelt2/install/gestelt_core:/home/nvidia/gestelt_ws/src/gestelt2/install/occ_map:/home/nvidia/gestelt_ws/src/gestelt2/install/logger_wrapper:/home/nvidia/gestelt_ws/src/gestelt2/install/ikd_tree:/home/nvidia/gestelt_ws/src/gestelt2/install/bonxai:/home/nvidia/gestelt_ws/install/gestelt_bringup:/home/nvidia/gestelt_ws/install/trajectory_server:/home/nvidia/gestelt_ws/install/linear_mpc_controller:/home/nvidia/gestelt_ws/install/gestelt_planner:/home/nvidia/gestelt_ws/install/gestelt_controller:/home/nvidia/gestelt_ws/install/astar_planner:/home/nvidia/gestelt_ws/install/gestelt_core:/home/nvidia/gestelt_ws/install/occ_map:/home/nvidia/gestelt_ws/install/logger_wrapper:/home/nvidia/gestelt_ws/install/ikd_tree:/home/nvidia/gestelt_ws/install/gestelt_interfaces:/home/nvidia/gestelt_ws/install/fake_sensor:/home/nvidia/gestelt_ws/install/fake_map:/home/nvidia/gestelt_ws/install/decomp_ros_utils:/home/nvidia/gestelt_ws/install/decomp_util:/home/nvidia/gestelt_ws/install/decomp_ros_msgs:/home/nvidia/gestelt_ws/install/bonxai:/home/nvidia/tl_vision2/install/vrpn_mocap:/home/nvidia/tl_vision2/install/px4_msgs:/home/nvidia/bridge_ws/install/depth2pcl:/home/nvidia/gestelt_ws/install/gestelt_commander:/home/nvidia/tl_vision2/install/vision:/home/nvidia/bridge_ws/install/vilota_bridge:/opt/ros/humble LD_LIBRARY_PATH=/home/nvidia/gestelt_ws/src/gestelt2/install/occ_map/lib:/home/nvidia/gestelt_ws/src/gestelt2/install/logger_wrapper/lib:/home/nvidia/gestelt_ws/src/gestelt2/install/ikd_tree/lib:/home/nvidia/gestelt_ws/src/gestelt2/install/bonxai/lib:${LD_LIBRARY_PATH} /usr/bin/cmake --build /home/nvidia/gestelt_ws/src/gestelt2/build/gestelt_planner -- -j8 -l8
[141.678s] DEBUG:colcon.colcon_core.event_handler.log_command:Invoking command in '/home/nvidia/gestelt_ws/src/gestelt2/build/gestelt_planner': AMENT_PREFIX_PATH=/home/nvidia/gestelt_ws/src/gestelt2/install/gestelt_core:/home/nvidia/gestelt_ws/src/gestelt2/install/occ_map:/home/nvidia/gestelt_ws/src/gestelt2/install/logger_wrapper:/home/nvidia/gestelt_ws/src/gestelt2/install/ikd_tree:/home/nvidia/gestelt_ws/src/gestelt2/install/bonxai:${AMENT_PREFIX_PATH} CMAKE_PREFIX_PATH=/home/nvidia/gestelt_ws/src/gestelt2/install/gestelt_core:/home/nvidia/gestelt_ws/src/gestelt2/install/occ_map:/home/nvidia/gestelt_ws/src/gestelt2/install/logger_wrapper:/home/nvidia/gestelt_ws/src/gestelt2/install/ikd_tree:/home/nvidia/gestelt_ws/src/gestelt2/install/bonxai:/home/nvidia/gestelt_ws/install/gestelt_bringup:/home/nvidia/gestelt_ws/install/trajectory_server:/home/nvidia/gestelt_ws/install/linear_mpc_controller:/home/nvidia/gestelt_ws/install/gestelt_planner:/home/nvidia/gestelt_ws/install/gestelt_controller:/home/nvidia/gestelt_ws/install/astar_planner:/home/nvidia/gestelt_ws/install/gestelt_core:/home/nvidia/gestelt_ws/install/occ_map:/home/nvidia/gestelt_ws/install/logger_wrapper:/home/nvidia/gestelt_ws/install/ikd_tree:/home/nvidia/gestelt_ws/install/gestelt_interfaces:/home/nvidia/gestelt_ws/install/fake_sensor:/home/nvidia/gestelt_ws/install/fake_map:/home/nvidia/gestelt_ws/install/decomp_ros_utils:/home/nvidia/gestelt_ws/install/decomp_util:/home/nvidia/gestelt_ws/install/decomp_ros_msgs:/home/nvidia/gestelt_ws/install/bonxai:/home/nvidia/tl_vision2/install/vrpn_mocap:/home/nvidia/tl_vision2/install/px4_msgs:/home/nvidia/bridge_ws/install/depth2pcl:/home/nvidia/gestelt_ws/install/gestelt_commander:/home/nvidia/tl_vision2/install/vision:/home/nvidia/bridge_ws/install/vilota_bridge:/opt/ros/humble LD_LIBRARY_PATH=/home/nvidia/gestelt_ws/src/gestelt2/install/occ_map/lib:/home/nvidia/gestelt_ws/src/gestelt2/install/logger_wrapper/lib:/home/nvidia/gestelt_ws/src/gestelt2/install/ikd_tree/lib:/home/nvidia/gestelt_ws/src/gestelt2/install/bonxai/lib:${LD_LIBRARY_PATH} /usr/bin/cmake --install /home/nvidia/gestelt_ws/src/gestelt2/build/gestelt_planner
[142.433s] Level 1:colcon.colcon_core.environment:create_environment_scripts_only(gestelt_planner)
[142.434s] Level 1:colcon.colcon_core.environment:checking '/home/nvidia/gestelt_ws/src/gestelt2/install/gestelt_planner' for CMake module files
[142.436s] DEBUG:colcon.colcon_core.event_handler.log_command:Invoked command in '/home/nvidia/gestelt_ws/src/gestelt2/build/gestelt_planner' returned '0': AMENT_PREFIX_PATH=/home/nvidia/gestelt_ws/src/gestelt2/install/gestelt_core:/home/nvidia/gestelt_ws/src/gestelt2/install/occ_map:/home/nvidia/gestelt_ws/src/gestelt2/install/logger_wrapper:/home/nvidia/gestelt_ws/src/gestelt2/install/ikd_tree:/home/nvidia/gestelt_ws/src/gestelt2/install/bonxai:${AMENT_PREFIX_PATH} CMAKE_PREFIX_PATH=/home/nvidia/gestelt_ws/src/gestelt2/install/gestelt_core:/home/nvidia/gestelt_ws/src/gestelt2/install/occ_map:/home/nvidia/gestelt_ws/src/gestelt2/install/logger_wrapper:/home/nvidia/gestelt_ws/src/gestelt2/install/ikd_tree:/home/nvidia/gestelt_ws/src/gestelt2/install/bonxai:/home/nvidia/gestelt_ws/install/gestelt_bringup:/home/nvidia/gestelt_ws/install/trajectory_server:/home/nvidia/gestelt_ws/install/linear_mpc_controller:/home/nvidia/gestelt_ws/install/gestelt_planner:/home/nvidia/gestelt_ws/install/gestelt_controller:/home/nvidia/gestelt_ws/install/astar_planner:/home/nvidia/gestelt_ws/install/gestelt_core:/home/nvidia/gestelt_ws/install/occ_map:/home/nvidia/gestelt_ws/install/logger_wrapper:/home/nvidia/gestelt_ws/install/ikd_tree:/home/nvidia/gestelt_ws/install/gestelt_interfaces:/home/nvidia/gestelt_ws/install/fake_sensor:/home/nvidia/gestelt_ws/install/fake_map:/home/nvidia/gestelt_ws/install/decomp_ros_utils:/home/nvidia/gestelt_ws/install/decomp_util:/home/nvidia/gestelt_ws/install/decomp_ros_msgs:/home/nvidia/gestelt_ws/install/bonxai:/home/nvidia/tl_vision2/install/vrpn_mocap:/home/nvidia/tl_vision2/install/px4_msgs:/home/nvidia/bridge_ws/install/depth2pcl:/home/nvidia/gestelt_ws/install/gestelt_commander:/home/nvidia/tl_vision2/install/vision:/home/nvidia/bridge_ws/install/vilota_bridge:/opt/ros/humble LD_LIBRARY_PATH=/home/nvidia/gestelt_ws/src/gestelt2/install/occ_map/lib:/home/nvidia/gestelt_ws/src/gestelt2/install/logger_wrapper/lib:/home/nvidia/gestelt_ws/src/gestelt2/install/ikd_tree/lib:/home/nvidia/gestelt_ws/src/gestelt2/install/bonxai/lib:${LD_LIBRARY_PATH} /usr/bin/cmake --install /home/nvidia/gestelt_ws/src/gestelt2/build/gestelt_planner
[142.438s] Level 1:colcon.colcon_core.environment:checking '/home/nvidia/gestelt_ws/src/gestelt2/install/gestelt_planner' for CMake config files
[142.440s] Level 1:colcon.colcon_core.shell:create_environment_hook('gestelt_planner', 'cmake_prefix_path')
[142.441s] INFO:colcon.colcon_core.shell:Creating environment hook '/home/nvidia/gestelt_ws/src/gestelt2/install/gestelt_planner/share/gestelt_planner/hook/cmake_prefix_path.ps1'
[142.443s] INFO:colcon.colcon_core.shell:Creating environment descriptor '/home/nvidia/gestelt_ws/src/gestelt2/install/gestelt_planner/share/gestelt_planner/hook/cmake_prefix_path.dsv'
[142.444s] INFO:colcon.colcon_core.shell:Creating environment hook '/home/nvidia/gestelt_ws/src/gestelt2/install/gestelt_planner/share/gestelt_planner/hook/cmake_prefix_path.sh'
[142.446s] Level 1:colcon.colcon_core.environment:checking '/home/nvidia/gestelt_ws/src/gestelt2/install/gestelt_planner/lib'
[142.446s] Level 1:colcon.colcon_core.shell:create_environment_hook('gestelt_planner', 'ld_library_path_lib')
[142.447s] INFO:colcon.colcon_core.shell:Creating environment hook '/home/nvidia/gestelt_ws/src/gestelt2/install/gestelt_planner/share/gestelt_planner/hook/ld_library_path_lib.ps1'
[142.448s] INFO:colcon.colcon_core.shell:Creating environment descriptor '/home/nvidia/gestelt_ws/src/gestelt2/install/gestelt_planner/share/gestelt_planner/hook/ld_library_path_lib.dsv'
[142.449s] INFO:colcon.colcon_core.shell:Creating environment hook '/home/nvidia/gestelt_ws/src/gestelt2/install/gestelt_planner/share/gestelt_planner/hook/ld_library_path_lib.sh'
[142.450s] Level 1:colcon.colcon_core.environment:checking '/home/nvidia/gestelt_ws/src/gestelt2/install/gestelt_planner/bin'
[142.450s] Level 1:colcon.colcon_core.environment:checking '/home/nvidia/gestelt_ws/src/gestelt2/install/gestelt_planner/lib/pkgconfig/gestelt_planner.pc'
[142.451s] Level 1:colcon.colcon_core.environment:checking '/home/nvidia/gestelt_ws/src/gestelt2/install/gestelt_planner/lib/python3.10/site-packages'
[142.452s] Level 1:colcon.colcon_core.environment:checking '/home/nvidia/gestelt_ws/src/gestelt2/install/gestelt_planner/bin'
[142.453s] INFO:colcon.colcon_core.shell:Creating package script '/home/nvidia/gestelt_ws/src/gestelt2/install/gestelt_planner/share/gestelt_planner/package.ps1'
[142.454s] INFO:colcon.colcon_core.shell:Creating package descriptor '/home/nvidia/gestelt_ws/src/gestelt2/install/gestelt_planner/share/gestelt_planner/package.dsv'
[142.456s] INFO:colcon.colcon_core.shell:Creating package script '/home/nvidia/gestelt_ws/src/gestelt2/install/gestelt_planner/share/gestelt_planner/package.sh'
[142.457s] INFO:colcon.colcon_core.shell:Creating package script '/home/nvidia/gestelt_ws/src/gestelt2/install/gestelt_planner/share/gestelt_planner/package.bash'
[142.458s] INFO:colcon.colcon_core.shell:Creating package script '/home/nvidia/gestelt_ws/src/gestelt2/install/gestelt_planner/share/gestelt_planner/package.zsh'
[142.458s] Level 1:colcon.colcon_core.environment:create_file_with_runtime_dependencies(/home/nvidia/gestelt_ws/src/gestelt2/install/gestelt_planner/share/colcon-core/packages/gestelt_planner)
[142.461s] Level 1:colcon.colcon_core.environment:create_environment_scripts_only(gestelt_planner)
[142.461s] Level 1:colcon.colcon_core.environment:checking '/home/nvidia/gestelt_ws/src/gestelt2/install/gestelt_planner' for CMake module files
[142.463s] Level 1:colcon.colcon_core.environment:checking '/home/nvidia/gestelt_ws/src/gestelt2/install/gestelt_planner' for CMake config files
[142.464s] Level 1:colcon.colcon_core.shell:create_environment_hook('gestelt_planner', 'cmake_prefix_path')
[142.464s] INFO:colcon.colcon_core.shell:Creating environment hook '/home/nvidia/gestelt_ws/src/gestelt2/install/gestelt_planner/share/gestelt_planner/hook/cmake_prefix_path.ps1'
[142.466s] INFO:colcon.colcon_core.shell:Creating environment descriptor '/home/nvidia/gestelt_ws/src/gestelt2/install/gestelt_planner/share/gestelt_planner/hook/cmake_prefix_path.dsv'
[142.467s] INFO:colcon.colcon_core.shell:Creating environment hook '/home/nvidia/gestelt_ws/src/gestelt2/install/gestelt_planner/share/gestelt_planner/hook/cmake_prefix_path.sh'
[142.468s] Level 1:colcon.colcon_core.environment:checking '/home/nvidia/gestelt_ws/src/gestelt2/install/gestelt_planner/lib'
[142.469s] Level 1:colcon.colcon_core.shell:create_environment_hook('gestelt_planner', 'ld_library_path_lib')
[142.469s] INFO:colcon.colcon_core.shell:Creating environment hook '/home/nvidia/gestelt_ws/src/gestelt2/install/gestelt_planner/share/gestelt_planner/hook/ld_library_path_lib.ps1'
[142.470s] INFO:colcon.colcon_core.shell:Creating environment descriptor '/home/nvidia/gestelt_ws/src/gestelt2/install/gestelt_planner/share/gestelt_planner/hook/ld_library_path_lib.dsv'
[142.471s] INFO:colcon.colcon_core.shell:Creating environment hook '/home/nvidia/gestelt_ws/src/gestelt2/install/gestelt_planner/share/gestelt_planner/hook/ld_library_path_lib.sh'
[142.473s] Level 1:colcon.colcon_core.environment:checking '/home/nvidia/gestelt_ws/src/gestelt2/install/gestelt_planner/bin'
[142.473s] Level 1:colcon.colcon_core.environment:checking '/home/nvidia/gestelt_ws/src/gestelt2/install/gestelt_planner/lib/pkgconfig/gestelt_planner.pc'
[142.474s] Level 1:colcon.colcon_core.environment:checking '/home/nvidia/gestelt_ws/src/gestelt2/install/gestelt_planner/lib/python3.10/site-packages'
[142.474s] Level 1:colcon.colcon_core.environment:checking '/home/nvidia/gestelt_ws/src/gestelt2/install/gestelt_planner/bin'
[142.475s] INFO:colcon.colcon_core.shell:Creating package script '/home/nvidia/gestelt_ws/src/gestelt2/install/gestelt_planner/share/gestelt_planner/package.ps1'
[142.477s] INFO:colcon.colcon_core.shell:Creating package descriptor '/home/nvidia/gestelt_ws/src/gestelt2/install/gestelt_planner/share/gestelt_planner/package.dsv'
[142.479s] INFO:colcon.colcon_core.shell:Creating package script '/home/nvidia/gestelt_ws/src/gestelt2/install/gestelt_planner/share/gestelt_planner/package.sh'
[142.480s] INFO:colcon.colcon_core.shell:Creating package script '/home/nvidia/gestelt_ws/src/gestelt2/install/gestelt_planner/share/gestelt_planner/package.bash'
[142.482s] INFO:colcon.colcon_core.shell:Creating package script '/home/nvidia/gestelt_ws/src/gestelt2/install/gestelt_planner/share/gestelt_planner/package.zsh'
[142.483s] Level 1:colcon.colcon_core.environment:create_file_with_runtime_dependencies(/home/nvidia/gestelt_ws/src/gestelt2/install/gestelt_planner/share/colcon-core/packages/gestelt_planner)
[142.484s] INFO:colcon.colcon_ros.task.ament_cmake.build:Building ROS package in '/home/nvidia/gestelt_ws/src/gestelt2/gestelt_bringup' with build type 'ament_cmake'
[142.485s] INFO:colcon.colcon_cmake.task.cmake.build:Building CMake package in '/home/nvidia/gestelt_ws/src/gestelt2/gestelt_bringup'
[142.486s] INFO:colcon.colcon_core.shell:Skip shell extension 'powershell' for command environment: Not usable outside of PowerShell
[142.486s] DEBUG:colcon.colcon_core.shell:Skip shell extension 'dsv' for command environment
[142.609s] DEBUG:colcon.colcon_core.event_handler.log_command:Invoking command in '/home/nvidia/gestelt_ws/src/gestelt2/build/gestelt_bringup': AMENT_PREFIX_PATH=/home/nvidia/gestelt_ws/src/gestelt2/install/linear_mpc_controller:/home/nvidia/gestelt_ws/src/gestelt2/install/gestelt_planner:/home/nvidia/gestelt_ws/src/gestelt2/install/gestelt_controller:/home/nvidia/gestelt_ws/src/gestelt2/install/astar_planner:/home/nvidia/gestelt_ws/src/gestelt2/install/gestelt_core:/home/nvidia/gestelt_ws/src/gestelt2/install/trajectory_server:/home/nvidia/gestelt_ws/src/gestelt2/install/occ_map:/home/nvidia/gestelt_ws/src/gestelt2/install/decomp_ros_utils:/home/nvidia/gestelt_ws/src/gestelt2/install/logger_wrapper:/home/nvidia/gestelt_ws/src/gestelt2/install/ikd_tree:/home/nvidia/gestelt_ws/src/gestelt2/install/gestelt_interfaces:/home/nvidia/gestelt_ws/src/gestelt2/install/gestelt_commander:/home/nvidia/gestelt_ws/src/gestelt2/install/fake_sensor:/home/nvidia/gestelt_ws/src/gestelt2/install/fake_map:/home/nvidia/gestelt_ws/src/gestelt2/install/decomp_util:/home/nvidia/gestelt_ws/src/gestelt2/install/decomp_ros_msgs:/home/nvidia/gestelt_ws/src/gestelt2/install/bonxai:${AMENT_PREFIX_PATH} CMAKE_PREFIX_PATH=/home/nvidia/gestelt_ws/src/gestelt2/install/linear_mpc_controller:/home/nvidia/gestelt_ws/src/gestelt2/install/gestelt_planner:/home/nvidia/gestelt_ws/src/gestelt2/install/gestelt_controller:/home/nvidia/gestelt_ws/src/gestelt2/install/astar_planner:/home/nvidia/gestelt_ws/src/gestelt2/install/gestelt_core:/home/nvidia/gestelt_ws/src/gestelt2/install/trajectory_server:/home/nvidia/gestelt_ws/src/gestelt2/install/occ_map:/home/nvidia/gestelt_ws/src/gestelt2/install/decomp_ros_utils:/home/nvidia/gestelt_ws/src/gestelt2/install/logger_wrapper:/home/nvidia/gestelt_ws/src/gestelt2/install/ikd_tree:/home/nvidia/gestelt_ws/src/gestelt2/install/gestelt_interfaces:/home/nvidia/gestelt_ws/src/gestelt2/install/fake_sensor:/home/nvidia/gestelt_ws/src/gestelt2/install/fake_map:/home/nvidia/gestelt_ws/src/gestelt2/install/decomp_util:/home/nvidia/gestelt_ws/src/gestelt2/install/decomp_ros_msgs:/home/nvidia/gestelt_ws/src/gestelt2/install/bonxai:/home/nvidia/gestelt_ws/install/gestelt_bringup:/home/nvidia/gestelt_ws/install/trajectory_server:/home/nvidia/gestelt_ws/install/linear_mpc_controller:/home/nvidia/gestelt_ws/install/gestelt_planner:/home/nvidia/gestelt_ws/install/gestelt_controller:/home/nvidia/gestelt_ws/install/astar_planner:/home/nvidia/gestelt_ws/install/gestelt_core:/home/nvidia/gestelt_ws/install/occ_map:/home/nvidia/gestelt_ws/install/logger_wrapper:/home/nvidia/gestelt_ws/install/ikd_tree:/home/nvidia/gestelt_ws/install/gestelt_interfaces:/home/nvidia/gestelt_ws/install/fake_sensor:/home/nvidia/gestelt_ws/install/fake_map:/home/nvidia/gestelt_ws/install/decomp_ros_utils:/home/nvidia/gestelt_ws/install/decomp_util:/home/nvidia/gestelt_ws/install/decomp_ros_msgs:/home/nvidia/gestelt_ws/install/bonxai:/home/nvidia/tl_vision2/install/vrpn_mocap:/home/nvidia/tl_vision2/install/px4_msgs:/home/nvidia/bridge_ws/install/depth2pcl:/home/nvidia/gestelt_ws/install/gestelt_commander:/home/nvidia/tl_vision2/install/vision:/home/nvidia/bridge_ws/install/vilota_bridge:/opt/ros/humble LD_LIBRARY_PATH=/home/nvidia/gestelt_ws/src/gestelt2/install/linear_mpc_controller/lib:/home/nvidia/gestelt_ws/src/gestelt2/install/gestelt_planner/lib:/home/nvidia/gestelt_ws/src/gestelt2/install/gestelt_controller/lib:/home/nvidia/gestelt_ws/src/gestelt2/install/astar_planner/lib:/home/nvidia/gestelt_ws/src/gestelt2/install/occ_map/lib:/home/nvidia/gestelt_ws/src/gestelt2/install/decomp_ros_utils/lib:/home/nvidia/gestelt_ws/src/gestelt2/install/logger_wrapper/lib:/home/nvidia/gestelt_ws/src/gestelt2/install/ikd_tree/lib:/home/nvidia/gestelt_ws/src/gestelt2/install/gestelt_interfaces/lib:/home/nvidia/gestelt_ws/src/gestelt2/install/decomp_util/lib:/home/nvidia/gestelt_ws/src/gestelt2/install/decomp_ros_msgs/lib:/home/nvidia/gestelt_ws/src/gestelt2/install/bonxai/lib:${LD_LIBRARY_PATH} PYTHONPATH=/home/nvidia/gestelt_ws/src/gestelt2/install/gestelt_interfaces/local/lib/python3.10/dist-packages:/home/nvidia/gestelt_ws/src/gestelt2/build/gestelt_commander:/home/nvidia/gestelt_ws/src/gestelt2/install/gestelt_commander/lib/python3.10/site-packages:/home/nvidia/gestelt_ws/src/gestelt2/install/decomp_ros_msgs/local/lib/python3.10/dist-packages:${PYTHONPATH} /usr/bin/cmake --build /home/nvidia/gestelt_ws/src/gestelt2/build/gestelt_bringup -- -j8 -l8
[143.289s] DEBUG:colcon.colcon_core.event_handler.log_command:Invoked command in '/home/nvidia/gestelt_ws/src/gestelt2/build/gestelt_bringup' returned '0': AMENT_PREFIX_PATH=/home/nvidia/gestelt_ws/src/gestelt2/install/linear_mpc_controller:/home/nvidia/gestelt_ws/src/gestelt2/install/gestelt_planner:/home/nvidia/gestelt_ws/src/gestelt2/install/gestelt_controller:/home/nvidia/gestelt_ws/src/gestelt2/install/astar_planner:/home/nvidia/gestelt_ws/src/gestelt2/install/gestelt_core:/home/nvidia/gestelt_ws/src/gestelt2/install/trajectory_server:/home/nvidia/gestelt_ws/src/gestelt2/install/occ_map:/home/nvidia/gestelt_ws/src/gestelt2/install/decomp_ros_utils:/home/nvidia/gestelt_ws/src/gestelt2/install/logger_wrapper:/home/nvidia/gestelt_ws/src/gestelt2/install/ikd_tree:/home/nvidia/gestelt_ws/src/gestelt2/install/gestelt_interfaces:/home/nvidia/gestelt_ws/src/gestelt2/install/gestelt_commander:/home/nvidia/gestelt_ws/src/gestelt2/install/fake_sensor:/home/nvidia/gestelt_ws/src/gestelt2/install/fake_map:/home/nvidia/gestelt_ws/src/gestelt2/install/decomp_util:/home/nvidia/gestelt_ws/src/gestelt2/install/decomp_ros_msgs:/home/nvidia/gestelt_ws/src/gestelt2/install/bonxai:${AMENT_PREFIX_PATH} CMAKE_PREFIX_PATH=/home/nvidia/gestelt_ws/src/gestelt2/install/linear_mpc_controller:/home/nvidia/gestelt_ws/src/gestelt2/install/gestelt_planner:/home/nvidia/gestelt_ws/src/gestelt2/install/gestelt_controller:/home/nvidia/gestelt_ws/src/gestelt2/install/astar_planner:/home/nvidia/gestelt_ws/src/gestelt2/install/gestelt_core:/home/nvidia/gestelt_ws/src/gestelt2/install/trajectory_server:/home/nvidia/gestelt_ws/src/gestelt2/install/occ_map:/home/nvidia/gestelt_ws/src/gestelt2/install/decomp_ros_utils:/home/nvidia/gestelt_ws/src/gestelt2/install/logger_wrapper:/home/nvidia/gestelt_ws/src/gestelt2/install/ikd_tree:/home/nvidia/gestelt_ws/src/gestelt2/install/gestelt_interfaces:/home/nvidia/gestelt_ws/src/gestelt2/install/fake_sensor:/home/nvidia/gestelt_ws/src/gestelt2/install/fake_map:/home/nvidia/gestelt_ws/src/gestelt2/install/decomp_util:/home/nvidia/gestelt_ws/src/gestelt2/install/decomp_ros_msgs:/home/nvidia/gestelt_ws/src/gestelt2/install/bonxai:/home/nvidia/gestelt_ws/install/gestelt_bringup:/home/nvidia/gestelt_ws/install/trajectory_server:/home/nvidia/gestelt_ws/install/linear_mpc_controller:/home/nvidia/gestelt_ws/install/gestelt_planner:/home/nvidia/gestelt_ws/install/gestelt_controller:/home/nvidia/gestelt_ws/install/astar_planner:/home/nvidia/gestelt_ws/install/gestelt_core:/home/nvidia/gestelt_ws/install/occ_map:/home/nvidia/gestelt_ws/install/logger_wrapper:/home/nvidia/gestelt_ws/install/ikd_tree:/home/nvidia/gestelt_ws/install/gestelt_interfaces:/home/nvidia/gestelt_ws/install/fake_sensor:/home/nvidia/gestelt_ws/install/fake_map:/home/nvidia/gestelt_ws/install/decomp_ros_utils:/home/nvidia/gestelt_ws/install/decomp_util:/home/nvidia/gestelt_ws/install/decomp_ros_msgs:/home/nvidia/gestelt_ws/install/bonxai:/home/nvidia/tl_vision2/install/vrpn_mocap:/home/nvidia/tl_vision2/install/px4_msgs:/home/nvidia/bridge_ws/install/depth2pcl:/home/nvidia/gestelt_ws/install/gestelt_commander:/home/nvidia/tl_vision2/install/vision:/home/nvidia/bridge_ws/install/vilota_bridge:/opt/ros/humble LD_LIBRARY_PATH=/home/nvidia/gestelt_ws/src/gestelt2/install/linear_mpc_controller/lib:/home/nvidia/gestelt_ws/src/gestelt2/install/gestelt_planner/lib:/home/nvidia/gestelt_ws/src/gestelt2/install/gestelt_controller/lib:/home/nvidia/gestelt_ws/src/gestelt2/install/astar_planner/lib:/home/nvidia/gestelt_ws/src/gestelt2/install/occ_map/lib:/home/nvidia/gestelt_ws/src/gestelt2/install/decomp_ros_utils/lib:/home/nvidia/gestelt_ws/src/gestelt2/install/logger_wrapper/lib:/home/nvidia/gestelt_ws/src/gestelt2/install/ikd_tree/lib:/home/nvidia/gestelt_ws/src/gestelt2/install/gestelt_interfaces/lib:/home/nvidia/gestelt_ws/src/gestelt2/install/decomp_util/lib:/home/nvidia/gestelt_ws/src/gestelt2/install/decomp_ros_msgs/lib:/home/nvidia/gestelt_ws/src/gestelt2/install/bonxai/lib:${LD_LIBRARY_PATH} PYTHONPATH=/home/nvidia/gestelt_ws/src/gestelt2/install/gestelt_interfaces/local/lib/python3.10/dist-packages:/home/nvidia/gestelt_ws/src/gestelt2/build/gestelt_commander:/home/nvidia/gestelt_ws/src/gestelt2/install/gestelt_commander/lib/python3.10/site-packages:/home/nvidia/gestelt_ws/src/gestelt2/install/decomp_ros_msgs/local/lib/python3.10/dist-packages:${PYTHONPATH} /usr/bin/cmake --build /home/nvidia/gestelt_ws/src/gestelt2/build/gestelt_bringup -- -j8 -l8
[143.295s] DEBUG:colcon.colcon_core.event_handler.log_command:Invoking command in '/home/nvidia/gestelt_ws/src/gestelt2/build/gestelt_bringup': AMENT_PREFIX_PATH=/home/nvidia/gestelt_ws/src/gestelt2/install/linear_mpc_controller:/home/nvidia/gestelt_ws/src/gestelt2/install/gestelt_planner:/home/nvidia/gestelt_ws/src/gestelt2/install/gestelt_controller:/home/nvidia/gestelt_ws/src/gestelt2/install/astar_planner:/home/nvidia/gestelt_ws/src/gestelt2/install/gestelt_core:/home/nvidia/gestelt_ws/src/gestelt2/install/trajectory_server:/home/nvidia/gestelt_ws/src/gestelt2/install/occ_map:/home/nvidia/gestelt_ws/src/gestelt2/install/decomp_ros_utils:/home/nvidia/gestelt_ws/src/gestelt2/install/logger_wrapper:/home/nvidia/gestelt_ws/src/gestelt2/install/ikd_tree:/home/nvidia/gestelt_ws/src/gestelt2/install/gestelt_interfaces:/home/nvidia/gestelt_ws/src/gestelt2/install/gestelt_commander:/home/nvidia/gestelt_ws/src/gestelt2/install/fake_sensor:/home/nvidia/gestelt_ws/src/gestelt2/install/fake_map:/home/nvidia/gestelt_ws/src/gestelt2/install/decomp_util:/home/nvidia/gestelt_ws/src/gestelt2/install/decomp_ros_msgs:/home/nvidia/gestelt_ws/src/gestelt2/install/bonxai:${AMENT_PREFIX_PATH} CMAKE_PREFIX_PATH=/home/nvidia/gestelt_ws/src/gestelt2/install/linear_mpc_controller:/home/nvidia/gestelt_ws/src/gestelt2/install/gestelt_planner:/home/nvidia/gestelt_ws/src/gestelt2/install/gestelt_controller:/home/nvidia/gestelt_ws/src/gestelt2/install/astar_planner:/home/nvidia/gestelt_ws/src/gestelt2/install/gestelt_core:/home/nvidia/gestelt_ws/src/gestelt2/install/trajectory_server:/home/nvidia/gestelt_ws/src/gestelt2/install/occ_map:/home/nvidia/gestelt_ws/src/gestelt2/install/decomp_ros_utils:/home/nvidia/gestelt_ws/src/gestelt2/install/logger_wrapper:/home/nvidia/gestelt_ws/src/gestelt2/install/ikd_tree:/home/nvidia/gestelt_ws/src/gestelt2/install/gestelt_interfaces:/home/nvidia/gestelt_ws/src/gestelt2/install/fake_sensor:/home/nvidia/gestelt_ws/src/gestelt2/install/fake_map:/home/nvidia/gestelt_ws/src/gestelt2/install/decomp_util:/home/nvidia/gestelt_ws/src/gestelt2/install/decomp_ros_msgs:/home/nvidia/gestelt_ws/src/gestelt2/install/bonxai:/home/nvidia/gestelt_ws/install/gestelt_bringup:/home/nvidia/gestelt_ws/install/trajectory_server:/home/nvidia/gestelt_ws/install/linear_mpc_controller:/home/nvidia/gestelt_ws/install/gestelt_planner:/home/nvidia/gestelt_ws/install/gestelt_controller:/home/nvidia/gestelt_ws/install/astar_planner:/home/nvidia/gestelt_ws/install/gestelt_core:/home/nvidia/gestelt_ws/install/occ_map:/home/nvidia/gestelt_ws/install/logger_wrapper:/home/nvidia/gestelt_ws/install/ikd_tree:/home/nvidia/gestelt_ws/install/gestelt_interfaces:/home/nvidia/gestelt_ws/install/fake_sensor:/home/nvidia/gestelt_ws/install/fake_map:/home/nvidia/gestelt_ws/install/decomp_ros_utils:/home/nvidia/gestelt_ws/install/decomp_util:/home/nvidia/gestelt_ws/install/decomp_ros_msgs:/home/nvidia/gestelt_ws/install/bonxai:/home/nvidia/tl_vision2/install/vrpn_mocap:/home/nvidia/tl_vision2/install/px4_msgs:/home/nvidia/bridge_ws/install/depth2pcl:/home/nvidia/gestelt_ws/install/gestelt_commander:/home/nvidia/tl_vision2/install/vision:/home/nvidia/bridge_ws/install/vilota_bridge:/opt/ros/humble LD_LIBRARY_PATH=/home/nvidia/gestelt_ws/src/gestelt2/install/linear_mpc_controller/lib:/home/nvidia/gestelt_ws/src/gestelt2/install/gestelt_planner/lib:/home/nvidia/gestelt_ws/src/gestelt2/install/gestelt_controller/lib:/home/nvidia/gestelt_ws/src/gestelt2/install/astar_planner/lib:/home/nvidia/gestelt_ws/src/gestelt2/install/occ_map/lib:/home/nvidia/gestelt_ws/src/gestelt2/install/decomp_ros_utils/lib:/home/nvidia/gestelt_ws/src/gestelt2/install/logger_wrapper/lib:/home/nvidia/gestelt_ws/src/gestelt2/install/ikd_tree/lib:/home/nvidia/gestelt_ws/src/gestelt2/install/gestelt_interfaces/lib:/home/nvidia/gestelt_ws/src/gestelt2/install/decomp_util/lib:/home/nvidia/gestelt_ws/src/gestelt2/install/decomp_ros_msgs/lib:/home/nvidia/gestelt_ws/src/gestelt2/install/bonxai/lib:${LD_LIBRARY_PATH} PYTHONPATH=/home/nvidia/gestelt_ws/src/gestelt2/install/gestelt_interfaces/local/lib/python3.10/dist-packages:/home/nvidia/gestelt_ws/src/gestelt2/build/gestelt_commander:/home/nvidia/gestelt_ws/src/gestelt2/install/gestelt_commander/lib/python3.10/site-packages:/home/nvidia/gestelt_ws/src/gestelt2/install/decomp_ros_msgs/local/lib/python3.10/dist-packages:${PYTHONPATH} /usr/bin/cmake --install /home/nvidia/gestelt_ws/src/gestelt2/build/gestelt_bringup
[144.628s] Level 1:colcon.colcon_core.environment:create_environment_scripts_only(gestelt_bringup)
[144.630s] Level 1:colcon.colcon_core.environment:checking '/home/nvidia/gestelt_ws/src/gestelt2/install/gestelt_bringup' for CMake module files
[144.632s] DEBUG:colcon.colcon_core.event_handler.log_command:Invoked command in '/home/nvidia/gestelt_ws/src/gestelt2/build/gestelt_bringup' returned '0': AMENT_PREFIX_PATH=/home/nvidia/gestelt_ws/src/gestelt2/install/linear_mpc_controller:/home/nvidia/gestelt_ws/src/gestelt2/install/gestelt_planner:/home/nvidia/gestelt_ws/src/gestelt2/install/gestelt_controller:/home/nvidia/gestelt_ws/src/gestelt2/install/astar_planner:/home/nvidia/gestelt_ws/src/gestelt2/install/gestelt_core:/home/nvidia/gestelt_ws/src/gestelt2/install/trajectory_server:/home/nvidia/gestelt_ws/src/gestelt2/install/occ_map:/home/nvidia/gestelt_ws/src/gestelt2/install/decomp_ros_utils:/home/nvidia/gestelt_ws/src/gestelt2/install/logger_wrapper:/home/nvidia/gestelt_ws/src/gestelt2/install/ikd_tree:/home/nvidia/gestelt_ws/src/gestelt2/install/gestelt_interfaces:/home/nvidia/gestelt_ws/src/gestelt2/install/gestelt_commander:/home/nvidia/gestelt_ws/src/gestelt2/install/fake_sensor:/home/nvidia/gestelt_ws/src/gestelt2/install/fake_map:/home/nvidia/gestelt_ws/src/gestelt2/install/decomp_util:/home/nvidia/gestelt_ws/src/gestelt2/install/decomp_ros_msgs:/home/nvidia/gestelt_ws/src/gestelt2/install/bonxai:${AMENT_PREFIX_PATH} CMAKE_PREFIX_PATH=/home/nvidia/gestelt_ws/src/gestelt2/install/linear_mpc_controller:/home/nvidia/gestelt_ws/src/gestelt2/install/gestelt_planner:/home/nvidia/gestelt_ws/src/gestelt2/install/gestelt_controller:/home/nvidia/gestelt_ws/src/gestelt2/install/astar_planner:/home/nvidia/gestelt_ws/src/gestelt2/install/gestelt_core:/home/nvidia/gestelt_ws/src/gestelt2/install/trajectory_server:/home/nvidia/gestelt_ws/src/gestelt2/install/occ_map:/home/nvidia/gestelt_ws/src/gestelt2/install/decomp_ros_utils:/home/nvidia/gestelt_ws/src/gestelt2/install/logger_wrapper:/home/nvidia/gestelt_ws/src/gestelt2/install/ikd_tree:/home/nvidia/gestelt_ws/src/gestelt2/install/gestelt_interfaces:/home/nvidia/gestelt_ws/src/gestelt2/install/fake_sensor:/home/nvidia/gestelt_ws/src/gestelt2/install/fake_map:/home/nvidia/gestelt_ws/src/gestelt2/install/decomp_util:/home/nvidia/gestelt_ws/src/gestelt2/install/decomp_ros_msgs:/home/nvidia/gestelt_ws/src/gestelt2/install/bonxai:/home/nvidia/gestelt_ws/install/gestelt_bringup:/home/nvidia/gestelt_ws/install/trajectory_server:/home/nvidia/gestelt_ws/install/linear_mpc_controller:/home/nvidia/gestelt_ws/install/gestelt_planner:/home/nvidia/gestelt_ws/install/gestelt_controller:/home/nvidia/gestelt_ws/install/astar_planner:/home/nvidia/gestelt_ws/install/gestelt_core:/home/nvidia/gestelt_ws/install/occ_map:/home/nvidia/gestelt_ws/install/logger_wrapper:/home/nvidia/gestelt_ws/install/ikd_tree:/home/nvidia/gestelt_ws/install/gestelt_interfaces:/home/nvidia/gestelt_ws/install/fake_sensor:/home/nvidia/gestelt_ws/install/fake_map:/home/nvidia/gestelt_ws/install/decomp_ros_utils:/home/nvidia/gestelt_ws/install/decomp_util:/home/nvidia/gestelt_ws/install/decomp_ros_msgs:/home/nvidia/gestelt_ws/install/bonxai:/home/nvidia/tl_vision2/install/vrpn_mocap:/home/nvidia/tl_vision2/install/px4_msgs:/home/nvidia/bridge_ws/install/depth2pcl:/home/nvidia/gestelt_ws/install/gestelt_commander:/home/nvidia/tl_vision2/install/vision:/home/nvidia/bridge_ws/install/vilota_bridge:/opt/ros/humble LD_LIBRARY_PATH=/home/nvidia/gestelt_ws/src/gestelt2/install/linear_mpc_controller/lib:/home/nvidia/gestelt_ws/src/gestelt2/install/gestelt_planner/lib:/home/nvidia/gestelt_ws/src/gestelt2/install/gestelt_controller/lib:/home/nvidia/gestelt_ws/src/gestelt2/install/astar_planner/lib:/home/nvidia/gestelt_ws/src/gestelt2/install/occ_map/lib:/home/nvidia/gestelt_ws/src/gestelt2/install/decomp_ros_utils/lib:/home/nvidia/gestelt_ws/src/gestelt2/install/logger_wrapper/lib:/home/nvidia/gestelt_ws/src/gestelt2/install/ikd_tree/lib:/home/nvidia/gestelt_ws/src/gestelt2/install/gestelt_interfaces/lib:/home/nvidia/gestelt_ws/src/gestelt2/install/decomp_util/lib:/home/nvidia/gestelt_ws/src/gestelt2/install/decomp_ros_msgs/lib:/home/nvidia/gestelt_ws/src/gestelt2/install/bonxai/lib:${LD_LIBRARY_PATH} PYTHONPATH=/home/nvidia/gestelt_ws/src/gestelt2/install/gestelt_interfaces/local/lib/python3.10/dist-packages:/home/nvidia/gestelt_ws/src/gestelt2/build/gestelt_commander:/home/nvidia/gestelt_ws/src/gestelt2/install/gestelt_commander/lib/python3.10/site-packages:/home/nvidia/gestelt_ws/src/gestelt2/install/decomp_ros_msgs/local/lib/python3.10/dist-packages:${PYTHONPATH} /usr/bin/cmake --install /home/nvidia/gestelt_ws/src/gestelt2/build/gestelt_bringup
[144.633s] Level 1:colcon.colcon_core.environment:checking '/home/nvidia/gestelt_ws/src/gestelt2/install/gestelt_bringup' for CMake config files
[144.636s] Level 1:colcon.colcon_core.shell:create_environment_hook('gestelt_bringup', 'cmake_prefix_path')
[144.637s] INFO:colcon.colcon_core.shell:Creating environment hook '/home/nvidia/gestelt_ws/src/gestelt2/install/gestelt_bringup/share/gestelt_bringup/hook/cmake_prefix_path.ps1'
[144.639s] INFO:colcon.colcon_core.shell:Creating environment descriptor '/home/nvidia/gestelt_ws/src/gestelt2/install/gestelt_bringup/share/gestelt_bringup/hook/cmake_prefix_path.dsv'
[144.641s] INFO:colcon.colcon_core.shell:Creating environment hook '/home/nvidia/gestelt_ws/src/gestelt2/install/gestelt_bringup/share/gestelt_bringup/hook/cmake_prefix_path.sh'
[144.643s] Level 1:colcon.colcon_core.environment:checking '/home/nvidia/gestelt_ws/src/gestelt2/install/gestelt_bringup/bin'
[144.644s] Level 1:colcon.colcon_core.environment:checking '/home/nvidia/gestelt_ws/src/gestelt2/install/gestelt_bringup/lib/pkgconfig/gestelt_bringup.pc'
[144.644s] Level 1:colcon.colcon_core.environment:checking '/home/nvidia/gestelt_ws/src/gestelt2/install/gestelt_bringup/lib/python3.10/site-packages'
[144.645s] Level 1:colcon.colcon_core.environment:checking '/home/nvidia/gestelt_ws/src/gestelt2/install/gestelt_bringup/bin'
[144.646s] INFO:colcon.colcon_core.shell:Creating package script '/home/nvidia/gestelt_ws/src/gestelt2/install/gestelt_bringup/share/gestelt_bringup/package.ps1'
[144.648s] INFO:colcon.colcon_core.shell:Creating package descriptor '/home/nvidia/gestelt_ws/src/gestelt2/install/gestelt_bringup/share/gestelt_bringup/package.dsv'
[144.650s] INFO:colcon.colcon_core.shell:Creating package script '/home/nvidia/gestelt_ws/src/gestelt2/install/gestelt_bringup/share/gestelt_bringup/package.sh'
[144.651s] INFO:colcon.colcon_core.shell:Creating package script '/home/nvidia/gestelt_ws/src/gestelt2/install/gestelt_bringup/share/gestelt_bringup/package.bash'
[144.652s] INFO:colcon.colcon_core.shell:Creating package script '/home/nvidia/gestelt_ws/src/gestelt2/install/gestelt_bringup/share/gestelt_bringup/package.zsh'
[144.653s] Level 1:colcon.colcon_core.environment:create_file_with_runtime_dependencies(/home/nvidia/gestelt_ws/src/gestelt2/install/gestelt_bringup/share/colcon-core/packages/gestelt_bringup)
[144.656s] Level 1:colcon.colcon_core.environment:create_environment_scripts_only(gestelt_bringup)
[144.657s] Level 1:colcon.colcon_core.environment:checking '/home/nvidia/gestelt_ws/src/gestelt2/install/gestelt_bringup' for CMake module files
[144.658s] Level 1:colcon.colcon_core.environment:checking '/home/nvidia/gestelt_ws/src/gestelt2/install/gestelt_bringup' for CMake config files
[144.661s] Level 1:colcon.colcon_core.shell:create_environment_hook('gestelt_bringup', 'cmake_prefix_path')
[144.662s] INFO:colcon.colcon_core.shell:Creating environment hook '/home/nvidia/gestelt_ws/src/gestelt2/install/gestelt_bringup/share/gestelt_bringup/hook/cmake_prefix_path.ps1'
[144.663s] INFO:colcon.colcon_core.shell:Creating environment descriptor '/home/nvidia/gestelt_ws/src/gestelt2/install/gestelt_bringup/share/gestelt_bringup/hook/cmake_prefix_path.dsv'
[144.665s] INFO:colcon.colcon_core.shell:Creating environment hook '/home/nvidia/gestelt_ws/src/gestelt2/install/gestelt_bringup/share/gestelt_bringup/hook/cmake_prefix_path.sh'
[144.667s] Level 1:colcon.colcon_core.environment:checking '/home/nvidia/gestelt_ws/src/gestelt2/install/gestelt_bringup/bin'
[144.667s] Level 1:colcon.colcon_core.environment:checking '/home/nvidia/gestelt_ws/src/gestelt2/install/gestelt_bringup/lib/pkgconfig/gestelt_bringup.pc'
[144.668s] Level 1:colcon.colcon_core.environment:checking '/home/nvidia/gestelt_ws/src/gestelt2/install/gestelt_bringup/lib/python3.10/site-packages'
[144.669s] Level 1:colcon.colcon_core.environment:checking '/home/nvidia/gestelt_ws/src/gestelt2/install/gestelt_bringup/bin'
[144.670s] INFO:colcon.colcon_core.shell:Creating package script '/home/nvidia/gestelt_ws/src/gestelt2/install/gestelt_bringup/share/gestelt_bringup/package.ps1'
[144.672s] INFO:colcon.colcon_core.shell:Creating package descriptor '/home/nvidia/gestelt_ws/src/gestelt2/install/gestelt_bringup/share/gestelt_bringup/package.dsv'
[144.673s] INFO:colcon.colcon_core.shell:Creating package script '/home/nvidia/gestelt_ws/src/gestelt2/install/gestelt_bringup/share/gestelt_bringup/package.sh'
[144.675s] INFO:colcon.colcon_core.shell:Creating package script '/home/nvidia/gestelt_ws/src/gestelt2/install/gestelt_bringup/share/gestelt_bringup/package.bash'
[144.677s] INFO:colcon.colcon_core.shell:Creating package script '/home/nvidia/gestelt_ws/src/gestelt2/install/gestelt_bringup/share/gestelt_bringup/package.zsh'
[144.678s] Level 1:colcon.colcon_core.environment:create_file_with_runtime_dependencies(/home/nvidia/gestelt_ws/src/gestelt2/install/gestelt_bringup/share/colcon-core/packages/gestelt_bringup)
[144.679s] DEBUG:colcon.colcon_parallel_executor.executor.parallel:closing loop
[144.680s] DEBUG:colcon.colcon_parallel_executor.executor.parallel:loop closed
[144.681s] DEBUG:colcon.colcon_parallel_executor.executor.parallel:run_until_complete finished with '0'
[144.681s] DEBUG:colcon.colcon_core.event_reactor:joining thread
[144.705s] INFO:colcon.colcon_core.plugin_system:Skipping extension 'colcon_notification.desktop_notification.terminal_notifier': Not used on non-Darwin systems
[144.705s] INFO:colcon.colcon_core.plugin_system:Skipping extension 'colcon_notification.desktop_notification.win32': Not used on non-Windows systems
[144.706s] INFO:colcon.colcon_notification.desktop_notification:Sending desktop notification using 'notify2'
[144.750s] DEBUG:colcon.colcon_core.event_reactor:joined thread
[144.751s] INFO:colcon.colcon_core.shell:Creating prefix script '/home/nvidia/gestelt_ws/src/gestelt2/install/local_setup.ps1'
[144.756s] INFO:colcon.colcon_core.shell:Creating prefix util module '/home/nvidia/gestelt_ws/src/gestelt2/install/_local_setup_util_ps1.py'
[144.761s] INFO:colcon.colcon_core.shell:Creating prefix chain script '/home/nvidia/gestelt_ws/src/gestelt2/install/setup.ps1'
[144.769s] INFO:colcon.colcon_core.shell:Creating prefix script '/home/nvidia/gestelt_ws/src/gestelt2/install/local_setup.sh'
[144.771s] INFO:colcon.colcon_core.shell:Creating prefix util module '/home/nvidia/gestelt_ws/src/gestelt2/install/_local_setup_util_sh.py'
[144.773s] INFO:colcon.colcon_core.shell:Creating prefix chain script '/home/nvidia/gestelt_ws/src/gestelt2/install/setup.sh'
[144.781s] INFO:colcon.colcon_core.shell:Creating prefix script '/home/nvidia/gestelt_ws/src/gestelt2/install/local_setup.bash'
[144.783s] INFO:colcon.colcon_core.shell:Creating prefix chain script '/home/nvidia/gestelt_ws/src/gestelt2/install/setup.bash'
[144.791s] INFO:colcon.colcon_core.shell:Creating prefix script '/home/nvidia/gestelt_ws/src/gestelt2/install/local_setup.zsh'
[144.792s] INFO:colcon.colcon_core.shell:Creating prefix chain script '/home/nvidia/gestelt_ws/src/gestelt2/install/setup.zsh'
