{
    "a_star_path": [
        {
            "point": [
                -6.0,
                -6.0,
                1.2
            ],
            "time": [
                0.0
            ]
        },
        {
            "point": [
                -0.8999999999999995,
                -1.8999999999999995,
                1.2
            ],
            "time": [
                77.0
            ]
        },
        {
            "point": [
                6.0,
                5.200000000000001,
                1.2
            ],
            "time": [
                163.0
            ]
        },
        {
            "point": [
                6.0,
                6.0,
                1.2
            ],
            "time": [
                171.0
            ]
        }
    ],
    "map": "map0"
}
